id,tenure_months,monthly_charge,contract,internet,tech_support,online_security,streaming_tv,paperless,payment,senior,partner,dependents,phone_lines,support_calls,late_payments,data_gb,referred,region,churn
T02624,3,49.2,month-to-month,fibre,no,yes,yes,yes,card,1,no,no,3,2,0,15,no,south,yes
T03283,51,105.9,month-to-month,fibre,yes,no,no,no,card,0,no,no,0,0,0,61,no,islands,no
T04579,66,81.3,month-to-month,fibre,no,no,yes,yes,mailed check,0,no,no,3,0,0,39,yes,north,no
T03020,112,105.4,one-year,dsl,no,no,no,no,card,0,yes,no,0,2,0,88,no,islands,no
T00010,12,23.3,one-year,dsl,no,no,no,no,e-check,0,yes,no,0,2,0,81,no,islands,no
T00768,16,65.1,one-year,none,yes,no,no,yes,mailed check,0,no,no,2,0,1,109,no,south,no
T01935,114,72.1,one-year,none,no,no,no,no,bank transfer,0,no,no,2,0,1,36,no,islands,no
T06412,17,94.9,one-year,dsl,no,no,yes,yes,card,0,no,no,1,2,0,84,no,north,no
T05558,1,86.2,one-year,fibre,no,yes,no,yes,card,0,no,yes,2,1,0,114,yes,centre,no
T03974,6,79.4,month-to-month,fibre,no,no,yes,yes,e-check,0,no,no,2,1,0,133,no,south,yes
T01353,5,83.8,one-year,dsl,no,no,no,yes,e-check,0,no,yes,1,0,0,123,no,centre,no
T06327,8,59.6,one-year,fibre,yes,no,yes,no,bank transfer,0,yes,no,3,0,0,11,no,north,no
T02310,4,85.5,month-to-month,none,yes,no,no,no,card,0,no,no,2,0,0,81,yes,centre,no
T01266,92,37.5,month-to-month,fibre,no,yes,yes,yes,e-check,1,yes,no,1,1,0,31,no,south,yes
T00910,56,28.6,month-to-month,dsl,no,yes,yes,yes,mailed check,0,no,no,3,0,2,99,yes,islands,no
T02175,18,56.1,one-year,fibre,no,no,yes,yes,mailed check,0,yes,yes,1,0,1,47,no,north,no
T00979,18,83.9,month-to-month,fibre,no,yes,yes,no,e-check,0,no,no,2,0,0,89,no,north,yes
T02369,34,55.1,one-year,none,no,no,no,no,mailed check,0,yes,yes,1,0,0,182,no,south,no
T04542,10,29.9,month-to-month,dsl,yes,yes,yes,yes,mailed check,1,no,no,1,1,1,20,no,north,no
T04602,4,99.2,month-to-month,dsl,yes,no,no,yes,mailed check,0,no,no,1,0,0,129,no,islands,no
T01820,20,65.1,month-to-month,fibre,no,no,yes,yes,mailed check,0,no,no,2,0,0,81,no,islands,no
T00192,2,84.2,month-to-month,fibre,no,yes,yes,no,e-check,0,no,no,1,1,0,49,no,south,yes
T06508,37,23,month-to-month,fibre,no,yes,yes,no,mailed check,0,no,yes,1,2,0,59,no,islands,yes
T02209,10,55.8,month-to-month,none,no,no,yes,no,mailed check,0,no,no,2,0,0,76,yes,centre,no
T01056,43,25.5,month-to-month,fibre,no,no,no,yes,e-check,0,no,yes,2,0,0,124,no,north,no
T05522,21,25,month-to-month,dsl,yes,no,no,yes,card,0,no,no,1,1,0,66,no,south,no
T06295,27,48.4,month-to-month,fibre,no,yes,no,yes,bank transfer,0,no,yes,1,1,0,61,no,islands,no
T06395,29,97.9,month-to-month,dsl,yes,yes,yes,yes,card,0,yes,no,1,0,2,32,no,south,no
T03774,7,57.4,month-to-month,fibre,no,yes,yes,yes,e-check,0,yes,no,2,1,0,61,no,south,yes
T04373,16,93.9,month-to-month,fibre,no,yes,yes,yes,mailed check,0,no,no,1,0,0,43,no,islands,no
T02096,16,31.2,month-to-month,none,no,yes,no,no,card,0,yes,yes,1,0,0,56,no,north,no
T00082,11,90.5,two-year,fibre,no,no,yes,yes,mailed check,1,yes,no,1,0,0,33,no,centre,yes
T00054,35,106.7,month-to-month,fibre,no,no,yes,yes,e-check,0,yes,no,2,1,1,99,no,north,yes
T01945,33,54.2,month-to-month,fibre,no,no,yes,yes,e-check,1,no,yes,3,0,0,46,no,islands,yes
T05668,27,66.8,month-to-month,dsl,no,no,no,no,mailed check,0,yes,no,1,0,0,35,no,south,no
T00952,5,72.9,two-year,fibre,no,no,no,no,e-check,0,no,no,2,2,0,81,yes,islands,no
T03539,15,90.5,month-to-month,none,yes,no,yes,yes,card,0,yes,yes,0,0,0,34,no,islands,no
T05598,11,59.5,month-to-month,fibre,yes,no,yes,yes,bank transfer,0,no,no,1,1,0,25,yes,south,no
T05950,4,89.9,month-to-month,fibre,yes,no,no,no,mailed check,1,yes,yes,1,1,0,33,no,islands,yes
T02972,58,41.1,month-to-month,fibre,no,no,yes,yes,mailed check,0,no,no,2,1,0,73,no,south,yes
T06144,3,24.8,one-year,none,no,no,yes,yes,mailed check,0,yes,no,2,2,0,23,no,north,yes
T05843,26,66.9,month-to-month,dsl,no,no,yes,no,bank transfer,0,no,no,1,1,0,98,no,north,no
T02277,5,29.2,two-year,none,no,yes,yes,yes,bank transfer,0,yes,no,1,1,0,12,no,centre,no
T02827,24,68.5,two-year,fibre,no,no,no,yes,e-check,0,no,no,1,1,1,114,no,south,no
T02365,31,45.7,month-to-month,fibre,no,no,no,yes,e-check,0,yes,no,1,0,0,16,no,south,no
T06820,9,72.8,month-to-month,fibre,no,yes,no,no,mailed check,0,no,no,2,0,0,60,no,south,no
T00388,71,74,one-year,none,no,no,yes,yes,e-check,0,no,no,0,3,0,203,yes,north,no
T00741,74,28.7,month-to-month,fibre,no,no,yes,yes,e-check,0,yes,no,1,1,0,157,no,islands,no
T01165,8,27.4,month-to-month,fibre,yes,no,yes,no,card,0,no,no,1,1,1,65,no,south,no
T05171,17,106,one-year,dsl,no,yes,yes,yes,e-check,1,yes,yes,2,2,1,37,yes,north,no
T04404,1,58.2,month-to-month,fibre,yes,no,yes,yes,e-check,0,yes,yes,2,0,2,54,yes,centre,yes
T01814,9,100.8,two-year,dsl,no,no,no,yes,e-check,0,yes,no,1,0,2,45,no,centre,no
T02329,46,64.1,two-year,fibre,no,no,yes,no,bank transfer,0,yes,no,1,1,0,169,no,south,no
T01825,18,92.8,two-year,fibre,no,no,no,yes,bank transfer,0,yes,no,2,1,0,89,no,islands,no
T02705,1,77.9,month-to-month,fibre,yes,no,no,yes,e-check,0,no,no,0,1,0,64,yes,islands,yes
T02003,41,106.7,month-to-month,fibre,no,no,no,yes,mailed check,0,yes,yes,1,1,0,56,yes,south,yes
T01964,33,90.5,month-to-month,dsl,no,yes,yes,yes,e-check,0,yes,no,1,0,0,143,no,islands,no
T04283,151,63.7,month-to-month,dsl,no,no,yes,no,mailed check,0,yes,no,2,1,0,62,no,north,yes
T01100,31,65.9,two-year,fibre,no,yes,yes,yes,mailed check,0,no,no,1,0,0,101,no,islands,no
T03754,6,40.2,two-year,none,no,no,yes,no,bank transfer,0,yes,no,3,1,0,154,no,islands,no
T05574,42,83.6,month-to-month,dsl,no,yes,no,yes,mailed check,0,yes,no,1,1,3,34,no,south,yes
T03303,160,52.7,one-year,fibre,no,yes,no,yes,mailed check,0,no,no,1,1,1,28,no,north,no
T06724,11,100.9,month-to-month,fibre,yes,no,yes,yes,e-check,0,no,no,3,0,0,160,no,islands,yes
T02495,34,90.7,two-year,fibre,yes,yes,yes,yes,mailed check,0,no,no,2,0,1,6,no,north,no
T01054,6,20.9,month-to-month,dsl,no,no,yes,no,card,0,yes,yes,0,0,0,84,yes,centre,yes
T02126,5,100.8,one-year,dsl,yes,yes,no,yes,bank transfer,0,no,yes,1,2,0,29,no,south,no
T00742,39,105.4,one-year,dsl,no,yes,no,yes,mailed check,1,no,no,2,0,1,67,no,centre,yes
T05339,14,46.8,month-to-month,fibre,no,no,yes,yes,bank transfer,1,yes,no,2,0,0,20,no,north,no
T00804,6,65.5,two-year,fibre,no,no,no,yes,card,0,no,no,1,0,1,165,no,south,yes
T02901,84,91.8,month-to-month,fibre,no,no,no,yes,card,0,no,yes,1,1,0,41,no,south,no
T04350,30,49.6,month-to-month,fibre,no,no,yes,no,e-check,0,yes,no,1,0,0,84,no,south,no
T01774,75,81.3,month-to-month,dsl,no,no,yes,yes,mailed check,0,no,no,2,1,0,50,no,islands,no
T02383,10,52.5,month-to-month,dsl,no,no,no,yes,bank transfer,0,no,no,1,0,1,26,no,centre,no
T03035,19,80,month-to-month,fibre,no,no,no,no,bank transfer,0,yes,yes,2,0,2,134,yes,islands,yes
T02582,11,77.7,month-to-month,dsl,no,no,yes,yes,card,0,no,yes,0,0,1,122,no,islands,yes
T04889,17,58.6,two-year,dsl,no,no,yes,yes,bank transfer,0,yes,yes,1,0,0,84,no,islands,no
T04779,80,23.1,month-to-month,fibre,no,no,no,no,mailed check,0,no,no,1,0,0,26,yes,centre,no
T04938,48,55.5,one-year,none,no,yes,no,yes,e-check,0,yes,yes,1,1,1,37,yes,north,no
T04598,3,96.7,one-year,none,no,no,no,yes,bank transfer,0,no,no,2,1,1,55,no,south,no
T06004,3,93.3,month-to-month,dsl,no,no,yes,yes,bank transfer,1,no,no,1,0,1,78,no,south,no
T04950,56,67.3,month-to-month,dsl,no,yes,yes,no,bank transfer,0,no,no,2,1,0,30,yes,islands,no
T06326,68,49.4,month-to-month,fibre,yes,yes,no,no,card,0,no,no,2,0,0,28,no,north,no
T02766,57,31.1,one-year,fibre,yes,no,yes,no,e-check,0,no,no,2,1,0,97,no,centre,no
T02418,9,27.2,one-year,fibre,no,yes,no,yes,mailed check,0,no,yes,1,1,0,25,no,north,no
T05929,60,29.8,one-year,dsl,no,yes,yes,yes,card,0,no,no,1,2,0,25,no,islands,no
T01594,43,29.1,month-to-month,fibre,yes,yes,yes,no,e-check,0,no,no,2,0,0,56,no,centre,no
T04345,6,20.2,one-year,fibre,yes,no,yes,no,bank transfer,1,no,yes,1,0,1,111,no,centre,no
T03102,4,90,month-to-month,none,no,yes,yes,yes,e-check,0,yes,no,1,0,0,150,no,centre,no
T01092,35,77.3,two-year,none,no,no,no,yes,card,0,yes,yes,0,1,0,98,no,centre,no
T02378,2,72.3,month-to-month,none,no,no,no,no,card,1,no,no,2,1,0,41,no,centre,no
T02615,72,75,one-year,dsl,yes,no,no,yes,bank transfer,0,yes,no,1,1,1,87,yes,south,no
T03829,21,102.8,month-to-month,fibre,no,no,yes,no,bank transfer,0,no,no,2,1,0,76,no,islands,yes
T03331,27,66,month-to-month,dsl,yes,no,yes,yes,e-check,0,yes,yes,0,0,0,63,yes,north,no
T03162,63,69.7,month-to-month,dsl,yes,no,yes,no,e-check,0,no,no,0,1,1,100,no,centre,no
T00196,66,85.6,month-to-month,dsl,no,yes,yes,yes,bank transfer,0,no,yes,1,0,1,116,no,north,yes
T05519,54,95.3,month-to-month,dsl,no,no,yes,yes,bank transfer,1,yes,yes,1,1,0,174,no,north,no
T00802,20,82.4,month-to-month,none,no,no,yes,no,e-check,0,no,no,1,2,0,32,no,islands,yes
T04759,36,84.7,month-to-month,dsl,yes,no,no,yes,card,1,no,yes,2,0,1,72,no,centre,no
T06339,6,86.8,month-to-month,fibre,yes,no,yes,no,e-check,0,yes,yes,3,1,0,39,yes,centre,yes
T03082,1,82.8,month-to-month,none,no,yes,yes,yes,card,0,no,no,1,2,0,22,no,centre,no
T05833,14,87.8,two-year,none,yes,yes,no,yes,e-check,0,yes,no,1,0,0,70,no,south,no
T01702,4,53.9,month-to-month,none,yes,no,yes,no,bank transfer,0,no,no,2,0,1,68,no,centre,no
T00147,93,41.2,two-year,dsl,no,no,yes,no,mailed check,0,yes,no,3,0,0,24,no,north,no
T00641,44,54.2,two-year,fibre,no,yes,yes,no,e-check,0,yes,yes,3,1,0,50,yes,south,no
T05780,44,28.9,month-to-month,dsl,no,no,no,no,card,1,yes,no,2,1,0,122,no,islands,no
T05309,7,96.8,two-year,dsl,no,no,no,no,card,1,no,no,0,2,1,158,no,south,no
T05523,58,110,month-to-month,fibre,no,no,yes,no,bank transfer,0,no,yes,2,1,0,236,no,centre,yes
T01230,113,66.2,month-to-month,dsl,no,no,no,yes,bank transfer,0,yes,no,1,1,1,71,yes,south,no
T00133,23,30.2,month-to-month,none,no,yes,no,yes,e-check,0,no,no,0,1,1,71,no,islands,no
T03834,88,67.2,month-to-month,dsl,no,yes,yes,yes,e-check,0,no,no,1,0,0,63,no,centre,no
T01263,15,106.7,one-year,none,no,no,no,no,card,0,yes,yes,1,1,1,73,no,centre,no
T06126,18,63.4,month-to-month,none,yes,no,no,yes,bank transfer,0,yes,no,2,0,0,117,no,centre,no
T06083,4,86.8,month-to-month,fibre,no,yes,no,no,mailed check,1,yes,no,1,0,0,10,yes,islands,yes
T00364,12,47.5,month-to-month,fibre,yes,yes,no,no,bank transfer,0,no,yes,2,0,1,65,no,south,yes
T02844,52,85.7,one-year,fibre,no,no,yes,no,card,0,no,yes,1,1,1,243,no,islands,no
T00975,2,69.7,two-year,fibre,no,no,no,no,card,0,yes,no,1,0,0,19,yes,south,no
T06499,46,82.7,month-to-month,dsl,yes,no,yes,no,e-check,1,yes,no,1,1,0,55,yes,north,no
T02476,20,70.4,month-to-month,fibre,yes,no,no,no,e-check,0,no,no,1,0,1,67,yes,centre,no
T06900,94,35.7,one-year,fibre,no,no,no,yes,bank transfer,0,yes,no,1,1,1,48,no,south,no
T00778,12,97.6,two-year,fibre,no,no,no,yes,mailed check,0,yes,no,1,2,0,113,no,south,no
T04944,123,99.8,two-year,fibre,no,yes,no,yes,bank transfer,0,yes,yes,1,1,0,55,yes,south,no
T02999,1,53.7,month-to-month,dsl,no,yes,yes,yes,bank transfer,0,no,no,1,0,1,165,no,north,no
T04636,60,97.4,two-year,dsl,yes,no,yes,no,card,0,no,no,2,1,1,60,no,south,no
T06669,13,50.6,two-year,fibre,yes,no,yes,yes,mailed check,1,yes,no,2,0,0,29,no,north,no
T00523,21,45.9,month-to-month,none,no,no,yes,yes,bank transfer,0,no,no,2,0,0,63,no,centre,no
T00705,90,43.2,one-year,none,no,yes,yes,yes,bank transfer,0,yes,yes,1,0,0,74,no,north,no
T01314,123,35.5,one-year,none,no,yes,yes,no,bank transfer,0,yes,no,3,2,0,80,no,south,no
T06763,1,73,month-to-month,dsl,no,no,yes,no,mailed check,0,no,no,2,1,0,188,no,islands,no
T03797,31,91.8,month-to-month,none,no,no,yes,no,bank transfer,0,no,no,1,2,1,164,no,south,yes
T00848,12,72.7,month-to-month,dsl,no,no,yes,no,bank transfer,0,yes,no,1,1,0,107,no,north,yes
T05868,89,30.1,month-to-month,fibre,no,no,yes,yes,card,0,yes,yes,0,0,0,16,no,islands,no
T06688,16,27,one-year,none,yes,yes,yes,no,mailed check,0,no,yes,3,0,0,78,no,islands,no
T02556,40,64.7,month-to-month,dsl,no,no,yes,yes,mailed check,0,no,no,1,0,1,18,yes,north,no
T01019,15,35.9,two-year,dsl,yes,no,no,no,bank transfer,0,yes,no,1,1,0,55,no,islands,no
T02081,61,100,one-year,dsl,yes,no,no,no,mailed check,0,no,no,1,0,0,98,no,islands,no
T04742,21,69.8,two-year,fibre,no,no,no,yes,bank transfer,0,no,yes,2,0,1,18,no,centre,no
T06403,26,24,month-to-month,dsl,no,no,no,yes,mailed check,0,no,no,1,2,0,143,yes,centre,no
T01926,35,58.3,one-year,dsl,yes,no,yes,yes,mailed check,0,no,no,2,1,0,46,no,south,no
T03949,39,65.4,two-year,fibre,yes,no,yes,yes,card,0,yes,no,1,1,2,120,no,north,no
T00466,71,42.6,month-to-month,fibre,yes,yes,yes,yes,bank transfer,0,yes,yes,0,3,1,210,no,centre,no
T06166,6,41.6,month-to-month,none,yes,no,no,yes,e-check,1,no,no,1,0,0,71,yes,centre,yes
T00022,4,67.6,month-to-month,none,yes,no,yes,no,e-check,0,no,no,0,1,1,102,no,north,no
T00651,3,51.7,month-to-month,none,no,no,no,yes,bank transfer,1,yes,no,2,0,0,27,no,centre,no
T03712,7,94.2,two-year,fibre,no,no,yes,no,card,0,yes,no,1,1,0,195,no,islands,no
T00136,37,72.2,month-to-month,fibre,yes,no,yes,no,mailed check,0,no,no,0,2,0,36,no,north,no
T02701,43,99.9,month-to-month,dsl,no,no,no,yes,card,0,yes,yes,1,0,2,47,no,south,yes
T00003,2,82.5,month-to-month,dsl,yes,no,no,yes,mailed check,0,yes,yes,1,3,0,28,no,islands,yes
T05914,1,106.9,two-year,fibre,no,no,no,yes,mailed check,0,yes,yes,1,1,0,65,no,centre,yes
T03018,1,29.8,month-to-month,dsl,no,no,no,no,bank transfer,0,yes,no,2,1,1,125,yes,islands,no
T01488,79,48.5,one-year,fibre,no,no,no,no,bank transfer,0,yes,no,1,1,1,28,no,north,no
T00894,21,28.1,two-year,dsl,no,no,no,no,mailed check,0,no,no,0,1,1,93,no,north,no
T00157,20,62.3,month-to-month,dsl,no,no,yes,yes,e-check,0,yes,no,1,2,0,69,no,islands,yes
T06082,15,30.8,two-year,none,yes,no,yes,no,mailed check,0,yes,yes,0,1,0,75,no,islands,no
T00198,10,50,month-to-month,dsl,no,no,yes,yes,mailed check,0,yes,yes,2,0,0,84,yes,islands,no
T06639,11,79.3,two-year,dsl,no,yes,yes,yes,mailed check,1,no,no,1,0,0,49,yes,islands,no
T06016,35,34.1,one-year,dsl,no,no,no,yes,e-check,0,no,no,2,1,0,57,no,centre,no
T05586,1,79.6,one-year,none,yes,yes,yes,no,e-check,1,no,no,1,0,1,136,no,south,no
T01082,23,20.4,month-to-month,dsl,yes,no,no,yes,card,1,no,no,1,0,0,14,no,centre,no
T06849,30,95.8,one-year,fibre,no,no,yes,yes,bank transfer,0,no,yes,3,2,0,97,no,islands,no
T03203,2,101.7,one-year,fibre,yes,no,yes,yes,bank transfer,0,yes,no,1,2,0,43,no,south,yes
T01065,10,104.8,month-to-month,fibre,no,no,yes,yes,mailed check,0,yes,no,1,1,0,75,no,islands,no
T04459,26,31.8,one-year,none,yes,yes,no,yes,mailed check,0,yes,yes,0,0,1,30,no,islands,no
T02584,9,65.7,month-to-month,fibre,no,yes,yes,yes,bank transfer,0,no,no,0,1,0,69,no,north,no
T06245,55,70,month-to-month,fibre,no,no,no,yes,bank transfer,0,yes,no,1,2,0,29,no,south,yes
T06944,6,61,month-to-month,none,no,no,no,yes,card,0,yes,no,2,0,0,104,no,south,no
T05212,44,68.5,month-to-month,dsl,no,no,no,no,mailed check,0,yes,no,1,0,1,41,no,north,yes
T01862,30,75.6,month-to-month,dsl,no,no,yes,yes,e-check,0,yes,no,0,0,0,17,no,islands,no
T00176,18,21.7,month-to-month,fibre,no,no,yes,yes,mailed check,0,no,yes,1,1,1,119,no,islands,yes
T03338,21,61.7,two-year,fibre,yes,no,no,no,mailed check,0,no,no,2,2,0,58,no,islands,no
T03590,38,90.6,one-year,fibre,yes,no,no,yes,mailed check,0,yes,no,2,2,0,41,no,north,no
T01152,34,56.5,one-year,fibre,no,no,yes,no,mailed check,1,no,no,1,0,0,145,no,centre,no
T02647,41,43.6,month-to-month,fibre,no,no,yes,no,card,0,no,no,1,1,0,52,no,islands,yes
T04924,42,21.2,month-to-month,none,yes,yes,no,yes,bank transfer,0,yes,no,2,0,0,83,no,centre,no
T04434,17,97.1,month-to-month,dsl,no,no,yes,yes,mailed check,0,yes,no,1,1,0,10,no,islands,yes
T01660,1,48.1,one-year,dsl,yes,no,yes,no,bank transfer,0,yes,yes,3,2,0,48,no,south,no
T03497,4,75.8,two-year,fibre,no,yes,no,no,e-check,0,no,no,1,2,1,266,no,centre,no
T04776,25,60.4,month-to-month,fibre,no,no,no,no,e-check,0,yes,no,0,1,0,54,no,centre,no
T00121,6,107.6,month-to-month,fibre,no,no,yes,yes,bank transfer,0,yes,no,2,1,1,92,no,islands,no
T05630,17,86.7,one-year,none,yes,no,no,yes,bank transfer,0,no,no,1,3,0,134,no,islands,no
T02868,3,96.1,month-to-month,fibre,no,no,no,yes,e-check,0,no,yes,0,0,0,165,yes,south,yes
T02370,20,44.9,two-year,fibre,no,no,yes,yes,card,0,yes,no,3,2,0,30,no,islands,no
T02412,11,54.6,month-to-month,none,no,no,yes,yes,bank transfer,0,yes,no,3,0,0,131,no,north,no
T04499,1,55.3,one-year,dsl,yes,no,yes,yes,e-check,1,no,no,1,0,1,47,no,south,no
T01456,1,86,month-to-month,none,no,yes,no,no,e-check,0,yes,no,1,1,0,37,no,south,yes
T02775,14,59.4,one-year,none,yes,no,yes,no,e-check,0,no,no,1,0,0,78,no,north,no
T06478,26,63,two-year,none,no,no,yes,no,card,0,no,no,1,0,0,46,no,north,no
T01540,12,97.7,month-to-month,none,no,no,yes,yes,card,0,no,yes,1,0,1,99,no,centre,yes
T06838,65,46.1,one-year,dsl,no,yes,no,yes,card,0,no,no,2,1,0,137,no,south,no
T00949,9,27.2,one-year,fibre,no,no,no,no,bank transfer,0,no,no,2,0,1,126,no,south,yes
T05634,33,70.5,two-year,fibre,yes,yes,yes,yes,e-check,1,yes,no,3,0,0,131,no,centre,no
T00907,15,51.3,month-to-month,none,yes,no,yes,no,e-check,0,yes,yes,1,1,1,138,no,islands,no
T02147,8,99.1,month-to-month,fibre,no,no,yes,no,e-check,1,no,no,2,0,0,131,no,south,yes
T00263,2,56.2,month-to-month,dsl,no,no,yes,no,mailed check,0,no,no,3,1,0,90,no,centre,no
T04332,26,21.2,month-to-month,fibre,yes,no,yes,yes,e-check,0,no,yes,1,2,1,53,no,south,yes
T04018,1,32.3,one-year,none,no,yes,no,yes,mailed check,0,yes,no,1,2,0,10,no,centre,no
T04576,1,71.1,month-to-month,dsl,no,no,yes,no,card,0,no,yes,1,0,1,128,yes,centre,no
T05446,19,22.8,month-to-month,none,no,no,yes,yes,card,0,yes,no,1,1,0,84,no,north,no
T04749,2,84,month-to-month,dsl,no,no,yes,yes,e-check,1,yes,no,2,1,0,26,no,north,no
T06700,7,75.9,month-to-month,fibre,no,yes,yes,yes,mailed check,0,yes,no,1,0,1,93,yes,centre,yes
T02058,13,60.7,two-year,fibre,yes,no,no,yes,mailed check,0,yes,no,1,0,1,14,no,centre,no
T03274,34,69.1,month-to-month,fibre,yes,no,no,no,card,0,no,yes,1,0,0,172,yes,south,no
T05624,23,53,one-year,dsl,no,no,yes,no,card,0,no,no,1,0,0,98,no,north,no
T01608,77,69.3,month-to-month,fibre,yes,no,no,yes,mailed check,0,yes,no,2,1,0,31,no,south,no
T02860,5,99.9,month-to-month,fibre,yes,yes,no,no,e-check,0,no,yes,1,0,1,50,no,north,no
T01427,2,45.2,two-year,dsl,no,no,yes,no,mailed check,0,yes,no,1,0,0,102,no,centre,yes
T05827,12,92.3,month-to-month,dsl,yes,no,yes,yes,card,0,no,no,1,1,1,97,no,islands,no
T01129,7,72.7,month-to-month,fibre,yes,no,yes,yes,e-check,1,no,no,2,1,2,143,yes,north,yes
T04747,17,61.8,month-to-month,none,no,no,no,yes,mailed check,0,yes,yes,2,0,0,138,yes,south,yes
T00071,1,106.2,one-year,fibre,no,no,no,no,bank transfer,0,no,no,1,0,1,66,no,islands,yes
T01649,14,40.9,month-to-month,none,no,no,no,yes,bank transfer,1,yes,no,1,1,0,67,no,islands,yes
T05503,17,97.9,two-year,fibre,yes,yes,yes,yes,card,0,yes,no,1,1,0,91,no,islands,no
T06440,32,91.9,month-to-month,dsl,yes,yes,no,yes,bank transfer,0,yes,no,1,1,1,111,no,centre,no
T04185,26,59.2,one-year,fibre,no,yes,no,yes,card,0,yes,yes,1,0,1,108,yes,south,yes
T02505,54,93.1,month-to-month,fibre,no,no,no,no,bank transfer,0,no,no,2,0,0,22,no,centre,no
T04758,75,67.2,month-to-month,dsl,no,no,no,yes,e-check,0,no,no,2,1,0,67,no,north,yes
T02127,33,35.6,one-year,fibre,yes,yes,no,no,e-check,0,yes,yes,1,1,1,114,no,centre,no
T02757,3,30.7,one-year,none,no,no,no,yes,mailed check,0,no,no,2,0,0,59,no,north,no
T05961,50,71.9,one-year,fibre,no,no,yes,yes,e-check,1,yes,no,1,1,0,85,yes,north,yes
T06060,72,43.3,month-to-month,none,no,no,no,yes,bank transfer,0,no,no,2,1,0,50,no,islands,no
T02460,11,75.1,one-year,dsl,yes,yes,yes,no,mailed check,0,no,no,0,2,0,37,no,south,no
T02250,64,63.2,month-to-month,dsl,no,yes,no,yes,mailed check,0,yes,no,1,1,0,103,yes,north,no
T05884,28,88.6,one-year,none,yes,no,no,no,e-check,0,no,no,3,1,0,116,yes,centre,yes
T02762,30,77.5,month-to-month,dsl,no,no,no,no,card,0,yes,yes,2,1,0,121,no,south,yes
T01785,35,45.1,month-to-month,dsl,yes,no,yes,no,card,0,yes,no,2,2,0,50,yes,north,no
T03023,3,103.8,one-year,none,no,no,yes,no,card,0,no,yes,2,0,1,177,no,south,no
T00415,39,64.5,two-year,dsl,no,no,yes,yes,card,1,yes,no,2,1,1,62,no,south,no
T00014,13,90.7,month-to-month,dsl,no,no,no,yes,e-check,1,yes,no,1,1,0,90,no,south,yes
T01637,15,100.6,two-year,dsl,no,no,yes,no,bank transfer,0,no,no,2,2,0,103,no,north,no
T04440,5,47.1,one-year,fibre,yes,no,yes,yes,card,0,no,no,1,0,0,45,no,centre,no
T02101,9,108.1,month-to-month,dsl,no,no,no,yes,e-check,0,yes,yes,2,2,0,88,no,islands,yes
T04716,9,43.4,one-year,none,no,no,yes,no,mailed check,1,no,no,2,0,0,79,yes,north,no
T02865,22,57.5,two-year,dsl,no,no,yes,no,mailed check,0,no,yes,1,0,0,173,no,centre,no
T02664,8,51.9,month-to-month,none,no,yes,no,yes,e-check,0,yes,no,1,1,0,56,no,south,no
T04691,25,33,month-to-month,dsl,yes,no,yes,yes,bank transfer,0,no,no,0,1,0,93,yes,islands,no
T02784,43,79.8,month-to-month,fibre,no,no,yes,yes,bank transfer,0,yes,no,1,2,0,174,no,centre,no
T04666,11,59.9,one-year,dsl,no,no,yes,yes,mailed check,0,no,no,1,2,0,98,no,islands,yes
T03481,31,106.3,two-year,fibre,no,no,no,no,card,0,yes,yes,1,1,0,11,yes,centre,no
T04789,24,105.2,one-year,none,no,no,yes,no,mailed check,1,yes,no,1,1,2,44,no,north,yes
T02204,17,39.8,month-to-month,none,no,no,yes,yes,e-check,0,no,no,2,2,0,26,no,centre,yes
T02137,40,85.9,month-to-month,none,yes,yes,yes,no,bank transfer,0,yes,no,3,0,0,21,no,islands,no
T01844,22,78.3,month-to-month,fibre,no,no,yes,yes,mailed check,1,no,no,0,0,1,30,yes,south,no
T00846,40,47.8,two-year,dsl,yes,yes,yes,yes,e-check,0,yes,no,0,1,0,72,no,islands,no
T00090,10,82.1,one-year,fibre,no,no,yes,yes,bank transfer,0,no,yes,1,0,0,157,no,south,no
T02326,1,104.3,month-to-month,dsl,no,no,no,yes,mailed check,0,no,no,2,1,0,22,no,centre,yes
T00868,19,34.2,month-to-month,fibre,no,yes,yes,yes,e-check,0,no,no,1,0,1,4,no,islands,yes
T00900,37,24.8,month-to-month,fibre,yes,yes,yes,no,bank transfer,0,yes,yes,1,2,1,78,no,south,yes
T01715,17,44.9,two-year,fibre,yes,yes,no,yes,e-check,0,no,no,0,1,0,130,no,centre,no
T05202,19,47.7,month-to-month,dsl,yes,no,no,yes,e-check,0,yes,no,1,1,0,80,no,islands,yes
T05550,18,27.6,one-year,fibre,no,yes,no,no,e-check,0,yes,yes,1,2,0,32,no,islands,no
T02393,14,32.4,month-to-month,dsl,yes,yes,no,no,bank transfer,0,yes,no,1,1,0,84,yes,south,no
T04322,20,104.4,one-year,none,no,no,yes,no,mailed check,0,yes,yes,1,2,2,133,no,centre,yes
T06330,6,59,month-to-month,fibre,no,no,yes,yes,bank transfer,0,yes,no,0,0,1,54,no,north,yes
T03088,30,93.2,two-year,fibre,yes,no,no,no,e-check,0,yes,yes,1,1,1,110,no,centre,no
T01869,8,22.8,month-to-month,none,no,no,no,no,bank transfer,0,no,no,1,1,0,31,no,islands,no
T05315,10,86.1,one-year,dsl,no,no,yes,yes,mailed check,0,yes,no,1,1,0,29,no,north,no
T04850,79,101.6,month-to-month,dsl,yes,no,no,yes,bank transfer,0,yes,no,1,1,1,72,no,centre,no
T02056,35,61.3,month-to-month,dsl,yes,no,yes,yes,card,0,no,no,2,1,0,65,no,north,no
T01320,2,86.7,month-to-month,dsl,no,no,yes,no,mailed check,0,yes,no,1,0,2,76,no,south,yes
T02376,2,67.6,one-year,fibre,no,yes,yes,no,card,0,no,no,1,1,1,115,no,north,yes
T04865,7,25.2,month-to-month,fibre,yes,yes,no,yes,mailed check,1,yes,yes,2,0,0,236,yes,north,no
T03729,17,39.3,month-to-month,none,yes,no,yes,no,card,1,yes,no,2,0,0,59,yes,south,no
T05389,2,102.2,month-to-month,dsl,no,no,yes,no,bank transfer,1,no,no,1,1,0,70,no,south,yes
T06842,21,75,one-year,fibre,yes,yes,no,yes,e-check,0,yes,no,1,1,0,72,yes,centre,no
T05626,53,27.2,month-to-month,fibre,no,no,no,yes,bank transfer,0,no,no,1,2,0,13,yes,islands,no
T00296,35,64.9,month-to-month,dsl,no,no,yes,no,mailed check,0,no,no,3,2,1,62,no,north,no
T04225,6,70,two-year,fibre,no,yes,no,yes,card,0,yes,yes,1,2,0,105,no,islands,no
T00287,150,57.2,month-to-month,fibre,yes,no,no,yes,e-check,0,yes,yes,2,0,0,35,no,centre,yes
T01615,48,96.1,two-year,fibre,no,no,no,no,e-check,0,no,no,2,1,1,163,no,north,no
T01972,10,74.7,month-to-month,none,yes,yes,yes,no,e-check,0,no,no,1,1,0,70,no,centre,no
T06812,66,36.8,month-to-month,none,no,no,no,yes,e-check,0,yes,no,3,1,1,100,no,islands,no
T05289,2,31.2,one-year,fibre,yes,yes,no,yes,bank transfer,0,yes,no,1,2,0,32,yes,south,no
T00783,25,106.8,month-to-month,fibre,no,no,yes,no,bank transfer,0,yes,no,2,0,1,119,no,centre,no
T06912,5,30.8,one-year,none,no,no,yes,yes,card,0,no,no,1,0,0,91,no,centre,no
T02174,19,104.6,one-year,fibre,no,yes,yes,yes,card,0,yes,no,1,0,1,61,no,centre,no
T06464,8,107,one-year,dsl,no,yes,no,no,mailed check,0,yes,no,2,2,0,72,no,north,no
T06095,6,89.2,month-to-month,fibre,yes,no,yes,yes,card,0,no,yes,1,1,1,82,no,south,no
T00588,5,68.5,one-year,fibre,yes,yes,no,yes,card,0,yes,no,1,0,0,68,no,south,no
T05427,13,77.5,month-to-month,fibre,no,no,no,no,e-check,0,no,no,1,1,0,46,no,islands,yes
T03445,12,45.3,month-to-month,fibre,no,no,yes,yes,bank transfer,0,no,yes,1,1,0,36,no,south,no
T06325,18,45.4,two-year,fibre,yes,no,no,yes,bank transfer,0,yes,no,0,0,0,17,no,centre,no
T03267,4,99.6,month-to-month,dsl,no,no,no,no,card,0,no,yes,1,0,0,34,no,north,yes
T05357,39,108.5,month-to-month,fibre,no,yes,no,yes,bank transfer,0,yes,yes,1,1,0,77,no,south,yes
T03617,21,60.2,month-to-month,fibre,no,no,no,yes,bank transfer,0,yes,yes,1,0,0,58,no,north,no
T00366,15,84.5,month-to-month,none,no,yes,yes,yes,e-check,0,no,no,1,1,1,69,no,centre,no
T05201,68,80.9,month-to-month,dsl,no,yes,yes,yes,bank transfer,0,yes,no,1,0,0,55,no,north,no
T00534,102,41.5,month-to-month,none,no,yes,no,no,card,1,yes,yes,1,2,1,96,yes,islands,yes
T01016,14,79.6,month-to-month,dsl,yes,no,yes,yes,e-check,0,yes,no,1,0,1,132,no,centre,yes
T06252,38,87.7,month-to-month,fibre,no,no,no,no,bank transfer,0,yes,no,3,0,2,65,no,south,yes
T04376,62,49.6,month-to-month,dsl,no,no,yes,no,mailed check,0,no,no,1,0,0,142,no,islands,no
T06106,11,34.1,month-to-month,dsl,yes,no,no,yes,mailed check,0,yes,no,1,1,1,174,yes,centre,yes
T02382,5,48.9,one-year,dsl,no,no,no,yes,bank transfer,1,no,no,2,2,0,29,no,islands,no
T00971,38,71.6,one-year,dsl,yes,yes,no,no,e-check,0,yes,no,1,1,0,92,no,islands,no
T01236,51,107.7,month-to-month,fibre,no,yes,no,no,card,0,yes,no,1,1,0,107,yes,islands,yes
T06876,46,108.6,one-year,dsl,no,no,yes,no,card,0,yes,no,2,0,1,66,no,centre,no
T05631,35,24.4,two-year,dsl,no,no,no,yes,card,0,yes,no,2,1,2,30,no,centre,no
T03448,3,38.7,two-year,none,no,no,yes,no,bank transfer,0,no,yes,0,0,0,113,no,islands,no
T00379,42,100.3,month-to-month,fibre,no,no,yes,no,card,0,yes,no,1,0,0,118,no,south,no
T02934,30,97,two-year,dsl,yes,no,yes,yes,mailed check,1,no,no,1,0,0,54,no,islands,no
T05650,35,85,month-to-month,none,yes,no,no,yes,card,0,no,no,1,1,0,9,no,islands,no
T05010,30,55.4,one-year,fibre,yes,no,yes,yes,card,0,no,no,1,0,1,20,no,islands,no
T04029,30,74.7,month-to-month,fibre,no,no,yes,no,bank transfer,0,yes,yes,2,0,2,126,no,south,yes
T02057,5,25.1,month-to-month,fibre,yes,yes,yes,yes,e-check,0,yes,no,1,1,0,83,no,south,no
T01925,1,99.7,month-to-month,none,no,no,yes,yes,bank transfer,0,no,yes,1,1,2,69,no,islands,yes
T06143,121,48.8,month-to-month,fibre,yes,no,yes,yes,e-check,0,no,no,1,2,0,63,no,north,no
T00340,44,64.7,month-to-month,none,no,yes,yes,yes,mailed check,0,yes,no,2,1,0,48,yes,south,no
T00225,16,58.4,month-to-month,dsl,yes,no,no,yes,bank transfer,0,yes,yes,1,0,3,37,no,south,yes
T01062,2,89.3,two-year,fibre,no,yes,no,yes,mailed check,0,yes,no,1,1,0,90,no,north,no
T05704,12,92.5,month-to-month,fibre,yes,yes,no,yes,mailed check,0,no,no,1,1,0,103,no,south,yes
T04665,28,41.4,month-to-month,fibre,no,yes,no,no,card,0,no,no,1,1,0,71,no,centre,no
T04260,7,57.7,two-year,fibre,no,no,yes,yes,mailed check,0,no,no,3,2,0,228,no,islands,no
T04464,18,70.1,one-year,dsl,no,yes,no,no,card,0,yes,no,2,1,1,63,no,islands,no
T04920,12,27.7,month-to-month,dsl,yes,no,no,yes,card,0,yes,no,1,1,0,70,no,north,no
T04918,2,83.2,month-to-month,dsl,yes,yes,yes,yes,e-check,1,yes,yes,1,0,0,90,no,islands,no
T02113,60,68.1,one-year,none,yes,yes,yes,yes,e-check,0,yes,no,2,0,0,146,no,centre,no
T04973,60,108.1,month-to-month,fibre,yes,no,no,yes,e-check,0,no,no,1,1,0,179,yes,centre,no
T03749,1,98.5,one-year,none,no,no,no,yes,mailed check,1,yes,no,0,1,0,7,yes,islands,no
T03574,21,40.1,month-to-month,dsl,yes,yes,no,yes,mailed check,0,yes,no,1,0,0,64,no,islands,no
T02566,1,68,month-to-month,fibre,yes,no,yes,yes,bank transfer,0,no,no,2,0,0,93,no,centre,no
T03181,8,50.9,month-to-month,fibre,yes,no,yes,yes,e-check,0,yes,no,2,2,1,59,no,islands,yes
T02157,65,47.1,month-to-month,none,no,yes,no,no,card,1,no,no,1,3,1,58,no,centre,yes
T00307,5,67.6,month-to-month,fibre,no,no,yes,no,mailed check,0,no,no,1,0,0,181,yes,north,no
T03457,76,21.3,month-to-month,fibre,no,yes,no,yes,mailed check,0,yes,yes,2,0,0,29,yes,islands,no
T01351,50,55.8,two-year,fibre,no,no,yes,yes,mailed check,0,no,no,2,1,0,9,no,islands,no
T03577,53,31.8,two-year,dsl,no,no,yes,no,e-check,0,no,yes,2,0,1,58,no,islands,no
T01506,112,49,month-to-month,dsl,yes,no,no,yes,card,0,yes,no,1,1,0,85,yes,centre,no
T02037,15,96.9,month-to-month,none,no,no,yes,yes,bank transfer,0,yes,no,3,0,1,79,no,islands,no
T02422,26,32.5,month-to-month,dsl,no,no,yes,yes,bank transfer,0,no,no,0,0,0,11,no,centre,no
T01743,31,50.8,month-to-month,none,no,no,yes,yes,card,0,no,no,1,0,2,66,yes,islands,no
T05033,34,53.7,month-to-month,dsl,no,no,no,no,bank transfer,0,yes,no,1,1,0,45,yes,islands,no
T02131,4,109.8,one-year,none,yes,yes,yes,no,card,1,yes,no,2,1,0,182,yes,islands,no
T05186,53,90.2,month-to-month,none,no,yes,yes,yes,e-check,1,no,yes,1,2,1,36,no,centre,yes
T02308,38,35.1,month-to-month,fibre,yes,no,yes,yes,e-check,0,no,no,3,1,1,34,no,south,yes
T02034,39,28.5,month-to-month,fibre,no,no,no,yes,mailed check,1,yes,no,0,0,0,28,yes,north,no
T06312,94,28.6,one-year,fibre,yes,no,yes,no,mailed check,0,yes,no,1,4,1,20,yes,centre,no
T01426,15,99.3,month-to-month,fibre,no,yes,yes,yes,mailed check,0,no,no,2,2,0,95,no,north,yes
T00575,127,82,month-to-month,none,no,no,no,yes,mailed check,1,yes,no,1,1,0,49,no,south,yes
T03245,4,81.6,two-year,fibre,yes,no,no,no,mailed check,1,no,yes,0,2,1,93,no,south,no
T04092,9,43,month-to-month,fibre,yes,no,no,yes,mailed check,1,no,no,1,0,0,60,no,south,no
T05479,5,37.6,month-to-month,dsl,no,no,no,no,card,0,yes,no,0,0,0,150,yes,centre,no
T06653,105,86.2,month-to-month,fibre,no,no,yes,yes,mailed check,0,no,no,1,1,0,74,no,centre,yes
T01650,23,39.7,month-to-month,dsl,no,no,no,yes,card,0,yes,yes,2,1,1,57,yes,south,no
T04522,10,64.6,two-year,fibre,yes,yes,no,no,bank transfer,0,yes,no,2,0,1,50,no,centre,no
T00604,29,37.2,two-year,dsl,no,yes,no,yes,card,0,no,no,1,0,0,129,no,centre,no
T05040,1,52.1,month-to-month,fibre,no,no,no,yes,card,0,no,no,3,1,0,86,yes,centre,no
T06624,1,81.5,two-year,fibre,no,no,yes,yes,bank transfer,1,no,no,2,1,0,48,no,islands,no
T00554,4,65.6,one-year,none,no,no,yes,yes,mailed check,0,yes,no,1,1,1,34,yes,islands,yes
T00349,33,47.8,month-to-month,dsl,yes,yes,yes,no,e-check,1,no,no,1,0,1,106,yes,centre,no
T05358,6,79.8,two-year,dsl,no,no,yes,yes,mailed check,1,no,yes,1,0,0,127,no,south,no
T04915,4,87.8,month-to-month,none,no,no,no,yes,card,0,yes,no,2,3,1,126,no,islands,yes
T04346,4,87.7,month-to-month,fibre,no,no,yes,no,e-check,0,yes,no,1,1,0,50,no,centre,yes
T01131,21,72.7,month-to-month,fibre,yes,no,no,yes,e-check,1,no,yes,2,1,1,145,no,centre,yes
T03743,56,21.4,one-year,dsl,yes,no,yes,yes,e-check,0,no,no,1,0,0,55,no,north,no
T00208,47,44.8,month-to-month,fibre,yes,no,yes,no,card,0,no,yes,1,0,0,144,no,islands,no
T02786,1,54.5,month-to-month,fibre,yes,yes,yes,no,mailed check,0,yes,no,0,0,0,41,no,south,no
T02180,33,66,two-year,fibre,no,no,yes,yes,bank transfer,0,no,no,0,0,0,83,no,north,no
T03380,96,25.2,month-to-month,dsl,no,no,yes,yes,card,0,yes,no,0,0,0,42,no,north,no
T03301,72,79.5,month-to-month,fibre,no,yes,no,no,e-check,0,yes,yes,1,1,0,64,no,north,no
T04587,43,31.1,one-year,fibre,no,yes,no,yes,mailed check,1,no,yes,2,2,1,143,no,centre,no
T06220,44,105.3,month-to-month,fibre,yes,no,no,no,bank transfer,0,no,no,2,0,1,29,no,south,yes
T06760,113,79.5,month-to-month,fibre,no,yes,yes,yes,card,0,yes,no,2,1,2,52,no,centre,no
T03422,187,34.6,month-to-month,none,no,no,no,no,bank transfer,0,yes,no,1,0,0,43,no,north,no
T01633,9,89.8,month-to-month,dsl,yes,no,yes,yes,bank transfer,0,yes,yes,3,0,1,53,no,north,no
T00626,49,76,one-year,fibre,no,no,yes,yes,bank transfer,0,no,yes,2,1,0,13,no,north,no
T03526,66,56.3,month-to-month,fibre,yes,yes,yes,yes,bank transfer,0,yes,yes,2,1,1,119,no,south,no
T04472,154,83.8,month-to-month,fibre,no,no,yes,no,mailed check,0,yes,yes,0,0,0,74,no,south,no
T01089,18,56.8,month-to-month,fibre,no,no,yes,yes,card,0,no,no,1,1,0,53,no,south,no
T00108,9,33.1,month-to-month,dsl,yes,no,no,no,mailed check,0,yes,yes,3,2,0,73,no,centre,no
T00725,10,26.5,month-to-month,dsl,yes,yes,no,yes,bank transfer,0,no,yes,2,1,2,155,no,north,no
T01672,31,37.1,one-year,none,no,no,no,yes,bank transfer,0,yes,no,1,0,2,13,no,south,no
T02630,2,31.6,month-to-month,dsl,yes,yes,no,yes,mailed check,0,no,yes,1,2,0,235,no,south,no
T03643,16,94.2,month-to-month,dsl,no,no,yes,yes,e-check,1,no,yes,2,3,0,25,no,centre,yes
T02719,65,64.5,month-to-month,dsl,no,no,no,yes,bank transfer,1,yes,no,1,0,2,28,no,centre,no
T01020,1,67.8,month-to-month,dsl,yes,no,yes,yes,mailed check,0,no,no,1,1,1,21,no,south,no
T00111,37,66.4,month-to-month,dsl,no,no,yes,yes,mailed check,0,no,no,1,1,0,89,yes,centre,no
T05412,24,30,two-year,none,no,yes,no,yes,mailed check,0,no,no,2,0,0,144,no,centre,no
T00209,74,66.1,month-to-month,dsl,no,no,no,yes,mailed check,0,no,yes,0,1,0,48,no,centre,yes
T00501,18,38.4,one-year,dsl,no,no,yes,yes,e-check,0,yes,no,1,2,0,205,yes,south,no
T00368,68,60.9,month-to-month,fibre,yes,yes,yes,yes,mailed check,0,no,no,2,2,0,82,no,south,no
T03345,51,66.3,month-to-month,fibre,yes,no,yes,no,bank transfer,0,yes,no,2,1,1,48,no,south,no
T02697,12,83.3,two-year,fibre,yes,no,yes,no,bank transfer,1,yes,no,1,1,1,49,no,south,no
T05837,13,109.6,month-to-month,fibre,no,yes,yes,yes,bank transfer,0,no,no,1,1,0,89,yes,north,no
T05261,10,90.9,month-to-month,fibre,no,yes,no,yes,bank transfer,0,no,no,1,0,0,55,yes,centre,yes
T06974,8,77.5,month-to-month,dsl,no,no,no,yes,bank transfer,0,yes,no,3,3,0,20,no,north,no
T02755,23,30,month-to-month,fibre,no,no,yes,yes,mailed check,0,no,no,2,2,0,62,no,islands,no
T01852,28,106.6,one-year,fibre,yes,no,yes,yes,bank transfer,1,yes,no,2,2,1,108,yes,north,no
T05185,2,105.9,two-year,dsl,no,no,no,no,bank transfer,1,no,no,3,1,0,120,no,north,yes
T04649,42,55.7,month-to-month,fibre,no,no,yes,yes,card,1,no,yes,1,0,0,87,yes,centre,no
T05678,20,100.6,month-to-month,dsl,yes,no,no,no,mailed check,0,yes,yes,1,0,3,48,no,centre,yes
T02123,47,96.2,two-year,dsl,no,no,yes,no,mailed check,0,yes,no,1,1,2,160,no,south,no
T04500,16,29.3,two-year,dsl,no,no,yes,no,card,0,no,no,1,1,0,181,no,north,no
T06352,3,65.8,month-to-month,none,no,yes,yes,yes,mailed check,0,yes,no,3,1,0,81,no,centre,yes
T01558,38,94.5,month-to-month,fibre,no,no,no,no,bank transfer,0,no,no,1,1,0,120,no,islands,yes
T00074,57,31.9,two-year,fibre,no,yes,yes,yes,card,0,yes,yes,2,0,0,211,no,south,no
T06316,47,25.6,one-year,fibre,no,yes,yes,yes,bank transfer,0,yes,no,1,0,2,195,no,islands,no
T03209,3,31.8,month-to-month,none,yes,no,no,no,e-check,0,no,no,1,1,0,165,no,south,no
T03469,143,96.6,one-year,dsl,no,no,no,yes,e-check,1,no,no,1,0,0,65,no,centre,no
T00436,36,49.5,two-year,fibre,no,no,no,yes,bank transfer,0,no,yes,1,1,0,237,no,north,no
T03383,22,96.4,month-to-month,fibre,no,no,no,yes,mailed check,0,no,no,1,0,0,76,no,centre,yes
T06570,12,75.5,one-year,fibre,yes,no,no,yes,bank transfer,1,yes,yes,3,2,0,26,no,islands,no
T03050,20,107.4,month-to-month,fibre,no,no,yes,no,mailed check,0,no,no,1,1,0,4,no,centre,yes
T00211,50,22.9,month-to-month,fibre,no,no,yes,no,e-check,1,no,no,1,1,2,76,yes,south,no
T05473,9,28.9,one-year,fibre,no,no,yes,yes,card,0,no,no,2,0,1,70,no,north,no
T03128,25,95.3,two-year,dsl,no,no,yes,no,e-check,0,yes,no,1,0,2,138,no,north,no
T02503,16,27.1,month-to-month,dsl,yes,no,no,yes,e-check,0,no,no,2,3,1,215,yes,north,yes
T03904,87,58.9,month-to-month,dsl,yes,yes,no,yes,card,0,yes,no,2,0,1,18,no,islands,no
T02026,38,34.7,two-year,fibre,no,no,no,yes,bank transfer,0,yes,no,1,0,0,69,no,centre,no
T01861,4,86.4,month-to-month,fibre,yes,yes,yes,yes,bank transfer,0,no,yes,2,0,0,111,yes,centre,no
T00747,22,89.9,month-to-month,dsl,yes,no,yes,yes,e-check,1,no,no,2,1,1,346,no,centre,no
T03551,12,79.8,month-to-month,none,no,yes,no,yes,mailed check,1,no,yes,0,0,0,238,no,north,no
T06501,83,82.7,month-to-month,fibre,no,yes,yes,no,mailed check,0,yes,yes,1,1,0,8,no,centre,no
T04498,20,106.9,month-to-month,fibre,no,yes,yes,no,e-check,0,yes,no,2,2,0,190,yes,islands,no
T05520,68,24.4,month-to-month,fibre,no,yes,yes,no,card,0,yes,no,1,0,0,74,no,south,no
T04405,91,59.4,one-year,fibre,no,no,no,no,mailed check,1,no,no,1,2,2,87,no,islands,yes
T05365,19,106.6,one-year,dsl,no,no,no,yes,bank transfer,0,yes,no,2,1,1,106,no,north,no
T02662,3,64.4,month-to-month,fibre,no,yes,no,yes,bank transfer,0,no,yes,1,0,0,206,no,islands,yes
T01002,25,73,two-year,dsl,no,yes,yes,yes,e-check,0,yes,no,1,1,1,160,no,south,no
T06038,30,26.7,month-to-month,fibre,no,no,yes,yes,card,0,no,no,1,0,0,27,yes,north,no
T03771,33,51.4,two-year,dsl,no,no,yes,yes,card,0,no,no,1,1,0,4,no,centre,no
T06888,7,81.6,two-year,dsl,no,yes,yes,yes,card,0,no,no,2,1,0,79,no,islands,no
T02909,26,103.6,month-to-month,dsl,no,no,yes,yes,e-check,0,yes,no,1,0,1,203,no,centre,no
T01434,1,93.6,two-year,none,yes,no,no,yes,card,0,no,no,3,0,1,59,yes,islands,no
T04486,32,54,one-year,fibre,yes,no,no,yes,mailed check,0,no,yes,2,2,1,124,no,south,no
T02242,35,20,month-to-month,fibre,no,no,yes,no,card,0,yes,yes,2,0,1,88,no,north,no
T04178,1,65.9,month-to-month,fibre,yes,yes,yes,yes,bank transfer,0,no,yes,0,1,0,220,no,centre,no
T03317,10,70.2,two-year,none,no,no,yes,yes,card,0,yes,no,3,1,0,15,no,centre,no
T06728,2,67.4,month-to-month,none,no,yes,no,yes,mailed check,0,no,no,1,1,0,3,no,islands,yes
T04972,27,51.2,month-to-month,fibre,yes,no,yes,yes,mailed check,0,no,no,2,1,1,50,no,south,no
T03655,34,73,month-to-month,fibre,no,yes,yes,yes,mailed check,0,no,no,2,1,1,149,no,islands,yes
T05935,46,63.4,month-to-month,dsl,no,no,no,no,bank transfer,1,yes,no,0,1,0,3,yes,islands,no
T04302,8,56.9,month-to-month,fibre,no,no,no,yes,card,0,no,yes,0,0,0,84,no,islands,yes
T06067,7,28.9,one-year,fibre,no,no,yes,yes,e-check,0,yes,no,2,2,1,48,no,centre,yes
T00188,119,44.9,one-year,fibre,yes,yes,yes,yes,mailed check,0,yes,no,1,0,1,117,no,north,no
T05403,83,45.5,two-year,dsl,no,no,no,yes,card,0,yes,yes,1,1,0,109,yes,islands,no
T05762,53,34.6,month-to-month,dsl,yes,yes,no,yes,mailed check,0,no,no,1,1,0,33,no,centre,no
T03447,13,104.5,month-to-month,dsl,yes,no,no,yes,e-check,0,yes,no,1,3,0,62,no,islands,yes
T03175,11,80.7,month-to-month,fibre,yes,no,no,no,bank transfer,0,no,yes,3,1,1,24,no,south,yes
T02315,55,61.1,month-to-month,fibre,yes,yes,yes,yes,mailed check,0,yes,yes,2,1,1,109,no,south,no
T05866,8,31.3,two-year,dsl,no,no,yes,yes,bank transfer,0,yes,yes,3,0,1,47,no,centre,no
T02301,15,56.7,month-to-month,dsl,no,yes,no,yes,bank transfer,0,yes,no,1,1,1,13,no,north,no
T02305,67,97.7,month-to-month,dsl,no,yes,yes,yes,mailed check,0,no,no,1,2,0,20,yes,south,yes
T00227,18,67.8,one-year,dsl,no,yes,yes,no,mailed check,0,no,yes,2,0,0,61,no,islands,no
T06683,45,21.9,month-to-month,fibre,no,no,no,no,e-check,1,yes,no,1,0,2,72,no,islands,yes
T06919,9,23.6,one-year,dsl,no,yes,yes,yes,mailed check,0,no,no,1,0,1,102,no,south,no
T00909,34,78.8,one-year,dsl,yes,no,no,yes,e-check,0,no,no,1,1,0,103,no,islands,no
T02962,4,93.5,month-to-month,dsl,no,no,yes,no,card,1,yes,no,3,0,0,198,no,centre,no
T05596,22,31.3,month-to-month,fibre,no,yes,no,no,bank transfer,0,no,no,1,2,0,78,yes,islands,yes
T02107,11,38.7,one-year,fibre,no,yes,no,no,mailed check,0,yes,yes,3,0,1,238,no,centre,no
T06604,16,60.7,two-year,fibre,no,no,no,yes,bank transfer,0,no,yes,1,0,0,147,no,islands,no
T02980,1,32.6,two-year,none,yes,no,no,yes,e-check,1,no,no,2,0,0,95,no,south,no
T03579,3,73.9,one-year,fibre,no,no,yes,yes,card,0,yes,yes,1,0,0,18,yes,islands,yes
T03693,14,101,two-year,none,no,no,no,no,bank transfer,0,yes,no,1,2,0,78,no,south,no
T02205,9,52,month-to-month,dsl,no,no,yes,no,card,0,no,yes,0,0,0,229,yes,north,no
T01516,22,69.9,two-year,none,no,yes,yes,no,e-check,0,no,no,2,0,0,31,no,centre,no
T01632,45,73.3,one-year,fibre,no,yes,yes,yes,mailed check,0,no,no,1,1,2,73,yes,centre,no
T03682,5,95.2,month-to-month,fibre,no,yes,yes,yes,card,0,yes,no,1,0,2,77,no,islands,yes
T01986,29,103.9,two-year,none,no,no,no,yes,mailed check,0,yes,no,1,0,0,102,yes,centre,no
T06805,32,107.6,one-year,dsl,yes,no,no,no,bank transfer,0,yes,no,1,2,1,80,no,islands,no
T05311,7,38.3,month-to-month,fibre,no,yes,no,yes,e-check,0,yes,no,1,2,0,45,yes,north,yes
T00114,12,97.6,month-to-month,fibre,no,no,yes,no,bank transfer,1,no,no,2,1,2,25,no,north,yes
T00456,10,27.8,one-year,fibre,no,no,no,yes,bank transfer,0,no,no,1,0,0,96,no,islands,no
T01391,16,100.7,two-year,fibre,yes,no,yes,yes,card,0,yes,yes,1,0,0,44,no,south,no
T05597,61,88,month-to-month,fibre,no,yes,yes,yes,card,0,yes,no,1,0,0,128,no,south,no
T02869,56,79.9,month-to-month,none,no,no,no,yes,card,0,yes,no,1,0,0,39,no,north,no
T02685,52,72,one-year,fibre,yes,no,no,no,mailed check,0,yes,no,1,0,0,95,yes,north,no
T01913,23,85.8,two-year,fibre,no,no,yes,yes,card,0,no,no,1,2,0,31,no,south,yes
T05101,15,97.1,two-year,dsl,no,no,no,yes,card,0,no,no,1,2,0,44,no,islands,yes
T00279,36,37.2,two-year,fibre,no,yes,yes,no,mailed check,1,no,no,1,0,1,25,no,south,no
T04200,23,30.2,month-to-month,dsl,no,no,no,no,bank transfer,0,no,yes,1,1,0,96,no,north,yes
T03595,164,75.3,two-year,dsl,no,no,yes,no,mailed check,0,no,yes,1,1,0,93,no,centre,no
T03802,11,70.3,month-to-month,dsl,yes,no,yes,no,e-check,0,yes,no,1,0,0,219,no,north,no
T03355,11,54.3,month-to-month,none,no,yes,no,no,e-check,0,yes,no,2,0,2,15,no,islands,yes
T04444,14,53,two-year,dsl,yes,no,no,no,e-check,0,yes,no,1,1,1,75,no,north,no
T00311,116,71.3,one-year,none,yes,no,yes,yes,mailed check,1,yes,yes,1,1,0,27,no,islands,no
T04377,3,73.3,month-to-month,dsl,no,yes,yes,yes,e-check,0,no,no,2,1,0,13,no,south,no
T00370,141,47.8,one-year,fibre,no,yes,yes,no,bank transfer,0,no,no,2,1,0,166,no,south,no
T02555,27,23.7,one-year,none,no,no,no,yes,mailed check,0,yes,no,1,4,0,3,no,south,no
T02475,38,45.8,one-year,dsl,yes,yes,yes,yes,card,0,no,no,2,0,0,182,no,north,yes
T04347,41,27.3,month-to-month,dsl,yes,yes,yes,yes,bank transfer,0,no,no,1,0,1,129,no,south,no
T00756,7,57.6,month-to-month,dsl,no,no,yes,yes,mailed check,0,yes,no,2,0,0,57,no,centre,no
T02777,11,74.8,month-to-month,none,yes,yes,yes,no,mailed check,0,yes,yes,1,0,0,56,no,north,no
T05639,33,55.3,month-to-month,fibre,yes,no,yes,no,mailed check,0,yes,no,1,2,0,44,no,south,yes
T04112,46,35.1,month-to-month,dsl,yes,yes,yes,yes,mailed check,0,yes,no,1,0,0,114,no,islands,no
T06369,27,94.4,month-to-month,dsl,no,no,no,yes,mailed check,1,no,no,1,1,0,21,no,south,no
T04623,16,38.5,one-year,dsl,yes,yes,yes,yes,e-check,0,no,no,1,0,3,14,no,south,no
T02395,51,78.7,one-year,none,no,yes,yes,yes,mailed check,0,no,yes,1,2,1,107,no,islands,yes
T02831,8,80.9,one-year,dsl,no,no,yes,yes,e-check,0,no,no,1,1,0,114,yes,centre,no
T06645,48,69.8,one-year,fibre,yes,yes,no,yes,card,0,no,no,2,1,0,12,no,centre,no
T05874,6,45.9,month-to-month,none,yes,no,no,yes,mailed check,0,yes,no,1,1,0,66,no,south,no
T05939,1,24,month-to-month,dsl,yes,no,no,yes,mailed check,0,no,no,2,3,1,56,no,south,yes
T06381,110,45.3,month-to-month,dsl,yes,no,no,no,mailed check,0,no,no,1,2,1,105,no,south,no
T06748,23,62.9,one-year,dsl,no,no,yes,yes,mailed check,0,no,no,2,1,2,30,no,islands,yes
T06929,7,106.1,one-year,dsl,no,no,no,yes,bank transfer,0,no,no,2,1,0,65,yes,south,no
T05336,7,56.3,one-year,dsl,yes,no,no,no,e-check,0,yes,no,1,0,1,48,yes,north,no
T00684,26,60.8,one-year,fibre,yes,no,yes,yes,bank transfer,0,no,no,3,1,1,140,no,islands,no
T01812,2,96.7,month-to-month,dsl,yes,no,yes,yes,card,0,yes,no,0,0,0,55,yes,islands,no
T06018,18,47.9,month-to-month,dsl,no,no,yes,no,e-check,0,no,no,1,1,0,21,no,north,no
T06124,102,44,month-to-month,fibre,yes,yes,yes,yes,e-check,0,no,no,1,0,0,78,no,north,no
T06468,11,96.5,month-to-month,dsl,no,no,yes,no,e-check,0,no,no,1,0,1,47,no,south,yes
T06228,12,105.5,one-year,none,no,no,no,yes,e-check,0,no,yes,2,1,0,84,no,islands,no
T06432,11,105.5,month-to-month,dsl,no,no,yes,yes,mailed check,1,no,no,1,0,1,57,no,south,no
T00487,17,107.3,one-year,none,no,yes,no,no,e-check,1,yes,yes,2,0,0,244,no,south,yes
T01834,23,59.4,month-to-month,dsl,yes,no,no,yes,e-check,0,yes,no,1,1,0,80,no,centre,no
T05240,12,108,two-year,dsl,yes,no,no,yes,e-check,1,no,no,2,1,0,94,no,islands,no
T01291,14,79.1,two-year,none,no,yes,yes,no,bank transfer,0,no,no,3,0,2,154,no,centre,no
T02690,3,92.9,month-to-month,fibre,yes,no,no,yes,e-check,0,no,no,2,1,1,65,no,south,yes
T01816,51,50.5,month-to-month,fibre,no,yes,yes,yes,mailed check,0,no,no,1,1,1,331,no,centre,yes
T02007,10,81.8,month-to-month,fibre,no,no,yes,no,mailed check,0,yes,no,2,2,2,152,no,north,no
T01190,2,79.8,one-year,dsl,no,yes,yes,no,card,0,no,no,1,1,2,148,no,south,no
T01204,1,89.8,two-year,none,yes,no,yes,no,card,0,yes,yes,2,1,1,89,no,south,no
T05463,107,56.4,month-to-month,dsl,yes,no,yes,no,mailed check,0,no,yes,1,3,0,62,no,south,yes
T01114,37,55.5,one-year,none,yes,yes,no,yes,e-check,1,no,no,1,2,0,68,no,north,yes
T02006,50,61.9,month-to-month,fibre,yes,no,yes,no,bank transfer,0,no,no,1,0,0,73,no,north,no
T06417,11,70.4,month-to-month,none,no,no,yes,yes,card,0,yes,no,1,0,0,113,no,south,no
T06161,17,59.8,two-year,fibre,yes,yes,yes,no,bank transfer,0,no,no,1,1,1,54,yes,centre,no
T02124,5,42.3,one-year,fibre,no,no,yes,no,bank transfer,0,no,no,1,2,1,31,no,south,yes
T05014,6,25.7,two-year,fibre,no,no,no,yes,bank transfer,0,no,yes,1,0,0,20,no,north,no
T04831,24,63.9,month-to-month,none,no,yes,yes,yes,card,1,no,yes,1,1,0,63,no,islands,yes
T03991,47,101.9,month-to-month,fibre,yes,no,yes,no,mailed check,0,yes,no,1,0,2,147,yes,north,yes
T03998,62,50,month-to-month,dsl,no,yes,yes,yes,bank transfer,0,no,no,2,1,1,48,no,islands,no
T02266,2,48.9,month-to-month,dsl,no,no,no,yes,mailed check,0,yes,no,2,2,1,14,no,centre,yes
T04740,10,82.2,month-to-month,dsl,no,no,no,yes,e-check,0,no,no,0,2,0,25,no,north,yes
T00390,33,54.9,month-to-month,dsl,no,yes,no,yes,e-check,0,no,no,1,0,0,37,yes,centre,no
T04558,20,41.7,two-year,fibre,no,no,yes,no,card,0,yes,no,3,0,0,105,no,centre,no
T01500,72,73.5,month-to-month,fibre,no,yes,yes,yes,e-check,0,no,no,1,1,0,13,no,centre,no
T04406,8,88.1,one-year,fibre,no,no,no,no,card,0,no,no,1,0,0,72,no,centre,yes
T01355,2,34.6,one-year,dsl,yes,yes,no,no,e-check,0,yes,no,1,0,0,219,no,islands,no
T02222,36,64,month-to-month,dsl,yes,no,no,yes,bank transfer,0,yes,no,1,0,1,75,no,centre,yes
T03957,42,45.5,one-year,none,no,yes,yes,yes,bank transfer,0,no,yes,3,1,0,12,no,islands,no
T05675,32,40.8,month-to-month,dsl,no,yes,no,no,card,0,no,no,2,1,0,71,no,islands,no
T01265,21,77.9,month-to-month,dsl,no,no,no,yes,bank transfer,1,yes,yes,2,1,0,230,no,south,yes
T01563,15,69.6,one-year,fibre,yes,no,no,no,bank transfer,0,yes,yes,3,1,0,83,no,north,yes
T05804,17,20.9,one-year,none,no,no,yes,yes,mailed check,0,yes,yes,2,0,0,57,no,south,no
T05331,21,40,month-to-month,fibre,no,no,no,yes,card,1,yes,no,2,2,0,54,yes,islands,yes
T03565,66,52.7,two-year,fibre,yes,yes,no,no,mailed check,0,yes,no,2,0,0,108,no,islands,no
T05356,11,101.1,two-year,fibre,no,no,yes,no,mailed check,0,no,no,2,4,2,51,yes,islands,yes
T06248,2,80,month-to-month,fibre,yes,yes,no,no,e-check,0,no,no,2,0,0,62,no,north,no
T06994,72,51.4,month-to-month,dsl,no,no,yes,yes,card,1,yes,yes,1,1,1,74,no,south,yes
T03597,39,52.8,month-to-month,dsl,no,no,no,yes,card,0,no,no,1,2,1,35,yes,north,yes
T06398,3,50,month-to-month,none,no,no,yes,yes,e-check,0,yes,yes,2,0,0,100,no,north,no
T03045,55,53.1,two-year,dsl,no,yes,no,yes,bank transfer,0,no,no,1,1,0,166,no,islands,no
T06168,4,66.4,two-year,dsl,no,no,yes,yes,card,0,yes,no,2,0,0,136,no,centre,yes
T01606,13,99.2,two-year,dsl,yes,no,no,yes,e-check,0,no,yes,3,0,1,19,yes,islands,no
T04230,32,102.7,month-to-month,none,no,yes,no,no,e-check,0,yes,yes,1,2,1,91,no,centre,yes
T04559,18,96.5,one-year,none,no,no,no,yes,card,0,yes,yes,1,1,1,13,no,centre,no
T02085,9,37,month-to-month,none,no,no,yes,yes,bank transfer,0,yes,yes,1,2,0,76,no,north,yes
T03853,2,103.9,month-to-month,fibre,yes,no,yes,yes,bank transfer,0,no,no,2,0,0,131,no,north,no
T01855,27,31.2,one-year,none,no,no,no,no,bank transfer,0,no,yes,1,2,1,170,yes,south,no
T06007,65,33.3,month-to-month,none,yes,no,yes,yes,mailed check,0,yes,yes,2,0,0,31,no,islands,no
T06041,31,45.1,one-year,fibre,no,yes,yes,yes,card,0,no,no,1,2,1,35,no,centre,no
T05540,60,38.6,month-to-month,dsl,no,yes,yes,yes,mailed check,0,yes,no,1,0,1,72,yes,islands,no
T03645,23,27.1,two-year,fibre,no,no,yes,yes,card,1,yes,no,1,0,0,13,no,north,no
T02594,2,56.2,month-to-month,dsl,no,yes,no,yes,mailed check,0,yes,yes,2,1,0,4,yes,islands,no
T01468,9,51,one-year,fibre,no,yes,no,yes,bank transfer,0,yes,no,1,0,0,49,no,islands,no
T00925,17,92.5,one-year,dsl,no,no,yes,no,bank transfer,0,yes,yes,1,2,0,133,yes,north,no
T02184,16,86.9,month-to-month,fibre,yes,no,no,yes,bank transfer,0,no,no,2,0,1,195,yes,north,yes
T06069,21,29.7,one-year,fibre,no,yes,no,yes,bank transfer,0,no,no,3,2,1,144,yes,islands,no
T06617,44,66.3,month-to-month,none,no,no,yes,no,mailed check,0,yes,no,2,0,0,30,no,south,no
T04073,42,78,month-to-month,fibre,no,no,yes,no,bank transfer,0,yes,no,3,1,1,67,yes,islands,no
T02334,26,59.8,month-to-month,dsl,no,yes,no,yes,mailed check,0,yes,no,0,0,1,46,no,centre,no
T00734,14,27.8,month-to-month,fibre,no,no,no,yes,bank transfer,0,no,yes,2,1,1,92,no,islands,no
T05181,14,20.1,two-year,none,no,no,no,yes,bank transfer,0,yes,no,2,1,0,120,yes,centre,no
T00873,1,84.3,one-year,fibre,no,no,yes,yes,e-check,0,yes,yes,1,3,3,132,no,south,yes
T02700,16,38.1,month-to-month,dsl,no,yes,yes,yes,e-check,0,yes,no,2,1,0,28,yes,north,no
T04676,55,33.3,two-year,dsl,no,no,no,yes,e-check,0,yes,no,2,0,1,120,no,islands,no
T03060,17,57.3,month-to-month,fibre,no,yes,no,no,e-check,0,no,no,1,0,1,120,no,centre,yes
T06778,15,57.3,month-to-month,fibre,no,no,no,yes,e-check,0,no,no,1,0,2,160,no,centre,yes
T03872,9,83,month-to-month,fibre,no,no,yes,no,mailed check,0,no,yes,1,1,1,86,no,centre,yes
T01969,11,96.8,month-to-month,none,no,yes,yes,no,e-check,0,yes,no,2,1,0,57,no,north,no
T06951,31,65.7,one-year,none,no,yes,no,yes,e-check,0,no,no,1,0,1,179,no,south,no
T04803,7,65.2,one-year,fibre,yes,no,yes,yes,card,1,no,no,1,2,2,370,no,north,no
T05434,18,76.5,one-year,fibre,yes,no,yes,yes,bank transfer,0,yes,no,1,0,1,16,no,centre,yes
T05042,12,93.8,month-to-month,none,yes,no,yes,no,bank transfer,0,no,no,1,0,0,128,no,centre,no
T05568,16,99.2,one-year,fibre,no,yes,yes,yes,mailed check,0,no,no,1,1,1,103,no,south,no
T01183,83,34.5,month-to-month,fibre,no,yes,no,yes,mailed check,0,no,no,1,0,0,56,no,south,yes
T06921,32,53.6,month-to-month,fibre,yes,no,yes,no,card,1,no,no,1,0,0,55,yes,centre,no
T00906,9,85.6,month-to-month,dsl,no,no,no,yes,e-check,0,no,no,3,0,0,72,no,islands,no
T00535,11,95.5,month-to-month,dsl,no,no,no,yes,card,1,yes,yes,1,3,2,50,no,centre,no
T03973,27,53.1,one-year,none,no,yes,no,yes,e-check,0,no,no,1,0,2,37,no,centre,no
T02879,45,95.3,month-to-month,fibre,no,no,no,no,mailed check,0,yes,yes,3,1,0,137,no,islands,no
T04466,85,50.5,month-to-month,dsl,no,yes,yes,yes,card,0,yes,no,0,0,0,58,no,north,no
T02924,34,81.7,month-to-month,dsl,no,yes,yes,no,bank transfer,0,no,no,0,0,0,87,no,south,no
T02621,9,47.6,two-year,fibre,no,no,yes,yes,e-check,0,yes,no,1,1,1,76,no,centre,no
T04161,4,88.3,one-year,fibre,no,no,no,yes,bank transfer,1,no,no,3,0,0,19,yes,islands,no
T01530,11,103.8,month-to-month,none,no,yes,no,yes,mailed check,0,yes,yes,1,0,1,55,no,centre,no
T06902,18,59,two-year,none,no,no,yes,no,bank transfer,0,no,yes,1,0,0,11,no,south,no
T00557,10,85.3,month-to-month,fibre,no,no,yes,no,bank transfer,0,no,no,3,0,1,39,no,centre,yes
T05526,42,94.7,month-to-month,dsl,no,no,yes,no,e-check,0,yes,no,3,0,1,32,no,centre,yes
T04822,9,52.4,month-to-month,fibre,yes,no,yes,no,bank transfer,0,yes,yes,1,0,0,260,no,islands,no
T00683,86,90.1,month-to-month,fibre,no,no,no,yes,bank transfer,0,no,no,2,0,1,21,no,south,no
T04844,10,100,month-to-month,dsl,no,no,no,yes,mailed check,0,yes,no,1,2,0,95,no,islands,yes
T02451,1,62.3,two-year,fibre,no,yes,no,no,bank transfer,0,no,no,1,1,0,209,no,south,yes
T00902,6,50.2,month-to-month,fibre,yes,yes,no,yes,mailed check,0,yes,no,1,0,0,176,no,south,no
T01864,62,50.6,month-to-month,dsl,no,no,yes,no,card,0,yes,no,1,0,1,15,no,centre,no
T06664,4,98.2,month-to-month,fibre,no,no,yes,no,e-check,0,yes,yes,2,0,0,58,no,centre,yes
T03718,51,21.9,one-year,dsl,no,no,no,no,card,0,no,yes,1,1,2,24,yes,north,no
T02189,26,80.7,month-to-month,fibre,no,no,yes,no,e-check,0,no,no,2,2,2,220,no,south,yes
T05552,47,47.3,two-year,dsl,no,no,no,yes,mailed check,0,no,no,2,0,0,175,no,centre,no
T05126,93,99.9,month-to-month,dsl,no,no,no,yes,bank transfer,0,no,no,1,1,0,173,no,north,no
T02453,88,54.2,month-to-month,none,no,yes,no,yes,e-check,0,yes,no,1,2,0,142,no,islands,no
T04361,46,80.3,two-year,dsl,no,no,yes,no,bank transfer,0,no,no,2,1,0,41,no,north,no
T04080,58,105.7,two-year,fibre,yes,no,yes,yes,e-check,0,no,no,1,0,2,169,no,islands,no
T04996,1,36.4,month-to-month,fibre,yes,no,yes,yes,card,0,no,yes,1,0,0,13,no,south,yes
T05740,84,25.3,one-year,fibre,no,no,yes,no,card,0,no,yes,1,1,0,47,no,north,no
T02231,14,47.8,one-year,fibre,no,no,no,yes,e-check,1,yes,no,1,2,0,28,no,south,no
T01905,94,50.4,month-to-month,fibre,yes,no,yes,yes,bank transfer,0,no,no,1,1,0,31,no,north,no
T06399,131,84.4,month-to-month,none,no,no,no,no,e-check,0,yes,no,2,1,0,32,no,north,no
T01031,32,91.3,two-year,dsl,no,yes,no,yes,bank transfer,1,yes,yes,2,0,0,120,no,centre,no
T04917,36,41.2,one-year,none,no,no,no,yes,card,1,yes,no,2,0,1,31,no,north,no
T02309,1,55.4,one-year,fibre,no,no,yes,no,e-check,0,no,no,1,0,1,20,no,south,yes
T02993,17,108.6,month-to-month,fibre,no,no,yes,yes,mailed check,0,no,no,1,0,0,94,no,south,no
T04278,6,88,month-to-month,dsl,no,no,no,no,mailed check,0,yes,yes,1,0,0,49,no,south,no
T04243,14,41.9,two-year,dsl,no,no,yes,yes,mailed check,0,yes,yes,1,2,0,21,no,islands,no
T02499,38,80.2,month-to-month,fibre,no,yes,no,yes,e-check,0,no,no,0,1,1,19,no,islands,yes
T01655,4,38.3,one-year,fibre,yes,no,yes,yes,mailed check,0,no,no,2,1,0,24,no,centre,no
T04020,19,60.6,one-year,fibre,yes,no,no,yes,e-check,0,yes,no,2,1,4,62,yes,south,no
T03108,42,109.6,one-year,fibre,yes,yes,yes,no,e-check,0,no,no,2,0,1,36,no,centre,yes
T04650,4,98.3,month-to-month,dsl,no,yes,no,no,e-check,1,yes,yes,2,0,1,129,no,south,no
T05621,12,21.5,two-year,dsl,no,no,yes,yes,e-check,1,no,no,1,2,0,45,no,north,no
T06217,32,84.8,two-year,fibre,no,yes,yes,yes,bank transfer,0,no,no,1,2,0,59,no,centre,no
T06240,49,34.5,one-year,none,yes,yes,yes,no,card,0,no,no,1,1,1,51,no,north,no
T02146,50,35.1,two-year,dsl,no,no,no,no,mailed check,0,no,yes,2,1,0,143,no,south,no
T00595,15,105.2,month-to-month,dsl,no,yes,no,no,mailed check,0,yes,yes,2,1,1,10,no,centre,no
T00189,3,98.6,month-to-month,fibre,no,no,no,yes,card,0,no,no,1,2,0,51,yes,north,no
T00546,116,58.3,month-to-month,fibre,no,no,yes,yes,e-check,0,yes,no,3,1,1,107,yes,centre,no
T06504,3,80.5,month-to-month,fibre,no,no,no,yes,bank transfer,0,no,no,0,0,2,108,yes,centre,no
T01492,41,84.7,month-to-month,fibre,yes,no,yes,no,card,1,no,yes,2,0,0,105,no,south,no
T05067,110,78,month-to-month,dsl,no,no,yes,yes,card,0,yes,no,2,3,0,72,no,islands,no
T01783,30,92.8,month-to-month,none,no,no,no,no,bank transfer,0,yes,no,1,2,0,46,no,centre,yes
T01086,1,86.7,month-to-month,none,no,yes,no,no,e-check,0,yes,no,1,0,0,37,yes,south,yes
T06962,19,64.2,month-to-month,fibre,no,no,yes,yes,bank transfer,0,yes,yes,0,1,2,26,no,north,no
T06405,101,84.1,one-year,fibre,yes,yes,no,no,mailed check,0,yes,yes,2,0,1,10,no,north,no
T01411,31,107.1,two-year,dsl,no,no,yes,no,e-check,0,no,yes,2,1,0,78,no,south,no
T03066,34,60.8,one-year,dsl,no,no,yes,yes,bank transfer,1,no,no,1,0,1,99,no,south,no
T01784,35,54.7,one-year,dsl,yes,yes,no,no,bank transfer,0,yes,yes,2,1,0,168,yes,centre,no
T01178,4,89.8,month-to-month,fibre,yes,no,no,no,card,0,no,no,2,0,0,67,no,islands,no
T02523,41,22.2,two-year,fibre,no,no,yes,no,card,0,yes,yes,1,1,2,193,no,north,no
T00547,37,21.4,one-year,fibre,no,yes,yes,yes,mailed check,0,no,no,1,1,2,60,yes,north,no
T03714,3,96.8,one-year,dsl,no,no,yes,no,mailed check,0,yes,no,1,1,1,19,no,islands,yes
T06689,35,57.6,month-to-month,dsl,no,no,no,yes,card,0,yes,no,2,2,1,294,no,centre,yes
T04624,6,95.7,month-to-month,dsl,no,yes,no,yes,card,0,no,no,3,0,0,46,no,north,no
T05466,21,108.9,month-to-month,fibre,yes,yes,yes,yes,mailed check,0,no,yes,0,0,0,21,no,south,no
T03673,7,72.6,one-year,dsl,no,yes,no,no,bank transfer,0,yes,yes,3,1,2,10,no,north,no
T03909,18,53.1,month-to-month,dsl,no,no,yes,yes,card,0,no,yes,0,0,1,15,no,south,no
T06491,17,30.2,month-to-month,dsl,yes,yes,no,no,bank transfer,0,no,no,3,0,1,74,no,centre,yes
T04599,25,20.8,month-to-month,fibre,yes,yes,no,yes,card,1,no,yes,0,0,0,148,no,south,no
T05270,9,45.5,month-to-month,none,yes,no,no,no,card,0,yes,yes,1,1,1,91,yes,north,no
T04008,47,85.6,month-to-month,none,no,no,yes,yes,mailed check,0,no,no,1,1,0,225,no,north,no
T00080,48,53,month-to-month,fibre,no,no,yes,yes,e-check,0,yes,no,0,1,0,59,no,islands,no
T01415,10,34.9,month-to-month,fibre,no,no,no,yes,mailed check,0,no,no,1,0,1,176,no,north,no
T03372,107,104.9,month-to-month,fibre,no,yes,no,yes,mailed check,0,no,no,2,1,0,61,no,south,no
T05839,107,33.4,month-to-month,fibre,no,no,no,yes,card,0,yes,no,1,0,1,10,no,centre,no
T04839,75,80.9,month-to-month,fibre,no,no,yes,yes,mailed check,0,no,yes,2,1,1,59,no,islands,no
T00864,81,59.4,two-year,none,no,yes,yes,yes,card,0,yes,no,2,0,0,251,no,islands,no
T00035,7,24.5,month-to-month,dsl,no,no,no,yes,card,0,no,yes,3,4,1,16,no,islands,no
T06584,81,24.9,two-year,dsl,yes,no,no,yes,bank transfer,0,yes,no,3,3,1,110,no,islands,no
T00318,28,48.1,one-year,fibre,yes,no,yes,no,card,0,yes,no,1,1,2,64,no,centre,yes
T00896,23,92.7,two-year,dsl,no,no,yes,yes,card,0,yes,no,1,0,1,24,yes,north,no
T05274,6,61.1,month-to-month,dsl,no,yes,yes,no,card,0,yes,no,1,0,1,65,no,islands,no
T03438,74,23.7,one-year,none,yes,yes,yes,yes,card,0,yes,no,2,0,0,384,no,centre,no
T01321,8,32.7,one-year,dsl,no,no,no,yes,bank transfer,1,yes,no,2,0,1,6,no,centre,no
T01593,3,95.9,one-year,dsl,no,no,yes,no,e-check,1,yes,no,1,0,0,48,no,north,yes
T00506,33,90.1,two-year,dsl,no,no,yes,yes,bank transfer,0,yes,yes,1,0,0,22,no,south,no
T00908,9,39.9,two-year,fibre,no,yes,yes,no,card,1,no,no,2,0,0,70,no,south,no
T03171,37,29.8,one-year,fibre,yes,no,yes,yes,bank transfer,0,no,yes,1,0,0,38,no,centre,no
T00659,15,54,month-to-month,fibre,yes,yes,yes,yes,e-check,0,yes,no,1,2,1,9,no,islands,yes
T03268,1,51.2,month-to-month,fibre,no,yes,no,yes,card,0,yes,no,1,1,1,153,yes,south,no
T06657,9,26.4,one-year,none,no,no,yes,yes,bank transfer,0,no,no,2,1,2,16,no,islands,no
T00816,35,105.1,two-year,fibre,no,yes,yes,yes,card,1,yes,no,1,0,2,34,no,centre,no
T06884,92,27.8,month-to-month,dsl,yes,no,no,yes,e-check,0,yes,yes,1,0,2,139,no,north,no
T06074,29,82.4,two-year,fibre,yes,yes,no,no,card,1,no,no,1,0,0,72,no,centre,yes
T01282,20,20.6,two-year,dsl,yes,yes,yes,yes,bank transfer,0,yes,yes,2,1,1,152,no,south,no
T02538,4,55,month-to-month,dsl,yes,yes,no,yes,mailed check,1,no,no,1,1,0,64,yes,islands,no
T01597,6,83.1,one-year,none,yes,no,no,yes,mailed check,0,no,no,2,1,2,136,no,south,yes
T05034,3,80.1,month-to-month,fibre,yes,no,no,yes,e-check,0,no,no,0,0,1,109,no,south,yes
T05031,8,88.8,one-year,fibre,no,yes,yes,yes,bank transfer,0,no,yes,1,0,3,165,no,centre,no
T01312,4,97.5,two-year,fibre,no,yes,yes,yes,e-check,0,yes,yes,2,0,1,26,yes,north,no
T01809,6,56.3,month-to-month,dsl,no,no,yes,no,e-check,0,yes,yes,2,1,1,33,no,south,yes
T05375,1,55.8,month-to-month,none,no,no,no,no,e-check,0,no,no,1,3,2,30,no,islands,yes
T01572,39,102.9,month-to-month,dsl,yes,no,yes,yes,bank transfer,1,no,yes,3,1,1,88,no,south,yes
T06792,28,31.5,month-to-month,none,no,yes,no,no,bank transfer,0,no,no,1,3,0,27,no,south,no
T06559,5,67.2,two-year,dsl,yes,no,no,no,bank transfer,0,yes,yes,2,0,0,94,no,south,no
T05567,7,75.7,one-year,fibre,no,no,yes,yes,e-check,1,yes,no,2,0,2,132,no,centre,no
T00467,6,45.9,two-year,dsl,yes,yes,yes,yes,mailed check,0,yes,no,1,2,0,36,no,centre,no
T01849,35,37.6,two-year,fibre,no,yes,no,no,card,0,no,yes,1,4,0,25,no,centre,no
T06301,26,28.4,month-to-month,fibre,no,no,yes,yes,mailed check,0,yes,no,2,2,0,118,no,north,yes
T00212,47,24.4,one-year,none,no,no,yes,yes,mailed check,0,yes,no,2,2,1,37,yes,islands,yes
T02928,125,59.8,one-year,dsl,yes,yes,yes,yes,bank transfer,0,no,yes,1,1,1,52,yes,south,no
T02469,10,88.1,month-to-month,dsl,no,no,no,yes,card,0,yes,no,2,0,2,133,no,north,no
T03159,5,52.4,month-to-month,dsl,no,no,yes,yes,bank transfer,0,no,yes,1,0,0,119,yes,islands,no
T02108,43,69.6,two-year,none,yes,yes,no,yes,e-check,0,yes,no,1,0,0,101,no,north,no
T04098,12,88,one-year,fibre,yes,yes,yes,yes,card,0,no,no,1,0,2,163,no,centre,no
T00704,15,106.3,month-to-month,fibre,yes,no,yes,no,card,0,no,no,1,0,0,49,yes,south,no
T00653,8,43,two-year,none,no,no,yes,yes,card,0,yes,no,2,1,0,56,yes,centre,no
T06216,32,98.1,month-to-month,dsl,yes,no,yes,yes,e-check,1,yes,no,1,2,0,47,no,south,no
T03242,4,63,one-year,fibre,no,no,yes,yes,card,0,yes,no,2,1,0,185,no,islands,yes
T04032,51,39.7,month-to-month,fibre,no,no,yes,yes,mailed check,0,yes,no,3,0,0,313,no,centre,no
T04961,43,31.1,two-year,dsl,no,yes,yes,yes,mailed check,0,yes,yes,1,1,1,32,no,islands,no
T01330,132,71,month-to-month,none,yes,yes,yes,no,bank transfer,0,yes,no,1,0,1,10,no,north,no
T02677,9,21.6,one-year,dsl,yes,no,yes,no,bank transfer,1,no,no,2,2,0,96,yes,south,no
T05299,5,41.7,two-year,fibre,yes,yes,yes,no,e-check,1,no,no,2,1,0,9,no,south,no
T00541,80,107.1,month-to-month,dsl,no,yes,yes,no,bank transfer,0,no,yes,2,0,2,28,no,north,yes
T04506,51,27.2,two-year,fibre,no,no,yes,no,e-check,1,yes,yes,1,0,0,39,no,islands,no
T05407,62,74.8,one-year,dsl,no,no,no,yes,mailed check,0,yes,no,2,1,1,132,no,centre,no
T04517,36,85.3,two-year,fibre,no,yes,yes,yes,mailed check,0,yes,no,3,0,0,86,no,south,no
T06234,2,81.7,month-to-month,fibre,yes,yes,no,no,card,0,no,no,2,1,1,75,no,islands,no
T05580,29,92.7,two-year,fibre,no,no,yes,no,e-check,0,no,yes,1,0,1,30,no,centre,no
T03540,29,65.1,two-year,fibre,no,no,no,yes,card,1,yes,no,0,0,1,63,yes,islands,no
T01914,27,74,month-to-month,dsl,yes,yes,yes,yes,mailed check,0,no,no,1,0,0,8,no,centre,yes
T04343,13,55.2,two-year,dsl,no,yes,no,yes,e-check,0,no,no,2,0,1,97,no,centre,no
T05488,3,75.4,month-to-month,none,no,no,yes,no,e-check,0,yes,no,3,0,0,82,no,south,yes
T05305,1,87.9,month-to-month,fibre,no,no,no,no,card,0,no,yes,3,2,1,22,no,centre,yes
T03583,17,47.1,month-to-month,fibre,no,yes,yes,no,e-check,1,yes,yes,1,0,0,94,no,north,no
T00154,95,63.2,month-to-month,none,no,yes,yes,no,card,0,no,no,1,0,2,38,no,south,no
T01627,23,99.1,one-year,fibre,no,yes,no,yes,e-check,0,no,no,1,0,2,85,yes,south,no
T06594,1,62.1,month-to-month,dsl,yes,no,yes,yes,bank transfer,0,yes,no,1,0,0,113,no,south,yes
T02348,37,39.8,month-to-month,dsl,yes,yes,yes,no,mailed check,1,no,yes,1,0,0,193,no,centre,no
T06830,4,69,two-year,none,no,no,no,yes,bank transfer,0,yes,no,2,3,0,16,no,south,yes
T01161,18,80,month-to-month,fibre,no,no,no,yes,e-check,0,yes,no,1,0,0,192,no,islands,yes
T06182,4,102.6,month-to-month,fibre,no,yes,yes,yes,bank transfer,0,yes,no,0,2,1,13,no,islands,yes
T06877,5,77.4,month-to-month,fibre,no,yes,no,yes,bank transfer,0,no,no,2,3,0,70,no,south,yes
T01507,25,55.9,month-to-month,dsl,no,yes,no,no,bank transfer,1,yes,yes,1,1,0,125,no,north,no
T00576,57,68,month-to-month,fibre,yes,no,yes,no,card,0,no,no,2,1,0,135,no,north,no
T04431,10,63,two-year,none,no,no,no,no,bank transfer,0,no,no,3,0,1,171,no,south,no
T05994,2,32.4,month-to-month,none,yes,no,no,yes,mailed check,0,yes,no,1,0,0,29,no,centre,no
T03970,19,42.4,two-year,fibre,no,no,yes,yes,mailed check,0,no,no,2,0,1,22,no,north,no
T03478,19,33,month-to-month,dsl,no,yes,no,yes,card,0,yes,no,1,0,0,64,yes,south,yes
T05882,77,31.7,month-to-month,fibre,no,no,no,yes,bank transfer,0,yes,yes,2,0,0,317,no,north,yes
T06429,44,77.7,month-to-month,none,yes,no,no,no,e-check,1,no,no,1,4,1,29,no,north,yes
T05525,14,100.2,one-year,none,no,yes,yes,yes,card,0,no,no,1,1,1,119,no,south,no
T01001,9,27.9,month-to-month,fibre,no,no,no,no,card,0,yes,yes,1,3,1,86,no,north,no
T06045,5,38.4,one-year,dsl,no,no,no,no,card,0,no,no,1,1,0,26,no,islands,no
T06111,10,58.1,one-year,fibre,yes,no,yes,yes,card,0,yes,yes,2,1,1,88,yes,centre,no
T04981,24,87.3,two-year,fibre,yes,no,yes,no,bank transfer,0,no,yes,3,1,0,59,yes,centre,no
T05340,3,62.1,month-to-month,fibre,no,no,yes,yes,card,0,no,no,1,1,1,118,no,centre,yes
T04308,9,47.2,month-to-month,fibre,no,no,yes,no,bank transfer,0,no,no,1,0,1,51,no,south,yes
T04509,6,47.4,month-to-month,dsl,yes,no,no,yes,bank transfer,0,no,yes,2,0,1,11,no,centre,no
T00852,56,59.4,month-to-month,fibre,yes,no,yes,no,mailed check,0,yes,no,2,0,1,47,no,south,no
T03980,3,47.7,month-to-month,none,no,no,yes,yes,bank transfer,0,yes,yes,2,1,1,64,no,islands,no
T03812,14,58.7,one-year,dsl,yes,no,no,yes,mailed check,0,no,no,2,0,0,86,no,south,no
T03935,1,74.8,month-to-month,fibre,no,yes,yes,yes,e-check,0,yes,no,1,1,1,25,no,centre,no
T04327,2,84.1,two-year,none,yes,no,yes,yes,card,0,yes,no,2,0,0,163,no,north,no
T04427,19,56.3,two-year,fibre,yes,no,yes,no,mailed check,0,yes,no,1,0,0,53,yes,centre,no
T00963,54,91.4,one-year,fibre,no,no,no,no,bank transfer,0,yes,yes,2,0,1,19,no,islands,no
T06225,29,63,one-year,dsl,yes,yes,no,yes,card,0,no,no,1,0,0,36,no,centre,yes
T00698,50,50.8,one-year,none,no,yes,yes,no,bank transfer,0,yes,no,1,0,2,34,no,north,no
T05736,17,36,month-to-month,dsl,no,no,yes,yes,bank transfer,0,yes,yes,2,0,0,34,no,north,no
T03343,21,29.2,month-to-month,dsl,no,yes,yes,no,card,0,yes,yes,3,2,0,55,no,islands,yes
T03607,141,93.7,month-to-month,none,yes,yes,yes,yes,e-check,0,yes,no,2,0,1,30,no,islands,no
T00475,42,97.1,month-to-month,fibre,no,no,no,no,e-check,0,no,yes,1,0,1,126,no,north,no
T05258,9,26.3,month-to-month,fibre,no,no,yes,yes,bank transfer,0,yes,no,1,1,0,60,no,centre,no
T06802,5,105.9,month-to-month,dsl,yes,no,no,yes,card,0,no,no,2,0,0,19,no,islands,yes
T06224,33,43.2,one-year,none,no,no,no,no,card,0,yes,no,1,1,0,160,yes,north,no
T02445,5,34,two-year,none,yes,no,no,no,bank transfer,0,yes,no,1,0,1,148,no,islands,no
T05619,90,70.9,month-to-month,dsl,no,no,no,yes,bank transfer,0,no,no,1,2,0,90,no,south,yes
T04213,45,109.3,month-to-month,fibre,yes,no,yes,yes,bank transfer,0,no,yes,2,0,1,54,no,islands,yes
T00823,27,22.3,month-to-month,dsl,no,yes,yes,yes,e-check,0,no,no,1,0,1,71,no,north,no
T00850,17,33.4,one-year,none,no,yes,no,yes,bank transfer,0,yes,no,1,0,0,63,no,islands,no
T06771,106,85.9,month-to-month,none,no,no,no,no,card,0,no,no,2,0,1,24,no,centre,no
T05706,29,37.3,one-year,fibre,yes,no,yes,yes,mailed check,0,yes,yes,1,0,0,169,yes,south,no
T06113,63,87.3,two-year,fibre,yes,no,yes,no,card,0,no,no,0,1,1,6,no,islands,no
T04095,5,70.9,month-to-month,dsl,no,no,yes,no,mailed check,0,yes,yes,1,1,0,31,no,south,yes
T00332,19,77,month-to-month,fibre,no,no,yes,yes,e-check,0,yes,no,1,2,1,106,no,islands,no
T03244,47,55.2,month-to-month,fibre,no,no,yes,yes,mailed check,0,no,no,0,0,0,83,no,south,no
T05146,45,78.7,one-year,dsl,no,no,yes,yes,bank transfer,0,no,no,2,1,0,32,no,south,yes
T05478,4,109,one-year,fibre,no,yes,no,yes,card,0,no,no,0,3,0,147,yes,islands,no
T05026,15,91.3,month-to-month,dsl,no,yes,no,yes,mailed check,0,no,yes,2,0,2,37,no,south,no
T05778,32,100.5,month-to-month,dsl,yes,no,yes,yes,card,0,no,no,1,1,0,37,yes,north,no
T03305,28,91.4,one-year,fibre,no,yes,no,yes,bank transfer,0,yes,no,2,1,0,132,no,centre,yes
T04966,18,66.7,month-to-month,dsl,no,no,yes,no,card,0,yes,no,1,1,1,52,yes,islands,yes
T00748,28,77.3,month-to-month,none,yes,no,yes,yes,card,0,no,yes,1,0,1,82,no,north,no
T05571,1,78.9,one-year,fibre,no,yes,yes,no,e-check,0,yes,no,0,2,2,196,no,south,no
T03126,12,29.9,one-year,dsl,no,no,no,yes,e-check,0,no,no,2,0,1,63,no,north,no
T02487,12,87.8,two-year,dsl,yes,no,yes,no,card,0,yes,no,0,2,1,49,no,north,yes
T03185,68,68.9,month-to-month,none,no,no,yes,no,e-check,1,no,no,1,2,0,133,no,islands,no
T05521,30,61.6,month-to-month,none,yes,no,yes,yes,card,1,no,no,1,1,0,108,no,north,no
T06710,75,95.1,month-to-month,dsl,yes,yes,no,no,bank transfer,0,yes,yes,2,1,0,48,no,centre,no
T02681,19,72.7,one-year,dsl,no,no,no,yes,bank transfer,0,no,no,2,1,0,56,no,islands,no
T04030,8,84.8,one-year,fibre,no,no,no,yes,e-check,0,no,no,1,1,0,151,no,islands,no
T00886,50,25.9,month-to-month,fibre,no,no,no,no,card,0,no,no,2,2,0,231,no,islands,no
T04309,46,105,month-to-month,dsl,no,no,yes,yes,mailed check,1,yes,no,1,2,0,110,no,south,no
T04818,30,68.4,one-year,fibre,yes,no,yes,yes,e-check,0,yes,no,3,0,0,146,yes,centre,no
T04616,19,28.3,one-year,dsl,no,yes,yes,no,card,0,no,no,2,1,0,22,yes,centre,yes
T03329,25,57.9,month-to-month,none,yes,no,yes,yes,mailed check,1,no,no,2,0,3,60,yes,centre,yes
T00658,54,56,month-to-month,fibre,no,no,no,no,mailed check,1,no,no,2,1,0,135,no,south,no
T03535,47,101.5,two-year,dsl,yes,no,yes,no,mailed check,0,no,no,1,2,0,97,yes,north,no
T04358,27,72.5,two-year,fibre,no,no,yes,yes,card,0,yes,no,1,1,1,106,no,north,no
T01741,1,33.8,two-year,fibre,no,yes,yes,no,e-check,0,yes,no,3,1,0,99,no,centre,no
T00532,5,75.8,two-year,fibre,yes,no,yes,no,mailed check,0,no,yes,1,0,0,127,no,north,no
T01386,1,94.6,month-to-month,dsl,no,no,no,yes,card,0,yes,no,0,1,0,111,no,south,no
T06351,11,65.8,two-year,fibre,no,no,yes,yes,bank transfer,0,yes,no,1,1,2,42,no,centre,no
T00627,24,67.9,one-year,dsl,yes,yes,yes,yes,card,1,yes,no,1,0,0,81,no,islands,no
T01769,10,102,month-to-month,fibre,yes,no,no,no,e-check,0,yes,no,2,1,0,134,no,north,yes
T02239,8,40,two-year,dsl,yes,no,no,yes,bank transfer,0,no,yes,1,0,0,14,no,islands,no
T05439,1,101.5,one-year,dsl,no,no,no,no,e-check,0,no,no,1,2,0,238,yes,centre,no
T01052,92,68.8,one-year,dsl,no,no,yes,no,card,0,no,yes,1,2,0,50,yes,centre,no
T03854,46,75.7,month-to-month,fibre,no,yes,no,no,mailed check,0,no,no,3,0,0,22,no,south,no
T03091,30,50,month-to-month,none,yes,no,no,no,bank transfer,0,no,yes,2,2,1,119,no,north,no
T06023,4,26.7,one-year,fibre,no,yes,no,yes,e-check,0,yes,yes,1,1,2,159,no,south,no
T01795,107,95.9,month-to-month,fibre,no,no,yes,yes,mailed check,0,no,no,2,0,1,60,no,south,no
T02177,6,82.2,two-year,fibre,yes,no,yes,no,card,0,yes,yes,1,0,2,167,no,islands,no
T06982,31,36.9,two-year,dsl,no,yes,yes,yes,mailed check,0,no,no,1,1,0,73,no,south,no
T05481,5,58.8,month-to-month,fibre,no,no,yes,yes,card,0,no,yes,2,1,1,14,no,islands,yes
T02991,48,55,one-year,dsl,no,no,no,yes,bank transfer,0,no,no,1,1,1,82,no,islands,no
T04141,11,104.3,month-to-month,dsl,no,no,yes,yes,mailed check,0,no,no,1,2,0,96,no,islands,yes
T06844,16,45.1,month-to-month,dsl,no,no,no,no,e-check,0,yes,no,3,0,0,52,no,centre,no
T04739,122,86.9,one-year,fibre,yes,yes,no,yes,e-check,0,no,no,1,3,1,257,yes,centre,no
T00895,37,80.2,one-year,fibre,yes,no,yes,yes,card,0,yes,yes,1,1,1,97,yes,south,no
T03923,79,35.7,month-to-month,dsl,no,no,yes,yes,card,0,no,no,1,1,0,185,no,centre,no
T05794,5,109.5,month-to-month,dsl,no,no,yes,yes,mailed check,0,no,no,1,3,1,280,yes,centre,no
T01250,8,94,two-year,none,no,no,no,yes,bank transfer,0,yes,yes,1,1,1,99,no,islands,no
T04668,71,70.8,one-year,fibre,no,no,yes,yes,bank transfer,0,no,no,1,0,1,73,yes,south,no
T01139,5,38.5,one-year,dsl,no,yes,no,no,e-check,0,yes,no,2,1,1,39,no,south,no
T01541,19,102.2,month-to-month,dsl,no,no,yes,yes,bank transfer,0,no,yes,3,1,0,27,yes,south,no
T03940,38,69.1,one-year,dsl,no,no,no,yes,card,0,yes,yes,1,3,3,65,no,south,no
T05680,11,97.3,month-to-month,fibre,yes,yes,yes,yes,bank transfer,0,yes,yes,2,0,1,133,yes,centre,no
T01467,16,60.1,month-to-month,fibre,no,yes,no,no,card,0,yes,no,3,1,1,106,no,islands,yes
T05259,11,71.6,two-year,none,no,yes,yes,yes,mailed check,0,no,yes,2,2,1,78,no,south,no
T03892,11,51.4,one-year,dsl,no,yes,no,yes,bank transfer,0,yes,no,1,2,0,58,no,south,no
T02812,12,94.4,one-year,fibre,no,yes,no,no,bank transfer,0,no,no,0,0,3,30,no,centre,no
T00530,27,102.7,month-to-month,fibre,no,no,no,yes,mailed check,0,no,no,2,2,1,120,no,centre,no
T02173,42,94.8,one-year,none,yes,no,no,yes,mailed check,0,no,yes,1,1,1,102,no,islands,no
T01553,15,109,two-year,fibre,no,no,yes,yes,e-check,0,no,no,1,2,0,77,no,islands,yes
T05064,10,20.1,month-to-month,dsl,no,no,no,yes,e-check,1,no,no,1,1,0,42,no,south,no
T03508,35,102.1,month-to-month,fibre,yes,yes,no,yes,mailed check,0,yes,no,2,0,0,101,no,south,no
T03239,9,85.6,one-year,none,no,no,yes,no,mailed check,0,no,yes,1,1,0,32,no,north,yes
T06435,85,41.3,month-to-month,fibre,yes,no,no,no,mailed check,0,yes,no,1,3,1,4,yes,south,no
T06404,30,20,one-year,fibre,yes,yes,no,yes,card,0,no,no,1,0,2,141,no,centre,no
T06430,72,71.6,one-year,fibre,no,yes,yes,no,e-check,1,yes,no,1,0,0,68,no,south,no
T05112,6,85.4,month-to-month,none,no,no,yes,no,card,1,yes,no,1,2,1,156,no,islands,no
T02771,2,24.9,month-to-month,fibre,no,no,no,no,card,1,yes,no,2,1,1,34,yes,islands,yes
T00903,51,56.7,month-to-month,fibre,no,no,no,no,card,0,no,no,2,0,1,18,no,islands,no
T06021,3,60.5,month-to-month,fibre,no,no,yes,no,bank transfer,0,no,no,3,2,0,90,no,islands,yes
T01860,2,98.3,month-to-month,none,no,no,no,no,e-check,0,no,no,2,0,1,30,no,centre,yes
T06961,11,25.9,month-to-month,none,no,no,no,yes,bank transfer,0,no,yes,1,0,0,47,no,north,no
T05528,9,21.3,two-year,dsl,no,no,no,no,card,1,yes,no,1,0,0,218,no,north,no
T06221,43,36,one-year,fibre,no,no,yes,no,bank transfer,0,yes,no,1,0,1,10,no,islands,no
T06545,24,93.1,month-to-month,dsl,no,no,no,no,bank transfer,1,yes,no,3,1,0,84,yes,islands,no
T04910,77,36.4,one-year,none,yes,yes,yes,yes,card,0,yes,no,1,0,0,46,yes,south,no
T03112,37,45.6,one-year,none,no,no,no,yes,mailed check,0,yes,no,3,1,1,138,no,islands,no
T04578,7,52.2,month-to-month,fibre,yes,yes,no,yes,e-check,0,yes,no,1,2,0,6,no,centre,no
T06047,8,57.2,month-to-month,fibre,yes,yes,yes,yes,mailed check,1,yes,no,1,4,0,112,no,centre,yes
T05860,29,101.3,one-year,fibre,no,no,no,no,bank transfer,1,yes,no,1,0,3,79,yes,centre,no
T05699,92,53.3,month-to-month,fibre,yes,no,no,yes,bank transfer,1,no,no,0,2,1,39,no,centre,no
T04360,5,38,two-year,fibre,no,no,no,yes,bank transfer,0,no,no,0,1,1,8,no,south,no
T04130,13,42.4,one-year,fibre,yes,no,no,no,mailed check,0,no,no,1,1,0,86,no,north,yes
T06815,4,28.9,month-to-month,fibre,yes,yes,yes,no,card,1,yes,no,1,0,0,48,yes,centre,no
T05671,19,106.8,two-year,fibre,yes,yes,no,yes,mailed check,0,yes,yes,2,0,0,49,no,centre,no
T02491,1,79.3,two-year,none,no,no,yes,no,bank transfer,0,no,no,3,0,1,106,no,south,no
T05100,9,78.9,month-to-month,dsl,no,no,yes,yes,bank transfer,0,no,no,2,0,0,10,no,south,no
T03186,13,93.2,two-year,dsl,no,no,yes,yes,card,0,no,yes,2,1,0,17,yes,centre,no
T06817,9,109.4,month-to-month,fibre,yes,no,no,no,e-check,0,yes,yes,1,2,1,21,no,centre,no
T06285,45,28.4,month-to-month,fibre,no,no,no,no,card,0,no,no,1,2,2,295,no,centre,yes
T03148,19,95.4,month-to-month,none,yes,no,no,no,card,0,no,yes,1,2,0,58,no,centre,yes
T01543,96,86.6,month-to-month,none,no,no,no,yes,bank transfer,0,yes,no,3,0,0,8,no,south,no
T01185,10,101.4,month-to-month,dsl,yes,yes,no,no,mailed check,0,no,no,0,0,0,157,no,centre,yes
T03647,17,56.9,month-to-month,none,no,no,no,yes,card,0,yes,yes,1,0,2,47,no,islands,yes
T05763,18,70.6,one-year,dsl,no,no,yes,no,e-check,0,yes,no,1,0,0,52,no,islands,no
T04476,46,38.3,month-to-month,none,no,no,no,no,e-check,0,yes,yes,2,0,0,21,no,islands,no
T06644,12,77.4,two-year,fibre,yes,yes,yes,no,bank transfer,0,no,yes,3,0,1,79,no,islands,no
T05090,78,101.5,two-year,fibre,no,no,yes,yes,card,0,yes,yes,1,0,2,28,no,centre,no
T00828,5,21,month-to-month,fibre,no,no,yes,yes,e-check,0,yes,no,1,2,0,46,no,south,no
T03083,69,23.3,one-year,dsl,no,yes,no,yes,bank transfer,0,no,no,2,0,0,67,no,islands,no
T02354,16,63.6,month-to-month,dsl,no,no,no,yes,e-check,0,no,no,1,0,1,88,no,south,no
T05066,51,82.9,month-to-month,fibre,no,no,no,no,mailed check,0,yes,no,1,0,0,36,no,islands,no
T00647,9,58.4,month-to-month,none,no,no,yes,yes,e-check,0,yes,no,3,2,0,29,no,islands,no
T06360,17,38.3,two-year,none,yes,yes,yes,yes,card,0,no,yes,2,0,1,35,no,south,no
T04301,1,33,month-to-month,dsl,yes,no,no,no,mailed check,0,yes,yes,2,1,2,246,no,north,yes
T04154,57,107.8,two-year,dsl,no,no,yes,yes,bank transfer,0,no,yes,1,1,3,46,no,north,no
T00561,11,87.7,one-year,none,yes,yes,yes,yes,card,0,yes,no,2,1,0,66,no,islands,no
T02199,63,77.3,one-year,fibre,no,yes,no,yes,card,0,no,yes,1,0,0,205,yes,centre,no
T06990,1,103.3,one-year,fibre,no,yes,no,yes,mailed check,0,no,yes,3,1,1,83,no,islands,no
T02691,34,86.4,two-year,dsl,no,no,no,yes,mailed check,0,no,no,0,0,0,53,no,islands,no
T06155,18,31,month-to-month,none,yes,no,yes,yes,bank transfer,0,no,no,1,1,2,45,no,islands,no
T03833,58,39.2,two-year,fibre,no,no,yes,yes,mailed check,1,no,no,2,0,2,41,no,north,no
T05036,2,65.4,month-to-month,dsl,no,no,yes,yes,bank transfer,0,no,yes,1,0,1,58,no,south,no
T06659,1,44,two-year,dsl,no,no,yes,yes,bank transfer,0,no,yes,0,0,0,40,no,south,yes
T03894,29,72.9,month-to-month,dsl,yes,no,no,yes,card,1,no,no,1,0,0,79,yes,south,no
T05533,22,100.8,month-to-month,none,yes,yes,yes,yes,e-check,0,yes,no,1,2,1,228,no,centre,no
T03795,18,69.2,month-to-month,dsl,no,no,no,yes,mailed check,0,yes,no,2,2,0,90,no,north,no
T03767,25,91.9,month-to-month,dsl,no,no,yes,yes,mailed check,0,no,yes,1,1,1,53,no,north,yes
T00791,28,86.3,two-year,dsl,no,no,no,yes,bank transfer,0,no,no,1,1,0,213,no,islands,no
T01773,5,59.7,month-to-month,none,no,no,no,no,mailed check,0,yes,yes,1,1,0,42,no,islands,no
T06096,20,108.7,month-to-month,fibre,no,no,no,yes,e-check,0,yes,no,2,2,2,71,no,centre,yes
T05346,13,40.2,month-to-month,dsl,no,no,no,yes,bank transfer,0,no,yes,2,1,0,47,no,south,no
T03219,9,39.8,month-to-month,fibre,no,yes,yes,yes,bank transfer,0,no,no,2,0,0,119,no,centre,yes
T01552,41,109.1,two-year,dsl,no,yes,no,yes,mailed check,0,no,no,1,2,1,146,no,centre,no
T06749,4,79.7,month-to-month,fibre,no,no,yes,yes,e-check,0,no,no,2,0,0,120,yes,islands,no
T06908,33,26.8,month-to-month,fibre,no,no,yes,no,bank transfer,0,yes,no,1,1,0,114,yes,centre,yes
T02357,31,76.6,one-year,fibre,yes,no,no,no,mailed check,0,yes,yes,1,0,1,246,no,north,no
T02132,32,47.3,month-to-month,fibre,yes,no,yes,yes,bank transfer,0,yes,no,3,1,1,134,no,north,no
T03618,5,69.6,two-year,dsl,no,yes,yes,no,bank transfer,0,yes,no,2,2,0,143,no,south,no
T01567,8,97,two-year,dsl,no,yes,no,yes,bank transfer,1,no,yes,2,1,0,139,no,centre,no
T05805,18,90.4,one-year,fibre,no,no,yes,yes,bank transfer,0,no,no,2,2,0,29,no,centre,yes
T00135,2,89,month-to-month,fibre,no,yes,yes,no,e-check,0,no,no,1,0,0,91,no,islands,yes
T02985,65,59.7,month-to-month,dsl,yes,no,yes,yes,e-check,0,no,no,1,0,0,17,no,islands,no
T05314,34,108.4,month-to-month,fibre,no,no,yes,no,e-check,0,yes,no,1,0,0,73,no,north,yes
T00027,46,87,month-to-month,dsl,no,yes,yes,no,e-check,1,no,yes,1,0,0,27,no,south,no
T02910,18,52.8,month-to-month,none,no,no,no,yes,bank transfer,0,no,no,1,0,0,64,no,centre,yes
T05158,2,66.5,one-year,fibre,no,no,no,no,bank transfer,0,no,no,1,0,1,65,yes,islands,yes
T01342,1,46.4,two-year,fibre,yes,no,yes,yes,bank transfer,0,yes,no,0,1,2,25,no,centre,no
T04105,36,60.7,month-to-month,fibre,no,no,yes,yes,card,0,yes,yes,1,2,0,17,no,centre,no
T02936,35,44.3,one-year,dsl,no,no,no,yes,bank transfer,1,no,no,1,0,2,169,no,islands,no
T03897,47,28.9,one-year,dsl,no,yes,no,yes,card,1,no,yes,1,0,0,45,no,north,no
T06362,9,63.4,month-to-month,dsl,no,yes,yes,yes,bank transfer,0,yes,no,2,2,0,47,no,islands,no
T05169,5,78.6,two-year,fibre,no,no,yes,yes,mailed check,1,yes,no,2,1,1,295,no,centre,no
T06723,54,102.3,month-to-month,dsl,yes,yes,no,no,card,0,no,no,2,0,1,70,no,north,yes
T06831,26,82.7,month-to-month,fibre,no,yes,no,yes,e-check,0,yes,no,1,2,2,65,no,centre,yes
T00201,55,51.2,one-year,fibre,yes,no,no,no,card,0,no,no,1,0,0,160,yes,north,no
T00362,16,38.2,month-to-month,dsl,no,yes,yes,yes,card,0,yes,no,1,1,3,74,no,centre,no
T03421,1,39.8,two-year,fibre,no,no,yes,no,e-check,0,yes,no,2,0,1,32,no,islands,no
T02710,70,64.9,month-to-month,fibre,yes,yes,yes,yes,mailed check,0,yes,no,2,1,0,45,no,south,no
T06241,5,21.2,month-to-month,fibre,yes,no,yes,no,card,0,no,no,1,0,0,47,no,south,no
T02925,34,71.7,two-year,none,no,yes,yes,no,bank transfer,0,yes,yes,0,0,1,112,no,south,no
T03158,1,52.9,month-to-month,fibre,no,no,no,no,e-check,0,yes,yes,1,2,1,65,no,north,yes
T02921,12,68.2,month-to-month,none,no,yes,yes,no,bank transfer,0,no,no,0,0,0,48,yes,islands,yes
T05742,69,90.6,month-to-month,none,no,yes,no,yes,card,0,yes,yes,1,3,0,170,no,south,yes
T01150,49,37.1,month-to-month,none,no,no,no,yes,bank transfer,0,yes,yes,1,3,1,45,yes,south,no
T04329,1,69.6,two-year,dsl,no,yes,no,no,e-check,0,no,yes,2,0,1,22,no,islands,no
T06628,19,74,month-to-month,fibre,no,yes,yes,yes,e-check,0,yes,yes,1,2,1,92,no,south,yes
T00513,45,67,one-year,none,no,yes,no,no,mailed check,0,yes,no,2,0,1,70,no,south,no
T00473,1,102,two-year,dsl,no,no,yes,no,card,0,no,no,1,1,0,67,no,south,no
T05707,7,31.9,month-to-month,fibre,no,yes,no,yes,e-check,1,no,no,2,1,0,15,no,centre,no
T00397,19,57.5,two-year,fibre,yes,no,yes,yes,card,1,no,no,3,0,0,289,no,north,no
T06219,12,83.2,month-to-month,dsl,yes,no,no,no,e-check,0,no,no,2,3,0,19,no,islands,no
T01381,2,98.5,one-year,fibre,no,no,yes,no,mailed check,0,yes,no,1,0,0,31,no,islands,no
T05282,2,50.6,month-to-month,fibre,no,yes,no,no,e-check,0,no,yes,0,0,0,50,no,south,no
T04805,33,54.6,two-year,dsl,no,yes,no,yes,bank transfer,0,no,yes,1,0,0,123,no,south,no
T06457,31,30.9,two-year,none,no,no,no,yes,e-check,0,no,no,3,1,1,133,yes,north,no
T05078,37,83.3,month-to-month,fibre,no,no,yes,no,e-check,0,no,no,1,2,0,36,no,north,yes
T06145,47,44.6,one-year,fibre,yes,no,no,no,e-check,0,yes,no,1,1,0,84,no,south,no
T00142,21,25.6,month-to-month,fibre,yes,yes,no,yes,bank transfer,0,no,no,1,0,1,21,no,islands,no
T01793,34,109.8,two-year,fibre,no,no,no,no,e-check,0,yes,no,1,0,1,33,no,south,yes
T01125,29,86.5,one-year,dsl,yes,yes,yes,no,mailed check,0,no,no,2,0,0,184,no,south,no
T02138,8,79.6,month-to-month,fibre,no,yes,yes,no,e-check,1,yes,no,1,1,0,35,no,south,yes
T05609,76,98.2,month-to-month,none,yes,yes,yes,yes,mailed check,0,no,yes,3,0,1,104,no,islands,no
T05666,5,46.7,month-to-month,dsl,yes,yes,no,yes,e-check,0,yes,no,2,0,0,34,no,islands,yes
T04591,17,55.1,month-to-month,fibre,no,no,no,yes,card,0,no,no,1,1,1,47,no,islands,yes
T06582,46,26.3,two-year,fibre,no,no,no,no,card,0,yes,yes,1,0,2,74,no,north,no
T04445,11,105.3,month-to-month,none,no,no,no,no,bank transfer,1,no,no,1,1,0,50,yes,south,yes
T00255,10,108.3,two-year,dsl,no,no,no,no,card,0,no,yes,2,2,0,136,no,south,no
T05993,13,61.2,one-year,none,no,no,no,yes,card,0,no,yes,1,0,0,96,no,south,no
T04715,97,69.3,month-to-month,none,no,no,no,yes,e-check,0,yes,no,1,0,2,52,no,centre,no
T05475,21,64.4,month-to-month,dsl,no,no,no,yes,card,0,yes,no,1,1,0,67,no,centre,yes
T00432,97,23.1,month-to-month,fibre,no,no,no,no,mailed check,0,no,yes,1,3,0,32,no,centre,yes
T06109,46,96,two-year,fibre,yes,no,yes,yes,bank transfer,0,no,no,1,2,0,18,no,south,no
T05806,3,52.1,month-to-month,fibre,no,yes,yes,yes,mailed check,0,yes,yes,2,0,0,26,no,centre,no
T00145,2,45.6,one-year,dsl,no,no,no,yes,e-check,0,no,yes,2,0,0,16,no,south,yes
T03218,7,81,month-to-month,fibre,yes,yes,no,yes,card,0,yes,yes,0,0,0,82,no,north,no
T02355,1,100,month-to-month,dsl,no,yes,yes,no,mailed check,0,no,no,2,1,2,54,no,south,no
T06490,2,83.1,month-to-month,dsl,yes,no,no,yes,card,0,yes,no,0,1,0,61,yes,south,yes
T04010,20,45.6,month-to-month,none,no,no,yes,no,e-check,0,yes,no,1,2,0,81,no,north,yes
T03216,23,72,two-year,dsl,yes,no,yes,yes,card,0,yes,no,2,1,0,40,no,islands,no
T03232,5,61.6,month-to-month,fibre,no,no,no,no,mailed check,0,yes,no,1,0,0,101,no,north,yes
T01634,10,22.2,one-year,dsl,no,no,yes,yes,bank transfer,0,yes,yes,2,1,0,116,yes,south,no
T01087,40,88.9,month-to-month,dsl,yes,yes,yes,no,e-check,1,yes,no,3,1,0,28,no,centre,no
T05665,10,60.4,one-year,dsl,yes,no,yes,yes,e-check,0,no,yes,1,1,2,9,no,centre,yes
T01264,42,94.1,month-to-month,dsl,yes,no,no,no,card,0,no,no,2,0,0,52,yes,north,no
T04143,13,92.3,month-to-month,fibre,yes,no,yes,no,e-check,1,yes,no,2,0,0,86,yes,north,no
T05248,12,68.4,one-year,fibre,yes,no,yes,no,card,0,no,no,1,2,1,70,no,south,no
T04131,142,25.9,month-to-month,dsl,yes,no,yes,yes,bank transfer,0,yes,no,2,1,1,16,no,south,no
T02593,105,34.1,two-year,fibre,no,no,yes,yes,mailed check,0,yes,yes,1,2,0,295,no,north,no
T06447,47,102.8,one-year,fibre,yes,yes,no,no,mailed check,0,no,no,3,1,0,72,yes,islands,no
T03389,27,33.1,one-year,none,no,no,yes,yes,mailed check,0,no,no,1,1,0,74,no,centre,no
T02897,37,50.5,month-to-month,none,no,no,yes,no,card,0,no,no,2,2,1,32,no,south,yes
T06790,39,25.9,month-to-month,fibre,no,yes,no,yes,mailed check,1,yes,no,2,2,0,34,yes,islands,no
T06989,33,99.2,two-year,fibre,yes,yes,yes,yes,card,0,yes,no,1,1,1,24,no,islands,no
T03697,42,21.5,month-to-month,fibre,yes,no,no,yes,e-check,1,no,no,0,2,0,68,no,islands,yes
T03190,10,97.2,month-to-month,dsl,no,no,no,yes,card,0,no,yes,1,1,0,71,no,centre,yes
T04585,50,49.3,two-year,fibre,yes,yes,no,yes,mailed check,1,no,yes,2,1,1,61,no,north,no
T00755,47,45.4,one-year,none,no,yes,yes,no,card,0,yes,yes,1,0,2,77,no,south,no
T01238,2,96.1,month-to-month,fibre,no,yes,yes,yes,e-check,0,no,no,1,1,0,33,yes,north,yes
T04771,6,72.1,two-year,fibre,no,yes,yes,yes,e-check,0,yes,no,2,1,0,73,no,centre,yes
T00796,39,68.2,month-to-month,fibre,no,yes,no,no,bank transfer,0,yes,no,3,0,0,213,no,centre,no
T02044,1,81.2,two-year,dsl,no,no,yes,yes,card,0,no,yes,3,1,1,44,yes,south,no
T05489,27,109.7,month-to-month,fibre,no,no,yes,yes,card,1,no,no,1,0,0,78,no,north,yes
T00438,16,70.3,month-to-month,fibre,no,no,no,no,bank transfer,1,no,no,1,2,2,41,no,south,yes
T05148,8,28.7,one-year,fibre,yes,yes,no,no,bank transfer,0,no,no,2,2,2,25,no,centre,no
T04843,127,108.5,month-to-month,fibre,no,no,yes,no,mailed check,1,yes,yes,0,2,0,270,no,centre,yes
T04170,88,46.1,two-year,none,no,no,no,yes,bank transfer,0,no,no,2,3,0,99,no,south,no
T01761,31,20.4,month-to-month,none,no,yes,no,no,e-check,0,no,no,1,1,0,122,no,islands,no
T04551,75,78,one-year,fibre,yes,no,no,no,mailed check,0,no,yes,0,0,1,22,no,islands,no
T00348,44,109,one-year,fibre,no,yes,no,yes,bank transfer,0,no,no,1,0,1,48,no,islands,no
T05241,2,93.7,month-to-month,dsl,yes,yes,no,yes,card,0,no,no,1,1,1,64,no,islands,no
T05386,68,67.5,month-to-month,fibre,no,yes,yes,no,bank transfer,0,yes,yes,2,0,2,34,yes,north,no
T05132,25,35.8,month-to-month,fibre,no,no,yes,yes,mailed check,0,yes,no,2,0,1,49,no,islands,yes
T05952,5,52.2,one-year,fibre,no,yes,yes,yes,card,0,no,no,2,1,0,63,no,islands,yes
T00266,29,71.4,month-to-month,dsl,yes,yes,no,yes,card,0,no,no,1,0,0,43,no,centre,no
T00160,4,31.9,month-to-month,none,no,yes,no,no,card,1,no,no,1,0,1,48,no,centre,no
T04212,61,35.6,month-to-month,dsl,no,yes,yes,yes,e-check,1,yes,yes,1,0,0,103,no,islands,no
T05301,13,49.9,month-to-month,fibre,yes,yes,no,no,card,0,yes,yes,2,1,0,47,no,islands,no
T00764,4,72.9,one-year,fibre,yes,yes,yes,yes,e-check,0,no,no,2,1,0,204,no,north,no
T01753,44,42.6,one-year,fibre,yes,yes,no,no,card,0,no,no,1,1,0,144,no,centre,no
T01042,9,97.4,month-to-month,fibre,no,no,yes,yes,e-check,0,no,yes,0,0,0,22,no,islands,yes
T00701,74,36.4,month-to-month,dsl,no,no,yes,yes,mailed check,0,no,yes,1,0,1,18,no,south,yes
T06232,19,74.7,two-year,dsl,no,yes,yes,yes,bank transfer,0,yes,no,1,0,0,45,yes,south,no
T05167,44,96,month-to-month,dsl,no,no,no,yes,e-check,0,yes,yes,1,0,2,237,no,south,yes
T06460,14,58.1,month-to-month,none,no,no,yes,no,bank transfer,1,no,yes,0,2,2,77,no,islands,yes
T01592,1,109.3,two-year,fibre,no,no,yes,yes,card,0,yes,no,2,0,0,101,no,islands,no
T02916,29,64,month-to-month,none,no,no,no,yes,card,0,yes,yes,1,0,0,38,no,centre,no
T01796,14,58.1,two-year,none,no,no,no,yes,e-check,0,yes,no,1,0,0,107,no,islands,no
T02850,27,36.1,month-to-month,dsl,no,yes,yes,yes,bank transfer,0,no,no,2,0,2,65,no,south,no
T06898,39,77.4,month-to-month,fibre,no,no,yes,yes,mailed check,1,yes,no,1,1,0,75,no,south,yes
T03520,12,88.4,month-to-month,none,no,yes,yes,yes,e-check,0,yes,yes,1,1,0,5,no,islands,no
T05944,1,45.8,one-year,fibre,no,no,no,yes,bank transfer,0,no,yes,2,0,0,51,no,islands,no
T03240,15,31.1,month-to-month,fibre,yes,yes,yes,no,mailed check,0,yes,no,1,1,1,43,yes,centre,no
T03783,37,66.7,month-to-month,fibre,no,no,yes,yes,e-check,0,no,no,1,1,1,12,yes,north,yes
T01827,28,27.2,one-year,none,yes,yes,no,yes,card,0,no,no,1,0,1,37,no,centre,no
T04192,13,107.9,two-year,none,no,no,no,no,mailed check,1,no,yes,1,1,0,44,no,islands,no
T04207,35,32.7,one-year,dsl,yes,yes,no,yes,mailed check,0,no,no,3,0,0,73,yes,islands,no
T01490,14,104.2,one-year,dsl,no,no,yes,yes,mailed check,0,yes,no,1,0,0,43,no,centre,yes
T05949,37,102.2,two-year,dsl,no,no,yes,yes,e-check,0,yes,no,1,1,0,56,no,centre,no
T04935,74,98.1,two-year,none,no,no,yes,yes,mailed check,0,no,no,0,1,0,165,no,north,no
T03419,33,83.2,one-year,fibre,yes,yes,no,no,bank transfer,1,yes,no,1,0,0,93,no,centre,no
T02915,9,105.9,month-to-month,fibre,yes,no,no,yes,e-check,0,yes,yes,1,0,0,30,no,islands,yes
T01307,5,95.2,two-year,dsl,no,no,no,no,e-check,0,yes,yes,0,0,1,94,no,south,no
T02935,9,56.8,month-to-month,fibre,yes,no,no,yes,e-check,0,yes,no,0,1,1,48,no,islands,yes
T03366,15,86.6,two-year,dsl,no,no,no,yes,bank transfer,1,no,no,1,0,3,47,no,centre,no
T02592,3,23.8,month-to-month,fibre,no,yes,yes,no,mailed check,1,yes,yes,3,1,0,47,no,north,no
T02302,10,38.7,one-year,fibre,yes,yes,yes,yes,e-check,0,yes,no,0,1,0,225,no,centre,no
T05787,38,37.5,one-year,dsl,yes,no,no,yes,mailed check,0,no,no,2,3,0,7,yes,south,no
T03975,41,66.1,one-year,dsl,no,no,no,yes,e-check,0,no,no,1,0,1,74,no,islands,no
T04854,19,64.8,one-year,dsl,no,no,yes,yes,bank transfer,0,no,no,2,0,0,88,no,north,no
T02832,6,50.6,one-year,fibre,no,no,no,yes,card,0,yes,no,2,0,2,127,no,centre,yes
T00470,18,85.3,month-to-month,dsl,yes,no,no,yes,mailed check,0,no,yes,2,0,0,139,no,centre,no
T05025,16,40.4,month-to-month,dsl,yes,no,yes,yes,mailed check,0,yes,no,1,2,3,50,no,north,yes
T00351,5,63.3,month-to-month,dsl,no,no,no,yes,bank transfer,0,no,no,0,0,0,134,no,islands,no
T03959,20,29.7,month-to-month,dsl,yes,yes,no,yes,bank transfer,0,yes,yes,2,1,1,44,no,islands,no
T04204,47,66.9,two-year,dsl,yes,no,yes,yes,e-check,0,yes,no,1,0,3,27,no,south,no
T02852,24,73.4,one-year,dsl,yes,no,yes,no,e-check,0,yes,yes,0,1,1,244,no,islands,no
T02532,15,63.3,month-to-month,fibre,yes,no,no,no,e-check,0,no,no,1,0,0,22,no,islands,no
T06337,13,58.9,one-year,fibre,no,yes,yes,yes,card,0,yes,no,0,2,0,89,yes,islands,no
T00116,26,81.5,month-to-month,fibre,no,yes,no,no,bank transfer,0,yes,no,1,0,0,41,no,islands,no
T06530,13,52.9,two-year,fibre,no,no,yes,no,card,0,yes,no,1,0,1,103,no,south,no
T06180,53,109.5,month-to-month,none,yes,no,yes,no,e-check,0,no,no,1,1,0,19,no,south,no
T03513,41,26.2,month-to-month,dsl,no,no,no,no,mailed check,0,no,yes,2,0,2,94,no,north,no
T01807,20,94.4,month-to-month,fibre,yes,yes,yes,no,mailed check,1,no,no,1,0,1,29,no,islands,yes
T02557,28,22.8,two-year,fibre,no,no,no,no,mailed check,0,yes,yes,0,0,0,108,no,north,no
T03385,21,41.8,month-to-month,dsl,yes,no,no,yes,mailed check,0,yes,no,1,0,0,133,no,south,no
T05373,49,65.7,one-year,dsl,no,yes,yes,yes,card,1,no,no,1,1,0,85,yes,south,no
T04334,65,89.4,one-year,fibre,yes,no,no,no,bank transfer,1,no,no,3,0,0,73,no,north,no
T05065,7,90.9,month-to-month,fibre,no,no,no,no,bank transfer,0,no,no,1,0,0,56,no,centre,no
T05455,17,37.9,month-to-month,fibre,no,no,no,yes,e-check,0,yes,no,1,1,1,47,no,south,yes
T01154,25,109.1,month-to-month,dsl,no,no,yes,no,bank transfer,0,no,yes,2,0,0,57,no,centre,no
T03491,6,71.1,one-year,none,no,no,no,no,card,0,no,no,1,1,0,137,yes,south,no
T06025,34,69.7,month-to-month,fibre,yes,no,no,yes,bank transfer,0,yes,no,1,0,0,41,no,islands,no
T01223,19,91.5,month-to-month,none,yes,no,no,yes,bank transfer,0,yes,no,3,1,1,104,no,north,yes
T05653,15,80,month-to-month,fibre,yes,no,yes,no,bank transfer,0,yes,no,1,1,0,53,no,centre,no
T01944,1,101.4,month-to-month,fibre,no,no,no,no,e-check,1,no,yes,1,0,0,84,yes,south,no
T04946,18,91,month-to-month,fibre,no,no,yes,no,mailed check,0,no,yes,1,0,1,51,yes,centre,no
T04809,21,63.1,month-to-month,none,no,yes,yes,no,bank transfer,0,no,no,2,0,0,58,no,south,no
T03369,30,94.7,month-to-month,fibre,no,yes,yes,yes,card,0,yes,yes,2,0,0,91,no,north,no
T06698,65,71.4,one-year,none,no,no,yes,yes,bank transfer,1,yes,no,3,0,1,83,no,centre,no
T02578,2,58.3,one-year,fibre,yes,no,no,no,e-check,0,no,no,2,1,1,62,no,centre,yes
T02183,22,108.4,month-to-month,fibre,no,yes,yes,no,bank transfer,0,no,yes,3,0,1,123,no,centre,no
T06195,126,66.5,one-year,fibre,yes,no,no,yes,e-check,0,yes,yes,0,0,0,43,no,north,no
T00234,81,24.7,month-to-month,fibre,no,yes,no,yes,bank transfer,1,no,no,1,0,1,74,no,south,no
T03703,1,87.7,month-to-month,fibre,no,no,no,no,mailed check,1,no,yes,1,2,0,41,no,centre,yes
T01160,55,39.8,month-to-month,fibre,no,no,no,yes,e-check,0,yes,yes,2,1,0,30,no,islands,yes
T00178,1,48.2,one-year,none,no,yes,yes,no,mailed check,0,yes,no,2,0,0,59,yes,islands,yes
T01904,4,84.9,month-to-month,none,no,no,yes,yes,e-check,0,yes,no,0,1,0,51,yes,south,yes
T02627,5,107,month-to-month,fibre,yes,no,yes,no,card,1,no,no,1,0,1,133,no,islands,no
T04930,20,109.3,one-year,dsl,yes,no,no,yes,bank transfer,0,no,no,1,1,0,63,no,south,no
T03157,1,90.6,month-to-month,fibre,no,no,no,no,mailed check,0,yes,no,2,1,2,54,no,south,yes
T02967,4,52,month-to-month,fibre,yes,yes,yes,no,e-check,1,yes,yes,2,1,0,119,no,islands,yes
T02531,35,82,month-to-month,fibre,no,no,no,yes,mailed check,1,no,yes,0,1,0,48,yes,south,yes
T04990,18,61.1,one-year,dsl,yes,yes,yes,no,bank transfer,0,yes,no,1,0,1,53,no,centre,no
T05275,25,68.7,two-year,none,no,yes,no,yes,card,0,yes,no,2,1,0,18,yes,south,no
T02497,46,32.9,month-to-month,none,no,yes,yes,yes,e-check,0,yes,no,2,0,1,82,no,north,no
T04971,53,49.7,month-to-month,dsl,no,no,no,yes,mailed check,0,yes,no,0,1,0,8,yes,centre,no
T04251,156,83.8,month-to-month,fibre,yes,yes,no,yes,card,0,no,yes,3,1,2,22,yes,south,yes
T06552,77,49,month-to-month,none,no,no,yes,yes,card,0,yes,no,0,2,0,20,no,centre,yes
T01361,5,59.3,one-year,dsl,no,no,no,no,mailed check,0,yes,no,1,0,1,141,no,centre,no
T04566,7,25.9,two-year,dsl,no,yes,no,yes,bank transfer,0,no,no,2,1,1,61,no,north,no
T02776,28,96.7,one-year,none,no,no,no,yes,e-check,0,no,no,1,0,1,76,no,centre,no
T05673,27,65.4,month-to-month,fibre,no,yes,yes,no,mailed check,0,yes,no,2,1,1,45,yes,south,no
T00932,27,74,one-year,none,no,no,yes,yes,bank transfer,0,no,yes,2,1,1,140,no,north,no
T05235,33,20,month-to-month,fibre,yes,no,no,no,e-check,0,no,no,1,0,1,31,no,south,no
T00437,9,77.2,month-to-month,fibre,yes,yes,no,yes,card,0,yes,yes,1,0,0,96,no,south,yes
T06187,3,81.9,two-year,dsl,no,no,yes,yes,bank transfer,0,yes,no,1,0,2,156,no,north,no
T03566,4,60.9,one-year,dsl,yes,yes,no,no,card,0,no,no,2,3,1,37,yes,north,yes
T06152,5,36,month-to-month,fibre,no,yes,no,no,e-check,0,yes,yes,2,1,1,74,no,islands,yes
T04190,53,92,month-to-month,fibre,yes,yes,no,no,mailed check,0,yes,no,3,0,1,52,yes,south,no
T03689,67,31.9,month-to-month,dsl,no,yes,yes,no,mailed check,0,yes,yes,1,2,1,152,no,north,no
T04916,7,50.1,month-to-month,fibre,no,no,no,yes,card,0,no,no,1,3,0,113,no,centre,yes
T05692,12,37.7,month-to-month,fibre,no,no,no,yes,bank transfer,0,no,no,3,2,2,56,no,islands,yes
T05153,4,57.5,one-year,fibre,yes,no,yes,yes,bank transfer,0,yes,no,0,0,0,136,no,islands,no
T03259,36,86,two-year,fibre,no,no,yes,yes,card,0,no,no,1,0,0,22,no,centre,no
T01912,128,42.2,month-to-month,none,no,no,no,no,bank transfer,1,no,no,1,2,0,51,yes,north,no
T05807,2,41.7,two-year,fibre,no,no,yes,yes,card,0,yes,no,2,0,1,105,no,centre,no
T02035,23,97.8,month-to-month,fibre,no,no,no,yes,e-check,1,yes,yes,1,1,0,64,no,centre,no
T06249,13,49.8,month-to-month,dsl,yes,no,yes,no,card,0,no,no,1,1,0,80,yes,north,no
T02511,18,40,one-year,dsl,no,yes,no,no,mailed check,0,no,no,1,4,0,81,no,centre,no
T01327,4,64.8,month-to-month,fibre,yes,yes,yes,yes,mailed check,0,no,yes,1,0,1,123,yes,north,no
T01094,34,98.9,one-year,fibre,no,no,yes,no,card,0,no,no,1,0,0,60,no,islands,no
T02764,32,106.3,month-to-month,dsl,yes,no,no,yes,mailed check,0,no,no,1,0,1,40,yes,south,no
T02449,50,25.1,month-to-month,fibre,no,no,yes,no,mailed check,0,yes,no,1,2,0,15,no,centre,yes
T03492,57,89.2,month-to-month,fibre,no,yes,yes,yes,bank transfer,0,yes,no,1,0,0,150,no,south,yes
T00465,15,73.7,one-year,none,no,yes,yes,yes,e-check,0,yes,no,1,0,0,80,no,north,no
T06415,14,89.8,one-year,fibre,no,yes,no,yes,e-check,1,yes,no,0,1,1,111,no,north,no
T01288,70,81.7,month-to-month,none,yes,yes,yes,no,e-check,0,no,no,2,1,1,31,yes,centre,no
T04876,38,97.9,month-to-month,none,yes,yes,no,no,mailed check,0,no,no,0,3,0,212,no,centre,yes
T01262,1,66.5,month-to-month,fibre,no,no,yes,no,e-check,0,no,no,0,2,0,29,yes,centre,yes
T04348,20,85,one-year,fibre,yes,no,yes,no,mailed check,0,yes,no,1,1,1,218,no,centre,yes
T01409,15,35.7,two-year,fibre,no,no,yes,no,bank transfer,0,no,no,1,1,0,124,yes,north,no
T02856,31,51.4,month-to-month,dsl,no,no,no,yes,e-check,1,yes,yes,1,1,0,84,no,north,yes
T02133,54,94.6,one-year,none,no,no,no,yes,bank transfer,1,yes,no,2,0,0,139,no,north,no
T03473,14,103.6,two-year,fibre,no,no,no,no,card,1,no,yes,0,1,1,66,no,islands,no
T05255,4,85.8,month-to-month,dsl,no,no,no,yes,card,0,yes,yes,1,1,2,3,no,north,yes
T02712,119,67.5,month-to-month,fibre,no,no,yes,yes,mailed check,1,no,no,0,1,2,103,no,centre,yes
T04706,2,74.1,one-year,dsl,no,no,no,yes,card,0,yes,yes,2,0,0,21,no,north,no
T04123,59,86.8,month-to-month,none,no,yes,no,no,mailed check,0,no,no,2,1,0,98,no,north,no
T01857,2,46.6,one-year,dsl,yes,yes,yes,yes,e-check,1,yes,yes,0,1,1,37,no,south,no
T03217,2,85.9,month-to-month,fibre,no,no,yes,yes,card,1,no,yes,1,1,1,11,no,south,no
T01609,76,96.1,one-year,none,no,yes,yes,yes,mailed check,0,no,no,1,1,2,197,no,centre,no
T03751,23,28.5,month-to-month,fibre,yes,no,yes,no,bank transfer,0,yes,no,2,0,0,25,no,north,no
T03197,47,97.7,month-to-month,dsl,yes,no,yes,no,card,0,yes,yes,2,0,0,34,no,south,no
T04120,32,86,month-to-month,fibre,no,no,no,no,e-check,0,yes,no,1,0,1,56,no,islands,no
T05009,18,84.5,two-year,fibre,yes,no,yes,yes,bank transfer,0,yes,yes,1,0,0,65,no,centre,no
T03071,5,40.2,month-to-month,none,yes,no,yes,no,bank transfer,0,no,no,3,1,1,101,no,centre,yes
T02049,55,75.6,month-to-month,none,yes,no,yes,no,bank transfer,0,no,no,2,0,1,168,no,centre,no
T06631,1,44.9,two-year,dsl,yes,no,no,yes,card,1,no,no,1,0,1,141,no,north,no
T05184,18,108.2,month-to-month,fibre,yes,no,no,yes,mailed check,0,no,no,1,1,0,42,no,islands,no
T00156,5,26.4,month-to-month,fibre,no,yes,yes,no,bank transfer,0,no,no,1,0,1,46,no,islands,yes
T05000,94,39.4,two-year,dsl,yes,no,no,yes,bank transfer,0,yes,no,1,1,1,13,yes,islands,no
T00836,48,57.4,month-to-month,dsl,no,no,no,yes,bank transfer,0,no,no,1,1,1,226,no,islands,no
T01239,44,96.9,month-to-month,dsl,no,no,yes,yes,e-check,0,no,no,1,0,1,84,no,north,no
T03707,49,99.9,one-year,dsl,no,yes,no,yes,card,0,yes,yes,0,1,1,90,no,north,no
T05218,18,23.5,month-to-month,fibre,yes,no,yes,yes,mailed check,0,no,no,2,1,0,84,no,north,yes
T02223,12,59.5,month-to-month,none,yes,no,yes,yes,e-check,0,no,no,0,0,0,56,no,north,yes
T04945,19,70.9,month-to-month,dsl,yes,no,yes,yes,mailed check,0,yes,yes,0,0,1,68,no,centre,no
T01817,10,54.4,one-year,fibre,yes,no,no,yes,bank transfer,0,yes,no,1,1,0,13,no,north,yes
T06431,1,82.3,two-year,fibre,yes,no,yes,yes,bank transfer,1,no,no,0,1,0,32,no,islands,no
T03225,24,24.4,two-year,fibre,yes,yes,no,no,card,0,no,no,2,0,0,28,no,north,no
T03436,8,98.5,one-year,dsl,yes,yes,yes,yes,mailed check,0,yes,no,3,0,0,182,no,centre,no
T04173,8,46.4,month-to-month,fibre,no,no,yes,yes,e-check,0,yes,no,1,1,1,74,no,islands,no
T04902,24,62.7,month-to-month,none,no,yes,yes,yes,card,0,no,no,1,0,0,132,no,north,yes
T03424,23,55.8,one-year,fibre,no,yes,no,no,bank transfer,0,yes,yes,0,0,0,29,yes,south,no
T01023,46,101.1,month-to-month,fibre,no,no,yes,yes,e-check,0,yes,no,1,0,0,72,no,islands,yes
T05406,8,42,month-to-month,dsl,no,no,no,yes,e-check,1,no,no,2,0,0,21,yes,north,no
T03025,43,23.6,month-to-month,dsl,no,no,no,yes,card,0,no,no,1,1,1,51,no,south,no
T00335,28,106.9,month-to-month,none,yes,no,yes,no,bank transfer,0,yes,no,2,0,1,119,no,centre,no
T01207,12,47,two-year,none,no,no,no,yes,mailed check,0,no,no,3,1,0,87,yes,centre,no
T02675,6,85.7,month-to-month,fibre,yes,no,yes,yes,mailed check,0,no,no,2,1,0,123,no,south,no
T02048,5,45.4,one-year,fibre,no,yes,yes,yes,mailed check,0,no,no,1,3,1,12,no,islands,yes
T04311,24,102,two-year,none,no,no,yes,no,bank transfer,0,yes,yes,1,0,0,74,no,south,no
T03237,14,62.5,two-year,dsl,yes,yes,no,no,card,0,yes,no,2,0,0,71,no,north,no
T02463,15,31.4,month-to-month,none,no,no,no,yes,card,0,no,no,1,1,0,26,no,islands,no
T02723,2,106.2,month-to-month,none,no,no,yes,yes,bank transfer,0,no,no,0,0,0,41,no,north,yes
T04284,11,31.7,two-year,none,no,no,no,no,card,0,yes,no,2,0,0,74,yes,south,no
T00333,15,46.9,month-to-month,none,no,no,no,no,mailed check,0,no,no,1,4,0,20,yes,south,no
T01908,32,108,one-year,fibre,yes,yes,yes,yes,mailed check,0,no,no,1,0,0,135,no,islands,no
T02560,9,56.6,month-to-month,none,yes,no,yes,no,mailed check,0,no,yes,2,3,0,25,no,north,no
T02232,21,102,month-to-month,fibre,yes,yes,yes,yes,mailed check,0,yes,no,1,0,2,142,no,centre,no
T04882,53,94.9,month-to-month,dsl,yes,no,no,no,mailed check,0,yes,no,1,2,1,50,no,south,no
T06658,40,65.9,two-year,dsl,yes,yes,yes,no,mailed check,0,yes,yes,2,3,1,39,no,centre,no
T00839,32,90.7,month-to-month,fibre,no,no,no,no,card,0,no,no,3,1,0,46,no,north,yes
T05932,66,98.2,month-to-month,dsl,yes,yes,yes,yes,card,0,no,no,2,1,1,99,yes,north,no
T02882,5,47.9,two-year,dsl,no,no,no,yes,bank transfer,0,yes,no,1,1,1,103,no,south,no
T06087,9,56.2,month-to-month,fibre,no,no,no,yes,e-check,1,no,no,1,1,0,32,no,islands,no
T05075,6,34.6,month-to-month,fibre,no,no,yes,no,bank transfer,0,no,yes,1,0,1,185,no,centre,yes
T02099,19,44.4,two-year,none,no,no,no,yes,e-check,0,no,no,1,1,0,43,no,centre,no
T05207,40,59.1,month-to-month,fibre,no,yes,no,no,bank transfer,0,no,no,1,0,2,108,no,centre,no
T05063,11,69.7,two-year,dsl,yes,no,no,yes,bank transfer,0,no,no,1,1,0,68,no,islands,no
T05846,41,82.9,month-to-month,dsl,no,yes,yes,yes,bank transfer,1,yes,no,2,2,0,32,no,south,yes
T01060,4,42.9,two-year,dsl,no,no,yes,yes,e-check,0,yes,no,0,1,0,55,no,north,no
T02820,27,97.7,month-to-month,dsl,no,no,yes,no,bank transfer,0,yes,no,1,0,0,5,no,south,no
T06130,34,54.6,month-to-month,dsl,no,no,no,yes,card,0,yes,yes,1,0,0,73,no,south,yes
T06579,5,58.8,month-to-month,none,no,yes,yes,yes,bank transfer,1,yes,no,1,0,0,38,no,south,yes
T01867,17,48.4,month-to-month,none,no,no,no,no,e-check,1,no,no,1,0,1,103,no,north,no
T03288,11,36.6,month-to-month,none,no,no,no,yes,bank transfer,0,yes,no,1,2,0,210,yes,north,yes
T00205,50,52.7,month-to-month,none,no,no,no,no,bank transfer,0,yes,no,2,5,0,85,no,islands,yes
T00093,22,105.6,month-to-month,dsl,no,yes,yes,yes,e-check,0,no,no,1,0,0,20,no,north,yes
T00790,3,40.5,one-year,dsl,no,yes,no,yes,mailed check,0,yes,no,1,1,0,77,no,islands,no
T03044,13,30.8,month-to-month,none,no,no,no,no,card,0,yes,no,2,0,0,55,no,south,yes
T06175,25,39.3,two-year,fibre,yes,no,no,no,mailed check,0,no,no,1,0,1,72,no,centre,no
T05197,15,94.9,one-year,fibre,no,yes,no,no,card,1,yes,no,2,0,0,97,no,south,no
T05747,8,88.3,one-year,fibre,no,no,yes,yes,card,0,no,no,0,2,0,17,no,centre,no
T04731,1,39.5,month-to-month,dsl,no,yes,no,yes,e-check,1,yes,yes,1,1,0,85,no,south,yes
T00293,22,26.3,two-year,dsl,no,no,no,yes,bank transfer,0,yes,no,2,0,0,145,no,centre,no
T03124,21,68.9,one-year,dsl,no,yes,yes,yes,mailed check,0,no,no,2,1,0,117,no,islands,no
T03659,6,94.7,month-to-month,dsl,no,no,yes,yes,bank transfer,1,yes,yes,1,0,1,4,no,north,no
T03762,34,56.8,month-to-month,fibre,yes,yes,no,no,card,0,yes,no,2,0,1,146,no,centre,no
T01027,14,98.9,two-year,fibre,no,no,yes,yes,e-check,0,no,no,2,1,2,204,no,south,no
T06568,3,51.8,one-year,fibre,no,no,no,yes,bank transfer,0,yes,no,0,0,1,202,no,islands,no
T06256,15,90.2,one-year,fibre,no,no,no,no,bank transfer,0,no,yes,2,0,2,29,no,north,no
T01665,13,63.6,month-to-month,fibre,no,no,no,yes,e-check,0,yes,yes,0,2,0,40,no,south,no
T04049,104,93.1,month-to-month,none,no,yes,no,no,bank transfer,1,no,yes,2,0,1,62,no,south,no
T04672,23,53.8,month-to-month,fibre,yes,yes,yes,yes,mailed check,0,yes,no,2,0,2,25,no,south,no
T05985,4,34.8,two-year,fibre,no,yes,yes,yes,bank transfer,0,no,no,2,0,0,88,no,islands,no
T05470,47,45.8,month-to-month,none,yes,no,no,yes,bank transfer,0,yes,no,2,0,0,62,no,centre,no
T00302,76,40.2,two-year,fibre,no,yes,no,yes,e-check,0,no,yes,2,0,1,79,yes,centre,no
T03507,2,70.9,one-year,none,no,no,yes,yes,bank transfer,1,yes,yes,2,2,0,27,no,south,no
T00855,31,42.3,two-year,dsl,no,no,yes,no,e-check,0,no,yes,1,2,1,25,no,islands,no
T00481,157,39.3,month-to-month,fibre,no,no,no,yes,bank transfer,0,yes,no,1,1,0,89,no,north,no
T01695,27,98.1,month-to-month,dsl,yes,no,yes,yes,e-check,0,yes,no,1,1,0,38,no,north,yes
T04128,46,60.4,month-to-month,fibre,no,no,yes,yes,mailed check,1,no,no,1,2,0,50,no,north,yes
T05092,18,93.4,month-to-month,dsl,no,no,no,yes,bank transfer,0,yes,no,1,1,1,49,no,islands,yes
T03791,51,78.2,two-year,fibre,yes,no,no,yes,bank transfer,1,no,yes,0,3,1,106,no,islands,no
T01603,42,71.2,two-year,dsl,no,yes,no,yes,bank transfer,0,yes,yes,3,1,1,46,yes,north,no
T02926,45,104.4,two-year,dsl,no,no,yes,no,bank transfer,0,no,no,2,1,0,101,no,islands,no
T00795,15,82.5,two-year,fibre,no,yes,yes,no,card,0,no,no,1,0,0,24,no,islands,no
T01965,22,102,month-to-month,fibre,yes,yes,no,no,e-check,1,yes,yes,1,0,1,123,no,centre,no
T02633,58,109.5,month-to-month,fibre,no,no,no,no,bank transfer,0,no,yes,3,1,0,208,no,south,no
T03404,6,28,one-year,dsl,no,yes,no,no,bank transfer,1,no,yes,1,0,0,214,yes,north,no
T05898,29,98.4,one-year,none,no,yes,no,yes,e-check,0,no,no,2,1,0,224,yes,north,no
T03425,9,41.7,month-to-month,dsl,yes,yes,yes,no,bank transfer,0,yes,yes,2,1,1,77,no,islands,no
T04144,18,26.1,month-to-month,dsl,no,no,yes,yes,bank transfer,0,yes,no,1,0,0,87,no,centre,no
T03437,43,21.8,two-year,fibre,no,yes,no,yes,mailed check,0,no,no,1,3,0,63,no,south,yes
T06076,39,52.4,month-to-month,dsl,no,no,yes,yes,e-check,0,yes,no,1,0,1,47,no,islands,no
T05445,55,91,month-to-month,dsl,no,no,no,yes,card,0,no,no,0,0,0,123,no,north,no
T05260,4,40.6,month-to-month,dsl,no,yes,yes,no,bank transfer,0,yes,yes,2,0,2,141,yes,islands,no
T02040,29,92.8,month-to-month,dsl,yes,no,yes,yes,e-check,0,no,yes,0,1,0,88,no,south,yes
T01994,37,30.4,one-year,none,no,yes,no,no,card,0,yes,no,1,0,1,44,no,south,no
T04896,131,78.3,month-to-month,fibre,yes,no,yes,no,bank transfer,0,no,no,2,0,0,74,no,islands,no
T06859,1,100,one-year,fibre,no,no,no,yes,e-check,0,yes,no,1,0,2,256,no,islands,yes
T04103,22,33.5,one-year,none,no,no,yes,yes,e-check,0,yes,no,1,1,1,186,no,south,no
T01491,15,80.5,month-to-month,dsl,no,yes,no,no,e-check,0,no,no,0,2,2,67,yes,islands,no
T02392,28,61.2,month-to-month,dsl,no,no,yes,yes,card,0,yes,no,2,1,0,58,no,islands,no
T00110,11,52.9,month-to-month,dsl,no,yes,yes,no,bank transfer,0,no,no,1,0,0,113,no,islands,no
T01859,35,20.3,month-to-month,dsl,yes,no,yes,yes,card,0,no,no,2,0,1,102,yes,islands,no
T00197,12,30.3,one-year,fibre,no,no,yes,no,bank transfer,0,no,yes,2,0,0,109,no,north,no
T04799,125,109.4,month-to-month,fibre,no,yes,no,yes,mailed check,0,yes,yes,2,1,1,150,no,north,no
T04992,67,65.4,month-to-month,dsl,no,yes,yes,yes,mailed check,0,no,no,3,1,0,99,yes,south,no
T00009,20,81.5,month-to-month,none,yes,no,no,yes,bank transfer,0,yes,no,1,0,1,60,no,centre,no
T02316,18,23.1,one-year,fibre,no,no,no,yes,e-check,0,no,no,1,0,0,87,no,south,yes
T01704,75,106.4,one-year,none,no,no,yes,yes,e-check,1,no,yes,2,0,0,26,no,south,no
T00168,35,106.7,month-to-month,fibre,no,yes,no,yes,card,0,no,no,3,0,0,76,no,centre,no
T06896,22,60.3,two-year,dsl,no,no,yes,yes,bank transfer,0,yes,no,1,1,1,100,no,north,no
T05134,17,49.9,month-to-month,fibre,no,yes,no,no,bank transfer,0,yes,yes,2,1,1,74,no,south,no
T05781,15,95.9,month-to-month,none,yes,no,yes,no,e-check,0,yes,no,1,0,0,90,no,islands,yes
T04457,10,46.9,one-year,dsl,yes,no,no,yes,bank transfer,0,yes,yes,1,0,0,43,no,north,no
T02651,41,64.1,month-to-month,fibre,yes,no,yes,no,mailed check,0,no,no,1,2,1,28,yes,north,yes
T02912,24,36.6,two-year,dsl,yes,no,yes,no,bank transfer,1,yes,yes,2,0,1,59,no,centre,no
T02438,11,79.8,one-year,dsl,yes,no,no,no,e-check,0,no,no,1,2,0,99,no,south,no
T04463,7,108.4,month-to-month,none,no,no,yes,yes,e-check,0,no,no,1,1,1,43,yes,islands,yes
T05801,4,102.2,one-year,fibre,yes,no,yes,no,card,0,no,yes,1,0,1,6,no,centre,yes
T03661,4,43.7,month-to-month,none,no,yes,no,yes,e-check,0,yes,no,1,1,2,76,yes,south,no
T04102,17,53,two-year,fibre,no,no,yes,no,bank transfer,0,no,yes,1,1,0,167,no,north,no
T04299,26,43.7,month-to-month,none,yes,yes,yes,yes,card,0,yes,no,1,1,1,100,yes,north,no
T03238,1,79,month-to-month,fibre,yes,no,no,no,e-check,1,yes,no,2,1,0,213,no,south,no
T06201,37,59.8,month-to-month,none,no,no,no,yes,card,0,no,no,2,2,0,91,no,north,no
T03453,33,107.8,two-year,dsl,no,yes,no,yes,mailed check,0,yes,no,2,0,0,19,no,islands,no
T03003,57,65.9,one-year,none,no,yes,yes,yes,card,0,yes,no,2,0,2,149,yes,north,no
T03982,1,93.9,one-year,dsl,no,no,yes,yes,mailed check,0,no,no,1,0,0,42,no,centre,no
T03316,15,64,two-year,dsl,no,no,no,yes,card,0,no,no,2,1,0,147,no,islands,yes
T02424,23,98,one-year,fibre,yes,no,no,no,card,0,yes,no,1,1,1,82,yes,south,no
T01726,23,70.9,one-year,fibre,yes,yes,no,yes,e-check,0,no,no,1,0,0,130,no,north,no
T03748,54,28.8,one-year,fibre,no,no,no,yes,mailed check,1,no,no,0,0,0,55,no,south,no
T01674,14,36.2,month-to-month,none,no,yes,yes,yes,e-check,0,no,no,2,0,1,148,yes,north,no
T04086,13,54.5,month-to-month,fibre,no,no,no,no,mailed check,0,no,yes,0,1,1,40,yes,centre,no
T01308,31,62.5,two-year,fibre,yes,no,no,yes,mailed check,0,yes,no,1,0,0,92,no,south,no
T01746,18,74.3,month-to-month,dsl,no,yes,yes,no,bank transfer,1,no,no,1,1,1,44,yes,north,no
T06503,12,81.8,month-to-month,fibre,no,no,yes,no,mailed check,0,yes,no,1,2,0,209,no,centre,yes
T06729,1,104,month-to-month,fibre,no,no,no,no,mailed check,0,no,no,1,1,0,126,no,centre,yes
T03519,42,36.9,two-year,dsl,no,yes,yes,yes,mailed check,0,yes,yes,1,1,3,37,no,north,no
T04274,21,81.6,month-to-month,fibre,no,no,yes,yes,mailed check,0,yes,no,1,1,0,144,no,islands,no
T05400,20,100.2,two-year,dsl,yes,yes,no,yes,e-check,0,yes,no,1,1,0,37,no,islands,no
T00489,29,92,two-year,none,yes,yes,no,yes,e-check,0,yes,yes,0,0,0,74,no,centre,no
T04606,22,48.8,month-to-month,dsl,no,no,yes,yes,bank transfer,0,yes,yes,2,2,1,66,no,north,yes
T00179,1,68.3,month-to-month,dsl,yes,no,yes,no,card,1,yes,yes,2,2,0,90,yes,north,no
T02508,16,93.3,month-to-month,none,no,no,no,yes,bank transfer,0,no,no,1,0,0,68,no,south,no
T05799,4,27.5,one-year,dsl,no,no,no,yes,card,0,no,no,2,1,0,66,no,south,no
T03006,58,66.8,month-to-month,fibre,yes,no,no,no,bank transfer,0,no,no,1,0,0,43,no,centre,no
T03486,7,25.6,one-year,fibre,no,no,yes,no,card,0,no,no,2,1,0,69,no,centre,yes
T02885,49,37.3,two-year,fibre,no,no,no,yes,e-check,0,no,no,2,1,0,137,no,islands,no
T04147,37,78.6,month-to-month,dsl,yes,yes,yes,yes,e-check,0,no,yes,0,0,0,61,no,islands,yes
T00052,6,107.9,month-to-month,fibre,yes,yes,no,no,mailed check,0,yes,no,2,0,0,126,no,centre,no
T06843,17,82.3,one-year,dsl,no,no,no,yes,mailed check,0,yes,yes,2,0,0,74,yes,south,no
T04288,33,57.8,two-year,dsl,no,yes,yes,no,card,0,no,yes,0,0,0,58,no,north,no
T00702,21,57.7,two-year,fibre,no,no,no,no,e-check,0,yes,no,3,0,1,27,no,north,no
T05910,29,42.7,month-to-month,dsl,yes,yes,yes,no,e-check,0,yes,yes,2,2,0,18,no,south,yes
T01453,35,97.8,one-year,dsl,yes,no,no,yes,e-check,0,yes,yes,3,0,1,63,no,centre,no
T04861,71,36.6,one-year,none,yes,no,no,yes,card,0,no,no,1,1,0,37,no,islands,no
T01579,23,95.4,month-to-month,dsl,yes,no,no,yes,card,0,no,no,1,0,1,230,yes,islands,no
T00611,3,90.4,month-to-month,none,yes,yes,yes,yes,e-check,0,no,yes,2,2,0,7,no,north,yes
T05004,94,84.3,month-to-month,dsl,no,yes,no,no,bank transfer,0,yes,no,0,1,0,47,no,centre,no
T06141,25,49,two-year,dsl,no,no,yes,no,card,0,no,yes,1,0,0,45,no,north,no
T00155,57,70.7,one-year,none,yes,no,yes,no,card,0,yes,no,1,1,0,63,yes,south,no
T06674,54,83.9,month-to-month,fibre,yes,no,yes,yes,mailed check,0,yes,yes,1,1,0,51,no,islands,no
T03606,127,82.6,month-to-month,none,no,yes,yes,yes,mailed check,0,yes,no,1,0,0,126,no,islands,yes
T01738,33,73.2,one-year,dsl,no,no,no,yes,bank transfer,0,yes,no,2,2,2,185,no,islands,yes
T01638,49,26.8,month-to-month,dsl,no,no,yes,no,e-check,0,yes,yes,1,0,0,69,no,islands,no
T06661,2,81,month-to-month,fibre,no,no,yes,no,bank transfer,0,yes,no,3,0,0,12,no,south,yes
T03281,83,96.6,month-to-month,dsl,no,yes,no,yes,e-check,0,yes,no,2,0,1,25,no,centre,no
T06164,35,42.3,month-to-month,dsl,yes,no,no,no,mailed check,0,no,no,1,0,1,32,no,centre,no
T05755,9,77.2,one-year,none,no,no,no,yes,e-check,0,yes,no,1,1,0,83,no,south,no
T04374,26,60.1,month-to-month,none,yes,yes,no,yes,mailed check,0,yes,yes,2,1,1,174,no,islands,no
T01537,42,78.7,one-year,none,yes,no,no,yes,mailed check,0,yes,no,2,0,0,102,no,centre,no
T02225,6,52.3,one-year,dsl,no,yes,yes,no,bank transfer,0,yes,yes,0,1,0,5,no,islands,yes
T00471,107,63.8,month-to-month,none,no,no,no,yes,e-check,1,yes,yes,2,1,0,133,no,centre,no
T01026,38,37.5,month-to-month,dsl,no,no,yes,no,mailed check,1,yes,yes,3,1,1,64,no,islands,no
T06035,6,21.6,month-to-month,fibre,yes,no,yes,yes,bank transfer,0,no,no,1,1,0,22,no,islands,no
T04223,112,71.1,month-to-month,dsl,no,yes,yes,yes,e-check,0,no,yes,2,1,1,161,no,islands,yes
T01335,12,37.7,month-to-month,none,no,yes,no,no,card,0,yes,no,1,1,0,9,no,centre,no
T00186,6,23.9,one-year,fibre,yes,no,no,yes,bank transfer,0,yes,yes,1,3,0,118,no,north,no
T00695,75,65.6,one-year,dsl,yes,yes,yes,no,bank transfer,1,yes,no,0,0,0,163,no,south,no
T00935,27,91.7,month-to-month,fibre,no,no,no,yes,bank transfer,0,yes,no,2,0,0,243,no,centre,no
T04808,24,27.3,one-year,fibre,yes,no,yes,no,e-check,0,no,no,1,1,0,78,no,south,yes
T00763,3,51.1,two-year,dsl,no,no,yes,yes,bank transfer,1,yes,no,1,0,0,42,no,islands,no
T05667,35,78.7,month-to-month,dsl,no,yes,no,no,e-check,0,no,no,0,1,0,34,yes,south,no
T00607,10,86.7,two-year,none,no,no,no,no,e-check,0,yes,yes,1,0,1,202,no,south,no
T01209,1,44,two-year,dsl,yes,no,yes,yes,card,1,no,yes,1,1,0,150,no,south,no
T00863,18,46.3,month-to-month,fibre,no,yes,no,no,bank transfer,0,yes,yes,1,1,0,105,no,south,no
T06077,17,23.9,two-year,fibre,no,yes,no,no,card,0,yes,no,0,0,1,27,no,centre,no
T06052,9,66.8,two-year,dsl,no,no,no,no,e-check,0,no,no,0,1,1,43,no,islands,no
T02480,50,82.3,two-year,none,no,yes,yes,no,mailed check,0,no,yes,1,0,1,13,yes,centre,no
T03592,5,106.4,month-to-month,none,yes,yes,yes,yes,e-check,0,yes,yes,1,2,3,18,no,north,yes
T03809,38,31.3,two-year,fibre,no,no,no,no,card,1,yes,yes,1,0,0,86,yes,islands,no
T01095,17,80.1,month-to-month,none,yes,no,no,yes,e-check,1,no,yes,1,0,0,61,no,north,yes
T05744,63,107.9,month-to-month,fibre,yes,no,yes,yes,card,1,no,no,1,0,1,33,no,centre,no
T04313,108,102.8,month-to-month,dsl,yes,yes,no,no,mailed check,0,yes,no,1,0,0,107,no,south,no
T02655,25,99.7,one-year,fibre,yes,no,yes,yes,mailed check,0,yes,no,2,0,0,32,no,south,no
T03308,39,38,month-to-month,dsl,yes,no,no,yes,e-check,0,yes,no,3,0,0,22,no,centre,no
T03569,21,96.2,two-year,fibre,no,yes,no,no,card,0,no,no,1,1,1,157,no,south,no
T01915,22,93.5,two-year,fibre,yes,no,yes,no,e-check,0,yes,no,2,1,0,74,no,north,no
T02237,31,20.9,two-year,fibre,yes,no,yes,yes,bank transfer,0,yes,yes,1,0,0,130,no,south,no
T05190,59,59.1,month-to-month,dsl,no,no,yes,no,bank transfer,1,yes,yes,3,1,0,74,no,centre,no
T00583,10,58.7,one-year,fibre,no,no,yes,yes,e-check,0,yes,no,1,0,0,16,no,south,yes
T04834,5,74.5,two-year,dsl,yes,no,yes,yes,mailed check,1,no,yes,3,0,0,56,no,south,no
T02152,69,88.9,two-year,dsl,yes,no,no,yes,e-check,0,yes,yes,2,0,0,137,no,north,no
T05223,10,88,month-to-month,none,no,no,no,no,card,0,no,no,0,0,1,175,no,south,yes
T01024,22,28.1,month-to-month,dsl,no,yes,no,yes,bank transfer,0,no,yes,2,1,3,147,no,south,no
T01171,144,59.3,month-to-month,none,yes,no,no,yes,mailed check,0,yes,no,1,0,1,167,yes,islands,no
T03101,5,95.2,month-to-month,fibre,yes,no,no,yes,bank transfer,0,no,no,3,0,0,55,yes,north,no
T03772,9,27.5,one-year,fibre,no,no,yes,yes,e-check,1,yes,no,0,0,0,12,no,south,no
T05981,101,58.6,month-to-month,fibre,no,no,no,yes,card,0,no,yes,2,0,1,57,no,south,no
T05524,1,100.2,one-year,fibre,no,yes,no,no,mailed check,0,no,yes,1,3,1,188,no,islands,yes
T00249,10,81.2,two-year,fibre,no,no,yes,yes,mailed check,0,yes,yes,1,1,0,36,no,centre,no
T03324,9,49.3,one-year,none,no,no,no,yes,mailed check,0,yes,no,3,0,0,20,no,centre,no
T02603,6,77,month-to-month,fibre,no,no,no,no,e-check,1,yes,no,1,1,0,90,no,islands,no
T04465,137,64.4,one-year,fibre,no,no,no,yes,card,0,no,no,1,0,1,22,no,north,no
T05982,7,21.2,two-year,none,no,yes,no,no,mailed check,0,yes,no,1,0,3,63,no,south,no
T05796,6,100.8,month-to-month,dsl,no,no,yes,yes,e-check,0,yes,yes,1,0,0,184,no,south,yes
T05557,1,30.9,month-to-month,dsl,no,no,no,yes,e-check,0,no,yes,2,2,0,100,yes,north,no
T06894,8,48.1,month-to-month,dsl,yes,no,yes,yes,card,0,no,no,3,0,0,10,no,islands,yes
T01273,4,30.5,month-to-month,dsl,no,no,yes,no,card,0,no,yes,1,1,1,47,yes,north,no
T03562,13,84.4,month-to-month,dsl,yes,yes,no,yes,bank transfer,0,no,no,1,0,0,67,no,islands,no
T02010,51,44.1,one-year,dsl,no,no,no,yes,card,0,yes,yes,1,0,3,86,no,islands,no
T06846,16,25,month-to-month,none,no,no,no,yes,e-check,0,no,yes,3,0,1,105,no,islands,yes
T01566,34,92.8,month-to-month,none,no,yes,no,no,mailed check,0,no,no,1,0,0,16,no,islands,yes
T06426,5,107.7,one-year,fibre,yes,no,no,yes,mailed check,0,no,yes,2,0,0,76,no,islands,no
T01435,12,98.1,month-to-month,dsl,yes,no,yes,no,bank transfer,0,no,no,1,1,2,133,no,north,yes
T02977,21,66.1,one-year,none,yes,no,yes,yes,mailed check,0,yes,no,2,1,0,11,yes,islands,no
T06226,3,97.5,two-year,fibre,no,no,yes,yes,mailed check,0,no,yes,0,0,1,123,no,centre,yes
T06323,26,25.5,month-to-month,fibre,yes,no,no,yes,card,0,yes,no,0,0,1,55,no,islands,no
T06402,12,89.2,one-year,none,no,yes,no,yes,bank transfer,0,no,yes,1,0,1,84,no,south,no
T04420,24,60,one-year,fibre,no,no,no,yes,e-check,0,no,yes,1,0,1,52,no,centre,no
T06119,35,82.4,two-year,none,yes,yes,no,no,card,0,no,yes,0,0,0,39,yes,centre,no
T06694,1,40.4,one-year,none,yes,yes,no,yes,bank transfer,0,no,no,1,0,0,105,no,south,no
T04194,53,78.6,one-year,fibre,no,yes,no,yes,bank transfer,1,no,no,1,0,2,43,yes,north,no
T02966,65,27.6,one-year,none,no,yes,yes,yes,e-check,1,yes,yes,2,0,1,51,no,islands,no
T05615,32,105,month-to-month,dsl,no,yes,no,no,card,0,yes,no,2,2,2,118,yes,islands,no
T04798,13,75.4,month-to-month,dsl,no,yes,yes,yes,card,0,yes,no,2,2,1,69,yes,centre,no
T06636,1,68.5,one-year,dsl,no,no,no,yes,e-check,1,no,no,2,0,0,57,no,south,no
T03690,72,55.7,two-year,none,yes,no,yes,no,mailed check,0,yes,no,2,2,0,50,no,islands,no
T02280,42,104.4,month-to-month,fibre,yes,yes,no,no,mailed check,0,yes,no,2,0,0,161,no,south,yes
T03326,5,104,two-year,fibre,no,no,yes,no,bank transfer,0,no,yes,1,0,4,26,yes,islands,no
T00069,35,35.8,month-to-month,fibre,no,no,yes,no,e-check,0,yes,yes,2,1,0,5,no,south,yes
T03677,2,65.8,two-year,dsl,no,no,yes,no,bank transfer,0,no,no,2,2,1,104,no,islands,no
T00295,50,93.6,month-to-month,fibre,yes,no,yes,no,bank transfer,0,yes,yes,3,0,1,23,no,south,no
T04629,42,81.3,month-to-month,dsl,no,no,no,no,e-check,0,no,no,2,1,1,30,yes,islands,yes
T01577,4,88.9,two-year,fibre,no,yes,no,yes,mailed check,0,yes,yes,2,0,1,45,yes,centre,no
T02845,7,30.8,one-year,dsl,no,no,no,yes,card,0,yes,yes,1,0,1,212,no,north,no
T03552,19,45.4,two-year,fibre,no,no,yes,no,card,0,no,yes,2,0,0,83,yes,islands,no
T01985,12,36.8,month-to-month,dsl,no,yes,no,yes,e-check,0,no,no,1,3,1,82,no,south,no
T06704,4,104.9,month-to-month,none,no,yes,no,yes,mailed check,0,no,yes,2,2,1,80,yes,islands,no
T00431,1,34,month-to-month,fibre,no,yes,yes,yes,mailed check,0,no,yes,1,2,1,38,yes,south,yes
T02372,13,49.5,one-year,none,no,yes,yes,yes,card,0,yes,no,1,2,0,43,no,centre,no
T03076,6,26.4,month-to-month,none,yes,no,no,yes,bank transfer,0,no,no,2,0,3,197,no,south,yes
T06676,2,70.4,month-to-month,fibre,yes,no,no,no,e-check,0,yes,no,2,1,0,68,no,south,yes
T06257,21,50.9,two-year,fibre,yes,yes,yes,yes,mailed check,0,yes,no,1,0,0,39,no,centre,no
T03736,14,50.9,month-to-month,fibre,yes,no,yes,yes,bank transfer,0,no,yes,0,1,0,9,no,south,yes
T04393,23,61.2,month-to-month,none,yes,no,yes,yes,bank transfer,0,no,no,0,1,1,74,no,centre,no
T03010,4,68.5,month-to-month,dsl,no,yes,no,no,card,0,yes,yes,1,0,1,67,no,islands,yes
T00598,30,83.6,one-year,none,no,no,no,yes,bank transfer,0,no,yes,0,0,1,40,yes,centre,no
T06448,1,40.2,month-to-month,none,yes,yes,no,yes,bank transfer,1,no,yes,3,0,1,65,no,islands,no
T01413,39,47.9,month-to-month,fibre,no,yes,yes,no,card,0,no,no,1,2,1,61,yes,south,no
T00195,42,95.1,month-to-month,dsl,no,no,no,yes,bank transfer,1,no,no,2,1,1,20,no,islands,yes
T01909,56,75,one-year,dsl,yes,yes,yes,yes,e-check,0,no,no,1,0,0,133,no,north,no
T06268,11,86.4,month-to-month,fibre,yes,yes,yes,yes,card,0,yes,yes,0,1,1,280,yes,islands,no
T03920,14,104.6,two-year,fibre,no,no,yes,yes,bank transfer,1,no,no,2,1,0,48,yes,south,yes
T02417,67,41.2,month-to-month,dsl,no,no,yes,yes,card,0,no,no,2,0,0,50,no,islands,no
T02687,46,35.3,month-to-month,dsl,yes,no,no,no,bank transfer,0,no,no,1,0,1,105,no,islands,no
T05313,13,81.4,month-to-month,fibre,no,yes,yes,yes,card,1,no,no,2,2,2,38,yes,centre,yes
T01285,15,75,one-year,fibre,no,no,yes,yes,mailed check,1,yes,no,2,0,0,21,yes,centre,no
T03051,67,77.7,month-to-month,dsl,yes,no,yes,no,e-check,0,yes,yes,3,1,0,123,no,centre,yes
T01747,15,76,month-to-month,none,no,yes,yes,no,mailed check,0,yes,no,0,3,0,58,no,islands,yes
T01901,2,76.4,month-to-month,dsl,no,no,yes,no,mailed check,0,yes,yes,1,1,0,80,no,islands,no
T01710,1,62.2,two-year,dsl,no,yes,no,no,bank transfer,0,no,no,1,2,0,21,no,centre,no
T03093,18,62.5,two-year,dsl,no,no,yes,yes,bank transfer,0,yes,no,2,1,1,13,yes,centre,no
T00681,55,64.3,one-year,none,no,yes,yes,no,mailed check,0,yes,no,2,1,0,58,no,centre,no
T02430,2,104.1,month-to-month,fibre,yes,no,yes,yes,card,1,yes,no,1,0,0,123,yes,islands,yes
T01865,22,109.1,month-to-month,fibre,no,no,no,no,bank transfer,0,no,no,1,1,2,43,no,centre,yes
T03691,3,40.8,one-year,fibre,yes,no,yes,yes,bank transfer,0,no,no,2,1,0,188,no,centre,no
T06833,42,99.3,month-to-month,none,yes,no,no,yes,bank transfer,0,yes,no,1,1,0,155,no,islands,no
T01642,21,94,two-year,fibre,yes,no,no,no,card,0,yes,no,2,1,0,96,no,north,no
T06759,1,30.3,two-year,fibre,no,no,no,yes,mailed check,0,no,no,1,1,1,70,yes,north,no
T03121,77,56.5,month-to-month,fibre,yes,no,no,no,card,0,yes,no,3,3,0,84,no,north,yes
T06055,6,103.3,month-to-month,fibre,yes,yes,yes,no,mailed check,0,no,no,2,2,0,66,no,north,yes
T00078,35,42.6,month-to-month,fibre,yes,yes,no,yes,card,0,no,no,1,2,0,38,no,south,yes
T01604,28,72.6,two-year,fibre,yes,yes,yes,yes,mailed check,0,no,yes,3,2,0,168,no,islands,no
T06719,1,23.4,two-year,fibre,no,yes,no,yes,card,0,yes,yes,2,0,1,46,no,islands,no
T03058,3,102.2,month-to-month,none,yes,no,no,yes,mailed check,0,yes,no,1,0,1,131,no,north,no
T02106,19,97.4,one-year,dsl,no,no,no,yes,card,0,no,no,1,1,0,75,yes,islands,no
T03470,9,107.2,month-to-month,fibre,no,yes,no,yes,bank transfer,0,yes,yes,0,0,1,52,yes,south,no
T00275,5,53.8,month-to-month,fibre,no,yes,no,no,mailed check,0,no,yes,0,2,1,49,no,centre,no
T06298,36,46.6,month-to-month,fibre,no,no,yes,no,card,0,no,yes,1,2,0,62,no,south,yes
T03954,82,43.8,two-year,dsl,no,yes,no,yes,mailed check,0,yes,yes,0,0,0,86,yes,centre,no
T06743,17,38.5,two-year,fibre,no,yes,no,yes,mailed check,0,no,no,3,0,0,161,no,north,no
T02276,10,92.5,month-to-month,fibre,yes,no,no,no,mailed check,0,no,no,2,0,0,37,no,north,yes
T04235,48,57.1,one-year,fibre,yes,no,yes,no,card,0,no,yes,3,0,1,119,no,centre,no
T04401,42,46.6,two-year,fibre,no,yes,no,no,mailed check,0,yes,no,1,0,1,85,yes,north,no
T04135,6,83.1,month-to-month,none,no,yes,yes,no,e-check,0,yes,no,2,2,1,44,no,south,no
T02198,41,33.7,two-year,none,no,yes,no,no,bank transfer,0,no,yes,1,0,0,133,no,north,no
T01220,1,80.7,one-year,dsl,yes,no,no,yes,bank transfer,0,yes,yes,0,1,1,39,no,north,no
T06736,89,38.9,month-to-month,fibre,yes,yes,no,yes,card,0,no,no,1,1,0,224,no,north,yes
T06131,26,70.1,month-to-month,dsl,no,yes,no,yes,card,1,no,no,0,2,2,26,no,islands,yes
T05899,10,109.6,month-to-month,dsl,no,no,no,yes,card,0,yes,yes,1,0,0,12,no,north,no
T02739,86,64.5,two-year,dsl,yes,no,no,yes,e-check,0,yes,no,0,0,0,99,no,north,no
T04318,57,77.1,month-to-month,dsl,no,yes,no,yes,mailed check,0,yes,no,2,0,1,148,no,south,no
T04117,59,38,one-year,fibre,no,no,no,no,e-check,0,yes,no,0,1,0,83,yes,south,no
T01733,52,39.6,one-year,dsl,no,no,no,yes,e-check,0,no,no,2,1,2,58,no,north,no
T01255,11,94.9,month-to-month,fibre,no,no,no,no,bank transfer,0,yes,no,0,1,1,113,no,centre,yes
T02100,12,40.1,one-year,dsl,yes,yes,no,no,bank transfer,0,no,yes,2,0,0,105,no,centre,yes
T04129,15,53.1,month-to-month,none,no,no,yes,no,e-check,1,yes,no,2,2,0,115,yes,north,no
T03320,16,80.2,month-to-month,fibre,no,no,yes,no,bank transfer,0,yes,yes,1,1,1,25,yes,south,yes
T02602,62,92.5,month-to-month,dsl,no,no,no,no,card,0,yes,no,1,0,0,9,yes,south,no
T06392,43,71.4,two-year,none,no,yes,no,no,bank transfer,0,no,no,1,0,0,21,no,south,no
T02563,21,89.8,month-to-month,fibre,yes,yes,yes,yes,bank transfer,0,no,yes,1,2,0,64,no,south,no
T05508,8,41.6,one-year,fibre,yes,no,yes,yes,e-check,1,no,no,1,2,0,41,no,north,yes
T04642,33,44.7,one-year,none,no,yes,yes,yes,card,0,no,no,1,2,1,51,no,islands,yes
T02391,16,86,month-to-month,none,no,no,yes,no,mailed check,0,no,no,2,0,1,27,no,south,no
T04548,15,107.9,two-year,dsl,no,yes,yes,yes,bank transfer,0,yes,no,1,0,0,150,no,north,no
T05310,19,78.9,month-to-month,none,no,yes,no,yes,mailed check,1,no,no,1,2,2,129,no,south,no
T00914,17,42.6,one-year,none,no,no,yes,no,card,0,no,no,1,2,0,43,no,centre,no
T04873,19,55.3,month-to-month,none,yes,no,no,no,card,0,yes,yes,3,0,0,16,no,north,no
T01200,16,35.8,month-to-month,fibre,no,yes,no,yes,bank transfer,0,no,no,1,0,0,29,no,islands,no
T03040,6,56.3,one-year,dsl,no,yes,no,yes,e-check,0,yes,yes,3,2,2,39,no,south,yes
T02420,25,92.7,two-year,none,yes,no,yes,yes,bank transfer,0,yes,no,3,0,0,280,yes,south,no
T01545,3,105.9,month-to-month,dsl,no,no,no,yes,mailed check,0,no,yes,2,1,2,50,no,centre,no
T00442,32,41,one-year,fibre,no,no,no,no,card,0,no,no,1,0,0,54,no,north,no
T00430,25,90.1,two-year,dsl,yes,no,no,yes,mailed check,0,no,no,3,0,0,52,no,islands,no
T01213,9,74.7,month-to-month,dsl,yes,no,yes,no,mailed check,0,yes,no,2,1,0,99,no,centre,no
T00792,25,87.4,month-to-month,none,no,no,yes,yes,card,0,no,no,1,2,1,180,no,north,yes
T04836,1,56.9,month-to-month,none,yes,no,yes,yes,card,0,no,no,1,4,0,95,no,centre,yes
T00464,54,38.3,month-to-month,none,no,yes,no,yes,mailed check,0,yes,yes,1,2,0,77,no,centre,yes
T06265,20,80.3,one-year,fibre,no,yes,yes,yes,e-check,0,no,no,1,0,0,242,yes,islands,no
T00011,22,85.1,one-year,fibre,yes,yes,no,yes,e-check,0,yes,yes,2,1,1,18,no,south,no
T00997,5,97.3,month-to-month,dsl,no,no,no,yes,e-check,0,yes,no,0,0,1,254,no,south,no
T05210,64,38,month-to-month,none,yes,no,no,yes,mailed check,0,yes,no,1,0,0,2,no,north,no
T02607,24,22.6,month-to-month,fibre,no,no,no,yes,mailed check,0,yes,no,2,1,1,13,no,centre,no
T06507,56,47.9,month-to-month,dsl,no,yes,yes,no,card,0,yes,yes,2,1,1,183,yes,north,no
T05674,51,69.4,two-year,none,no,yes,no,yes,bank transfer,0,yes,yes,0,0,0,105,no,north,no
T01989,88,27.1,one-year,none,no,yes,yes,no,mailed check,0,no,no,1,0,0,84,no,south,no
T03089,18,28.5,month-to-month,dsl,no,no,yes,no,card,0,no,no,2,0,0,24,no,centre,no
T02304,38,21.2,one-year,none,no,no,no,no,mailed check,0,no,no,1,0,0,93,no,centre,no
T01149,35,89.6,one-year,fibre,no,no,no,yes,bank transfer,0,yes,yes,0,2,1,125,no,islands,no
T03871,40,33.5,month-to-month,dsl,yes,no,no,no,mailed check,0,yes,no,0,0,0,32,no,islands,no
T02781,1,78.2,month-to-month,dsl,no,yes,no,no,bank transfer,0,yes,no,1,1,1,98,no,islands,yes
T06571,17,62.5,two-year,dsl,no,no,no,yes,mailed check,0,yes,no,2,0,0,49,no,islands,no
T05905,45,29.4,month-to-month,fibre,no,no,yes,yes,card,1,no,no,3,1,1,67,no,islands,yes
T04425,60,47.8,one-year,dsl,yes,no,no,no,mailed check,0,yes,no,3,0,0,49,no,north,no
T06471,81,39.4,month-to-month,fibre,no,no,yes,yes,bank transfer,0,no,yes,1,0,0,36,no,south,yes
T00218,12,64.1,month-to-month,fibre,no,yes,yes,no,bank transfer,1,no,no,2,0,0,69,no,north,no
T01684,2,38.5,month-to-month,fibre,no,no,no,yes,mailed check,0,no,yes,2,0,1,122,no,north,no
T02878,26,46.3,one-year,fibre,yes,no,no,no,mailed check,0,no,no,1,0,1,37,no,south,no
T04224,16,69.8,one-year,dsl,no,no,yes,yes,e-check,0,no,no,1,1,1,39,no,islands,yes
T05920,2,83.4,one-year,fibre,yes,no,yes,no,card,0,no,yes,1,1,0,91,no,south,no
T01551,25,68.8,month-to-month,none,no,no,yes,no,bank transfer,0,yes,no,0,1,0,136,yes,south,no
T02408,29,59.6,month-to-month,fibre,no,no,no,no,card,1,yes,no,1,0,0,82,no,north,yes
T01412,20,51.5,month-to-month,none,no,no,no,yes,bank transfer,0,yes,yes,3,1,1,131,no,north,yes
T01656,138,89.1,one-year,fibre,yes,no,yes,no,e-check,0,yes,no,2,0,2,91,yes,south,no
T00622,19,57.7,one-year,fibre,no,no,no,yes,bank transfer,0,yes,no,2,4,0,75,yes,islands,yes
T05888,8,42,two-year,fibre,no,no,no,yes,e-check,0,no,yes,1,2,1,156,no,south,yes
T03560,4,26.8,month-to-month,dsl,no,no,yes,yes,card,0,no,no,2,0,0,110,no,islands,no
T04125,30,103.6,month-to-month,none,yes,no,no,no,card,1,no,no,1,1,0,95,no,islands,no
T01408,91,63.6,month-to-month,none,no,no,no,no,mailed check,0,no,no,0,2,0,42,no,islands,no
T00056,41,90.3,month-to-month,fibre,no,no,no,yes,card,0,no,no,2,2,1,154,no,centre,yes
T05379,3,75.2,month-to-month,fibre,yes,yes,yes,no,bank transfer,0,yes,no,2,0,0,18,no,north,no
T06046,42,97.2,month-to-month,dsl,no,no,no,yes,card,1,no,no,2,0,3,31,no,north,yes
T02076,3,70.9,month-to-month,fibre,no,yes,yes,yes,bank transfer,0,yes,no,1,1,0,96,no,north,no
T01725,75,44.2,month-to-month,fibre,no,no,no,yes,card,0,yes,yes,1,1,0,94,no,north,yes
T03818,7,74.4,month-to-month,fibre,no,yes,no,yes,card,0,yes,no,2,0,0,30,no,north,no
T04804,6,71,one-year,fibre,yes,yes,yes,yes,e-check,0,no,yes,2,1,1,20,yes,south,yes
T00207,17,70.9,two-year,dsl,no,yes,no,yes,card,0,no,no,2,1,0,87,no,centre,no
T02941,8,39.7,one-year,fibre,yes,yes,no,no,bank transfer,0,yes,no,1,2,0,82,no,north,no
T02645,5,89,month-to-month,fibre,no,yes,yes,yes,mailed check,0,no,no,1,1,2,37,yes,islands,no
T04934,24,85.4,month-to-month,fibre,yes,yes,yes,yes,e-check,0,no,no,1,0,0,57,no,north,no
T01910,10,108.5,month-to-month,fibre,yes,yes,no,yes,card,0,yes,yes,1,1,0,59,no,centre,yes
T01948,143,72.1,two-year,dsl,yes,no,no,no,bank transfer,0,no,no,1,0,0,54,no,south,no
T01950,9,34.5,one-year,none,no,no,no,no,e-check,0,no,no,3,1,1,61,no,centre,no
T00934,14,73.5,month-to-month,dsl,yes,no,no,yes,bank transfer,0,no,no,1,1,2,99,no,north,no
T05278,21,37.7,two-year,dsl,no,no,yes,yes,bank transfer,0,no,no,1,1,0,65,yes,islands,no
T01253,13,55.1,month-to-month,none,no,no,yes,no,mailed check,0,no,yes,2,0,0,134,no,islands,no
T02692,107,53.3,one-year,dsl,yes,no,no,yes,card,0,yes,yes,0,1,2,39,no,south,yes
T03739,34,88.1,month-to-month,dsl,no,no,no,yes,mailed check,0,yes,no,3,1,0,35,no,islands,yes
T03928,30,58.7,month-to-month,fibre,no,no,yes,yes,bank transfer,0,no,yes,1,1,1,2,yes,islands,yes
T01309,21,61,one-year,dsl,no,yes,yes,no,bank transfer,0,no,yes,2,1,0,105,no,south,no
T04761,7,52.7,one-year,dsl,no,yes,yes,no,bank transfer,0,no,no,3,0,0,85,no,south,no
T00819,15,33.9,one-year,none,no,no,yes,yes,bank transfer,0,no,no,2,1,1,25,yes,north,yes
T02390,1,64.4,month-to-month,dsl,no,yes,yes,yes,e-check,0,no,yes,1,2,1,137,no,centre,yes
T00363,10,102.5,month-to-month,none,no,yes,yes,yes,bank transfer,1,no,yes,1,2,0,66,no,centre,yes
T04589,26,41.3,month-to-month,none,yes,no,no,yes,mailed check,0,no,no,2,2,1,93,no,south,no
T02240,10,56,one-year,none,yes,no,no,yes,card,0,yes,no,2,1,0,11,no,north,no
T00539,28,49.7,month-to-month,none,no,no,no,no,bank transfer,0,no,yes,1,1,0,67,no,centre,no
T06320,93,58.2,one-year,dsl,yes,no,yes,yes,bank transfer,0,no,no,2,1,1,136,no,centre,no
T02914,17,109.3,two-year,dsl,yes,yes,no,yes,bank transfer,0,no,no,1,0,0,76,no,centre,no
T00152,40,21.9,month-to-month,none,no,no,yes,no,mailed check,0,no,no,1,0,0,192,no,south,yes
T00533,45,56.4,two-year,dsl,yes,no,no,no,e-check,1,no,no,2,1,1,99,yes,north,no
T02297,1,55.3,two-year,fibre,yes,no,yes,yes,mailed check,0,no,yes,2,0,4,11,no,north,yes
T00917,40,70.3,month-to-month,fibre,no,yes,no,no,card,0,yes,yes,2,0,0,39,no,islands,no
T05643,7,73.2,month-to-month,fibre,no,no,yes,yes,card,0,no,no,1,1,0,181,no,north,yes
T01461,19,73,one-year,fibre,yes,no,yes,yes,bank transfer,0,no,no,1,1,2,77,no,centre,yes
T04751,107,77.2,month-to-month,fibre,yes,yes,yes,yes,card,1,no,no,3,0,0,35,yes,north,no
T05367,58,65,month-to-month,none,yes,yes,no,yes,e-check,1,no,no,1,0,0,19,no,south,no
T04959,1,57.9,month-to-month,fibre,no,no,yes,yes,e-check,0,no,no,1,0,0,66,no,islands,yes
T00118,8,94.1,one-year,dsl,no,no,no,yes,card,1,no,yes,1,2,1,143,no,south,yes
T01771,27,100.9,one-year,dsl,yes,no,yes,yes,bank transfer,0,yes,no,2,0,0,111,no,south,no
T06529,3,52.9,one-year,none,yes,yes,yes,no,e-check,1,yes,no,3,0,1,41,no,centre,no
T00572,49,42.6,month-to-month,dsl,yes,no,yes,no,mailed check,0,yes,yes,3,2,0,85,no,centre,no
T01432,26,29.2,two-year,fibre,no,no,no,no,bank transfer,0,no,no,1,1,2,176,no,islands,no
T01940,19,35.6,month-to-month,fibre,no,no,yes,yes,e-check,0,no,no,2,1,1,90,no,islands,yes
T06406,25,48.5,month-to-month,fibre,yes,yes,yes,yes,card,0,no,yes,2,1,0,55,yes,north,no
T05474,24,21.9,two-year,fibre,yes,yes,no,yes,card,0,yes,no,1,1,1,50,yes,south,no
T05545,1,54.8,month-to-month,fibre,no,no,yes,yes,card,0,no,no,2,1,0,77,no,centre,no
T03494,75,90.2,month-to-month,dsl,no,no,no,no,bank transfer,1,yes,yes,2,1,0,53,no,north,yes
T04604,5,60.5,month-to-month,none,yes,no,yes,yes,mailed check,0,no,no,2,0,1,16,no,north,yes
T00066,25,44.8,month-to-month,fibre,no,no,yes,yes,mailed check,0,no,yes,3,0,1,111,no,islands,yes
T04791,15,49.4,month-to-month,dsl,no,yes,yes,yes,bank transfer,0,no,yes,1,0,0,68,yes,islands,no
T03515,5,100.6,month-to-month,dsl,no,no,no,no,bank transfer,0,no,no,0,0,1,80,no,south,yes
T04817,51,109.5,month-to-month,none,no,no,yes,yes,bank transfer,0,no,no,1,0,0,57,no,islands,no
T03001,36,94.8,month-to-month,fibre,no,no,no,yes,card,1,no,no,2,1,2,98,no,centre,yes
T00853,16,28.3,one-year,fibre,no,no,no,no,e-check,0,yes,no,2,2,1,117,no,centre,no
T05328,11,24.6,two-year,none,no,no,no,yes,mailed check,1,yes,no,1,0,1,42,no,north,no
T06870,14,75.2,two-year,fibre,no,no,no,no,e-check,0,no,no,1,1,0,263,no,north,no
T06333,10,52,one-year,none,yes,no,yes,yes,card,0,yes,yes,1,0,0,128,no,centre,yes
T04159,14,27.7,month-to-month,fibre,no,no,no,no,mailed check,0,no,no,2,1,1,19,no,south,yes
T00365,4,89.8,month-to-month,none,yes,no,no,yes,bank transfer,0,no,yes,2,0,1,54,yes,south,no
T06451,56,105.6,one-year,none,no,no,yes,yes,card,0,no,yes,1,2,0,151,yes,islands,no
T05863,4,63.1,month-to-month,none,no,no,yes,yes,bank transfer,0,no,no,2,0,0,217,no,north,no
T02899,2,49.4,month-to-month,dsl,yes,yes,no,yes,bank transfer,0,no,no,2,0,1,134,no,islands,no
T05099,1,81.6,month-to-month,fibre,no,no,no,no,mailed check,0,yes,yes,2,3,0,272,no,south,yes
T04084,9,55.4,month-to-month,fibre,no,no,yes,yes,e-check,0,no,no,1,0,1,94,no,centre,yes
T00184,2,92.8,two-year,dsl,no,yes,no,yes,bank transfer,1,yes,no,2,1,0,26,no,islands,no
T04714,38,23.8,one-year,dsl,no,no,yes,no,mailed check,0,no,no,2,0,0,28,no,south,no
T06133,59,80.6,month-to-month,none,no,yes,yes,yes,mailed check,0,yes,no,2,1,1,99,no,centre,no
T03777,38,100.9,month-to-month,none,no,yes,no,yes,e-check,0,no,yes,1,0,2,17,no,islands,yes
T03576,2,78.8,month-to-month,none,yes,no,no,yes,e-check,0,yes,yes,1,2,0,43,yes,north,no
T06294,2,73.6,two-year,none,no,no,yes,no,card,0,yes,no,1,0,0,18,no,north,yes
T03054,2,102.4,month-to-month,dsl,yes,yes,yes,no,mailed check,0,yes,no,2,0,0,76,no,south,yes
T02917,16,98.7,month-to-month,dsl,no,no,no,yes,card,0,yes,no,2,2,2,112,no,north,yes
T02166,1,48.2,month-to-month,none,no,no,no,yes,e-check,0,no,no,1,2,1,37,no,centre,yes
T00999,10,92.8,month-to-month,fibre,no,no,yes,no,bank transfer,0,no,no,2,0,0,46,no,south,no
T06544,18,22.6,two-year,fibre,yes,no,yes,yes,bank transfer,0,yes,no,1,2,0,29,no,south,no
T03430,30,31.8,two-year,dsl,yes,no,no,no,card,0,yes,yes,1,1,2,82,no,islands,no
T01018,45,81.9,one-year,fibre,no,yes,no,no,e-check,0,yes,yes,1,0,0,105,yes,south,no
T02426,14,37.4,two-year,fibre,no,no,yes,no,mailed check,1,no,no,2,2,0,53,no,centre,no
T05352,95,42.4,month-to-month,dsl,yes,no,no,no,e-check,1,yes,yes,1,1,1,28,no,centre,no
T01692,2,70.1,one-year,none,no,no,yes,no,card,0,yes,no,2,1,2,22,no,islands,no
T05059,23,57.5,two-year,none,no,no,yes,no,card,1,yes,yes,2,0,0,86,yes,islands,no
T06869,32,41.1,one-year,dsl,no,no,yes,yes,bank transfer,0,no,no,2,1,2,40,no,centre,no
T04692,32,65.8,two-year,fibre,no,no,no,no,e-check,0,no,yes,2,0,1,32,no,north,no
T06775,16,59.5,one-year,dsl,no,no,no,yes,e-check,0,no,no,2,1,0,27,yes,north,no
T06373,76,39.3,two-year,dsl,no,no,no,no,bank transfer,1,no,no,0,0,1,106,no,centre,no
T01643,12,94.5,month-to-month,dsl,no,no,no,yes,bank transfer,0,yes,yes,1,2,0,105,no,centre,yes
T03072,10,84.5,month-to-month,fibre,yes,yes,yes,no,card,0,no,yes,3,1,1,64,no,north,yes
T06459,2,77.8,two-year,fibre,yes,no,no,yes,mailed check,0,yes,no,1,0,0,12,no,centre,no
T05793,9,70.9,two-year,none,yes,no,yes,no,mailed check,0,no,no,1,1,0,151,yes,north,no
T00951,5,62.4,month-to-month,dsl,no,yes,no,yes,bank transfer,0,no,no,1,1,1,44,no,centre,no
T05559,33,39.9,one-year,dsl,yes,no,no,yes,bank transfer,0,yes,no,1,1,0,50,no,south,no
T04800,29,94.4,month-to-month,fibre,no,no,yes,yes,mailed check,0,no,yes,1,1,1,63,yes,islands,yes
T05452,102,77.4,month-to-month,dsl,no,no,yes,no,card,0,yes,no,2,0,0,78,no,north,no
T04385,54,34.8,month-to-month,none,no,no,no,no,card,0,no,no,1,1,2,20,no,south,no
T04911,27,54.1,one-year,none,yes,no,yes,yes,card,0,yes,yes,2,0,0,110,no,north,no
T01007,59,25.8,month-to-month,dsl,no,yes,no,no,bank transfer,0,yes,yes,2,0,0,54,no,south,no
T06313,10,82.7,two-year,dsl,no,no,yes,yes,e-check,0,no,no,0,0,1,74,yes,south,no
T04600,69,33.3,month-to-month,fibre,no,no,no,yes,bank transfer,0,yes,no,2,0,1,35,no,north,yes
T05428,42,85.9,one-year,fibre,no,no,no,yes,e-check,0,yes,no,2,0,0,47,no,centre,no
T03851,46,106.8,month-to-month,none,no,yes,yes,yes,mailed check,0,no,no,1,0,1,105,no,north,no
T03698,20,22.6,two-year,dsl,yes,yes,yes,yes,card,0,yes,yes,1,1,0,161,yes,south,no
T05915,24,61.6,month-to-month,none,yes,no,yes,yes,card,0,yes,yes,2,1,2,129,no,centre,no
T03936,34,108,one-year,fibre,no,no,yes,yes,card,1,no,no,1,1,2,127,no,islands,no
T01258,107,54.2,month-to-month,dsl,no,no,yes,yes,e-check,0,yes,yes,1,0,0,118,yes,north,no
T05363,6,101.1,two-year,fibre,no,no,yes,no,mailed check,0,no,no,2,0,0,5,no,north,no
T03039,13,51.7,two-year,dsl,no,yes,yes,no,e-check,0,yes,no,3,1,0,87,no,north,no
T02537,2,102.8,two-year,dsl,no,yes,no,yes,card,0,yes,yes,3,0,1,122,yes,north,no
T01956,53,98.7,month-to-month,none,no,yes,yes,yes,bank transfer,0,yes,no,1,1,0,80,no,south,no
T05708,7,106.4,month-to-month,fibre,no,no,no,no,card,1,yes,no,1,0,2,32,no,south,yes
T02155,27,86.1,month-to-month,none,no,no,no,no,mailed check,0,no,no,2,1,1,63,no,centre,yes
T00851,10,23,month-to-month,fibre,yes,yes,yes,yes,mailed check,1,yes,yes,0,0,1,193,no,north,no
T02210,20,75.9,month-to-month,dsl,no,no,yes,yes,card,0,no,no,1,0,0,43,no,islands,yes
T01716,19,106.6,one-year,fibre,no,no,no,no,e-check,0,yes,no,1,1,0,43,no,north,yes
T00407,14,46.7,month-to-month,none,no,no,no,yes,e-check,0,no,no,0,1,1,78,yes,south,yes
T05691,5,33.1,two-year,fibre,yes,no,no,yes,card,0,yes,yes,1,1,0,89,no,north,no
T06903,10,34,one-year,none,no,no,yes,yes,bank transfer,0,yes,no,1,0,0,61,no,centre,no
T05979,168,36.9,month-to-month,dsl,no,no,yes,yes,card,0,yes,yes,2,0,0,27,no,north,yes
T02793,65,30,month-to-month,fibre,no,no,no,yes,e-check,1,yes,no,2,1,0,161,yes,north,no
T00361,11,105.1,month-to-month,fibre,yes,no,no,yes,bank transfer,0,no,no,1,1,0,75,no,islands,no
T06638,38,53,month-to-month,fibre,yes,no,no,yes,mailed check,0,yes,yes,1,3,0,61,yes,islands,no
T01374,1,99.8,month-to-month,none,yes,no,no,yes,mailed check,0,yes,yes,1,0,0,111,yes,islands,yes
T06174,32,83,month-to-month,fibre,no,yes,yes,no,mailed check,0,no,no,3,5,0,68,no,centre,yes
T02143,36,109.6,month-to-month,fibre,no,no,no,yes,card,0,yes,no,1,1,1,31,no,centre,yes
T01824,4,22.6,month-to-month,dsl,no,no,no,yes,bank transfer,0,yes,yes,1,0,1,37,no,south,yes
T05906,53,80.5,one-year,none,no,yes,no,yes,mailed check,0,yes,no,0,0,1,177,yes,islands,no
T06784,30,94.3,month-to-month,dsl,no,yes,yes,no,mailed check,0,no,yes,2,0,1,57,no,centre,no
T04177,63,109.5,one-year,dsl,yes,no,yes,yes,card,0,yes,no,1,1,0,120,no,south,no
T00165,27,58.8,one-year,fibre,no,no,yes,no,mailed check,0,no,yes,2,0,2,25,no,centre,no
T06731,55,82.1,month-to-month,fibre,yes,yes,no,yes,e-check,0,yes,no,1,1,1,95,no,centre,no
T00569,70,44.3,month-to-month,fibre,yes,no,no,yes,card,0,yes,yes,0,2,0,26,no,south,no
T03965,7,46,one-year,dsl,yes,yes,yes,no,card,0,yes,yes,0,2,2,12,no,south,no
T00589,51,58.5,month-to-month,fibre,no,yes,yes,yes,mailed check,1,yes,yes,2,0,0,56,no,south,yes
T00991,63,72.4,month-to-month,fibre,yes,no,yes,yes,mailed check,0,no,no,0,0,0,38,no,south,no
T05589,1,104.2,two-year,none,yes,no,no,yes,e-check,0,no,yes,2,1,1,121,no,south,no
T01591,141,79.1,one-year,dsl,yes,no,yes,no,e-check,0,no,yes,1,0,0,72,yes,centre,no
T06523,6,106.1,two-year,none,yes,no,yes,no,card,0,no,no,2,3,0,172,yes,islands,yes
T00477,55,27,month-to-month,fibre,no,yes,no,yes,bank transfer,0,yes,no,2,1,2,77,no,north,no
T05151,11,66.8,month-to-month,fibre,yes,no,yes,yes,e-check,1,yes,no,1,2,1,46,no,centre,yes
T05369,54,34.3,month-to-month,none,yes,yes,no,no,card,0,no,yes,1,2,0,43,no,south,no
T02699,5,48.3,two-year,fibre,no,no,no,yes,card,0,no,no,2,1,1,96,no,centre,no
T02715,2,45.9,month-to-month,fibre,yes,no,yes,yes,mailed check,0,yes,yes,2,0,0,28,yes,south,no
T04242,12,47.2,month-to-month,fibre,yes,yes,no,yes,card,0,no,no,1,2,0,107,no,islands,yes
T01394,31,83.6,month-to-month,none,yes,no,yes,no,bank transfer,0,no,yes,1,0,0,84,no,islands,yes
T05467,95,91.9,one-year,dsl,no,yes,no,no,mailed check,0,yes,no,1,1,0,152,no,centre,no
T05263,8,103.7,month-to-month,none,no,no,yes,yes,bank transfer,0,yes,yes,1,1,0,17,yes,south,no
T01975,7,85.4,month-to-month,fibre,yes,no,yes,no,card,0,yes,no,1,2,0,76,yes,islands,yes
T01831,28,21.2,month-to-month,fibre,yes,no,no,no,bank transfer,0,yes,no,3,3,0,72,no,south,yes
T01388,64,69.9,two-year,fibre,yes,no,no,yes,mailed check,0,no,no,2,1,0,29,no,south,no
T00612,3,33.9,two-year,fibre,no,no,no,no,card,1,no,yes,0,0,1,84,yes,south,no
T00605,23,82.1,month-to-month,none,yes,yes,no,yes,bank transfer,0,no,yes,1,0,0,67,no,north,no
T03360,18,58.5,month-to-month,dsl,yes,no,yes,no,e-check,0,no,no,0,2,0,83,no,islands,no
T01588,26,74.1,one-year,fibre,yes,no,yes,yes,e-check,0,yes,yes,1,1,0,35,no,south,no
T01613,13,45.4,month-to-month,fibre,yes,no,yes,yes,e-check,0,yes,no,1,0,1,187,no,south,no
T05867,9,106,one-year,dsl,yes,yes,yes,yes,e-check,0,yes,yes,3,2,1,35,no,islands,no
T04047,27,47.2,one-year,dsl,yes,no,yes,yes,e-check,0,no,no,1,3,1,152,no,islands,no
T02259,23,68.5,two-year,fibre,yes,no,no,yes,card,0,no,no,1,3,0,97,yes,islands,no
T05106,4,77.5,month-to-month,dsl,no,no,yes,yes,e-check,0,no,no,1,1,0,105,no,south,yes
T05844,14,44.7,one-year,fibre,no,yes,yes,yes,card,0,yes,no,1,2,1,18,yes,south,no
T06347,10,71.1,month-to-month,dsl,yes,yes,yes,yes,bank transfer,0,no,yes,1,1,0,105,yes,north,no
T01694,13,94.3,month-to-month,dsl,no,yes,yes,no,mailed check,0,yes,no,1,0,0,243,no,north,no
T06103,78,49.8,two-year,dsl,no,no,no,yes,e-check,0,no,yes,2,1,0,157,no,islands,no
T06502,69,103.6,month-to-month,fibre,no,no,yes,yes,bank transfer,0,yes,yes,1,1,0,6,no,south,no
T00345,22,24.3,two-year,fibre,yes,no,yes,no,card,0,yes,no,2,1,1,107,no,north,no
T02347,3,37.2,month-to-month,dsl,no,no,no,yes,bank transfer,0,no,yes,1,0,0,47,yes,islands,no
T03855,1,79.5,month-to-month,dsl,no,yes,no,yes,card,0,yes,yes,2,0,0,182,yes,centre,no
T03420,6,49.5,month-to-month,dsl,yes,yes,no,no,card,0,yes,no,0,1,0,31,no,islands,no
T06845,58,81.9,month-to-month,dsl,yes,no,no,yes,e-check,0,yes,no,1,0,1,28,no,islands,yes
T04795,21,43.2,one-year,fibre,no,no,no,yes,mailed check,0,no,no,0,2,0,119,yes,south,no
T02650,10,36.6,month-to-month,dsl,no,yes,no,no,e-check,0,no,no,0,0,1,53,no,north,yes
T01135,28,100.1,two-year,fibre,no,yes,no,no,bank transfer,1,yes,yes,1,1,1,80,no,centre,no
T02068,74,48.3,one-year,fibre,no,no,no,yes,card,0,yes,yes,2,1,0,119,no,centre,no
T05810,34,104.6,month-to-month,dsl,no,no,no,yes,e-check,0,yes,no,1,3,1,107,no,south,yes
T06086,61,74.3,month-to-month,dsl,yes,yes,no,no,e-check,0,no,no,3,0,0,34,no,islands,no
T05086,4,103.9,two-year,fibre,no,no,yes,yes,card,0,yes,no,1,1,0,45,yes,north,no
T05139,31,60.1,one-year,dsl,no,no,yes,yes,card,0,yes,yes,2,0,0,33,no,centre,no
T06264,5,55.6,month-to-month,fibre,no,no,no,yes,mailed check,0,no,yes,1,2,1,24,yes,north,yes
T02293,12,89.8,month-to-month,dsl,no,no,yes,no,bank transfer,0,no,no,1,4,1,58,no,south,yes
T02553,49,107.4,month-to-month,fibre,yes,no,no,yes,e-check,0,no,no,1,3,0,86,no,north,yes
T03847,36,81.3,one-year,fibre,yes,yes,no,yes,mailed check,0,yes,no,1,0,0,100,no,south,no
T04878,23,70,two-year,fibre,no,yes,yes,no,card,1,yes,no,2,0,1,119,no,north,yes
T01074,18,71,one-year,dsl,yes,no,yes,yes,mailed check,0,no,no,2,1,0,16,no,centre,yes
T00242,38,36.8,month-to-month,fibre,no,no,no,yes,mailed check,1,no,no,1,1,1,130,yes,south,no
T04341,134,87.7,one-year,fibre,no,yes,yes,yes,bank transfer,0,yes,no,1,3,1,74,no,islands,no
T01891,126,27.4,month-to-month,fibre,no,yes,no,no,card,0,yes,yes,2,0,3,100,no,islands,yes
T03065,33,26.7,two-year,fibre,no,no,yes,yes,mailed check,0,yes,yes,2,1,0,128,yes,south,no
T02640,7,76.5,two-year,fibre,no,no,yes,yes,bank transfer,0,no,no,2,0,2,56,yes,islands,no
T06142,21,94.3,two-year,fibre,yes,no,no,yes,card,0,yes,yes,1,2,1,46,no,south,no
T06693,22,78.6,month-to-month,fibre,no,yes,no,yes,bank transfer,0,no,no,0,1,0,115,yes,south,yes
T01340,9,107.8,two-year,fibre,yes,no,no,no,e-check,0,no,no,0,2,0,76,no,south,yes
T03059,23,34.6,two-year,fibre,no,no,no,no,e-check,0,yes,no,3,1,0,67,no,south,no
T04796,48,71.6,month-to-month,dsl,no,no,no,yes,mailed check,0,no,no,1,0,0,25,no,islands,yes
T05908,87,97.3,month-to-month,dsl,no,yes,no,no,bank transfer,0,no,no,2,2,1,66,no,islands,no
T06289,34,90.7,one-year,none,no,no,yes,no,card,1,yes,no,1,1,1,70,no,south,no
T04980,6,62.3,one-year,dsl,yes,no,yes,yes,bank transfer,0,no,yes,1,0,0,66,no,south,no
T05029,13,67,month-to-month,dsl,no,yes,yes,yes,mailed check,0,yes,no,2,1,0,74,no,south,no
T02731,8,24.6,month-to-month,dsl,no,no,yes,yes,mailed check,0,yes,no,3,0,2,185,no,north,no
T03716,6,34.2,one-year,dsl,yes,no,no,yes,bank transfer,0,yes,no,1,1,0,64,no,centre,yes
T02084,40,66.4,month-to-month,none,no,yes,no,yes,bank transfer,0,yes,no,2,2,1,48,yes,centre,no
T06897,23,87.7,month-to-month,dsl,no,yes,no,yes,mailed check,0,yes,yes,3,0,2,162,no,north,yes
T00517,1,91,two-year,dsl,yes,no,yes,yes,bank transfer,0,yes,no,2,1,0,102,yes,north,no
T03752,23,76,month-to-month,dsl,yes,no,no,yes,e-check,0,no,no,2,3,0,17,no,north,no
T06208,7,106.9,two-year,none,no,yes,yes,yes,e-check,0,no,no,1,1,0,24,no,islands,no
T00137,12,39.3,two-year,dsl,no,no,yes,no,e-check,0,no,yes,1,0,1,24,no,north,no
T01740,59,77,month-to-month,fibre,no,no,no,yes,mailed check,0,yes,yes,1,0,0,43,no,centre,no
T00699,42,47.4,one-year,fibre,no,yes,yes,yes,e-check,0,no,no,1,0,0,71,no,islands,no
T03550,5,108,two-year,fibre,no,no,yes,yes,bank transfer,0,no,no,3,0,1,86,no,centre,yes
T00858,9,77,month-to-month,dsl,yes,no,yes,yes,mailed check,0,yes,no,2,2,0,193,no,islands,yes
T01524,24,100,two-year,dsl,yes,yes,yes,no,bank transfer,0,no,no,2,0,0,67,no,islands,no
T05758,154,45.7,one-year,fibre,no,no,no,no,card,0,yes,no,1,0,0,111,yes,south,no
T04264,11,56.1,month-to-month,none,yes,no,no,no,bank transfer,0,no,no,1,2,0,35,no,centre,no
T05923,66,80.5,one-year,fibre,no,yes,yes,no,card,0,yes,yes,1,0,0,29,no,centre,no
T02619,7,32.3,two-year,dsl,no,no,no,no,card,1,no,yes,2,0,0,127,yes,islands,no
T06324,35,55.5,month-to-month,fibre,no,no,no,yes,mailed check,0,no,yes,2,1,1,76,no,islands,yes
T03021,6,69.7,month-to-month,fibre,yes,no,no,yes,mailed check,1,yes,yes,1,0,1,50,no,north,no
T06266,60,48.6,month-to-month,none,yes,yes,no,yes,bank transfer,0,no,no,0,2,0,21,no,south,no
T06348,1,63.7,month-to-month,fibre,no,no,yes,no,e-check,1,no,no,1,1,2,27,no,islands,yes
T02362,54,91.4,month-to-month,fibre,no,no,yes,yes,card,0,no,no,0,1,0,35,no,islands,yes
T06905,41,94,two-year,fibre,no,no,no,no,bank transfer,0,no,no,2,0,1,70,yes,islands,no
T05224,17,83.3,two-year,dsl,no,no,yes,yes,e-check,0,no,no,1,1,0,55,no,north,yes
T06794,24,101.1,month-to-month,dsl,yes,no,yes,yes,mailed check,1,no,no,1,0,1,93,no,north,no
T05502,32,91.1,two-year,none,no,no,no,yes,bank transfer,0,yes,no,2,0,0,14,no,south,no
T02312,13,38.9,one-year,none,no,yes,no,no,e-check,0,yes,no,1,0,0,328,yes,islands,no
T00657,85,57.3,one-year,dsl,no,no,yes,no,card,0,yes,no,1,0,1,143,no,centre,no
T00244,13,84.8,one-year,dsl,no,no,no,no,e-check,0,no,no,2,2,1,7,no,centre,yes
T01226,8,106.3,one-year,none,no,no,yes,no,card,1,yes,no,2,0,0,30,no,islands,no
T02494,35,52.4,one-year,fibre,yes,no,yes,yes,bank transfer,1,no,no,2,0,2,78,no,north,no
T01105,3,101.9,two-year,fibre,yes,no,no,yes,bank transfer,1,no,yes,1,1,0,83,no,islands,no
T06587,27,33.5,month-to-month,dsl,no,yes,yes,no,mailed check,0,yes,no,1,0,1,32,no,islands,no
T04940,85,49.5,one-year,dsl,no,yes,no,no,card,0,no,yes,0,0,3,70,no,centre,no
T00408,184,69.1,month-to-month,fibre,yes,no,yes,no,e-check,0,yes,no,1,0,0,29,no,south,no
T05491,55,100.9,one-year,dsl,no,no,yes,yes,e-check,0,no,no,1,1,0,96,no,south,yes
T02680,9,76.7,two-year,fibre,yes,no,no,yes,e-check,1,yes,no,3,1,0,12,no,north,no
T05382,97,79.5,month-to-month,fibre,no,yes,no,yes,e-check,0,no,yes,1,0,3,39,no,south,yes
T06122,103,96.5,two-year,fibre,no,no,no,yes,e-check,0,yes,no,1,4,0,9,no,south,no
T04862,16,70.3,month-to-month,fibre,no,yes,no,yes,mailed check,0,yes,no,1,2,0,76,no,south,yes
T04300,18,31.1,month-to-month,fibre,no,yes,no,no,card,0,no,no,0,0,1,142,no,south,yes
T06773,18,109.9,month-to-month,dsl,no,yes,yes,yes,mailed check,0,yes,no,1,0,0,21,no,centre,no
T04013,11,62.1,two-year,fibre,no,no,yes,no,e-check,0,no,no,3,3,0,63,no,south,no
T03687,10,104.6,one-year,dsl,yes,no,yes,no,bank transfer,0,yes,no,0,1,0,100,no,centre,no
T04601,14,91.3,month-to-month,none,yes,no,yes,yes,e-check,0,no,yes,2,1,1,29,no,centre,yes
T06627,20,102.8,two-year,none,no,yes,yes,no,e-check,0,yes,no,1,3,0,152,no,north,no
T00151,49,97.7,one-year,fibre,yes,no,no,yes,card,0,yes,no,1,0,2,38,no,south,no
T03005,23,83.6,month-to-month,none,no,yes,yes,no,card,0,yes,no,1,0,0,31,no,south,no
T00342,5,91.8,month-to-month,fibre,no,no,yes,yes,mailed check,0,yes,yes,1,0,0,78,no,south,yes
T03278,4,109.4,two-year,fibre,no,no,yes,yes,e-check,0,yes,no,0,1,0,78,yes,centre,no
T04970,33,107.1,month-to-month,none,yes,no,no,no,bank transfer,0,yes,no,1,1,0,32,no,north,no
T06101,12,102.8,one-year,fibre,no,no,no,yes,e-check,0,no,no,1,0,0,33,no,islands,no
T05179,18,95.2,month-to-month,fibre,no,no,yes,no,mailed check,0,yes,no,2,0,1,65,yes,south,yes
T02015,19,106.3,month-to-month,fibre,no,no,no,no,mailed check,0,yes,no,2,0,1,178,yes,south,yes
T03302,5,48.8,one-year,dsl,yes,yes,yes,no,bank transfer,0,yes,yes,3,1,0,72,yes,north,no
T00472,10,108,month-to-month,fibre,no,yes,yes,yes,card,0,yes,no,2,1,0,84,yes,centre,yes
T02528,11,80.9,two-year,fibre,no,no,no,yes,e-check,0,yes,no,1,0,0,37,no,centre,no
T00857,3,78.1,month-to-month,none,no,yes,yes,yes,mailed check,1,no,no,1,0,0,36,no,north,no
T05385,53,37.9,month-to-month,fibre,no,no,no,no,card,0,no,yes,1,1,2,130,no,south,no
T03022,22,80.3,month-to-month,dsl,no,no,no,yes,mailed check,0,yes,no,2,1,0,106,yes,south,no
T00401,29,102.4,one-year,fibre,no,no,no,no,mailed check,0,yes,yes,1,2,1,121,no,south,yes
T01464,14,77.4,two-year,fibre,no,yes,no,no,bank transfer,0,no,no,0,1,0,64,yes,islands,no
T00981,4,65.7,month-to-month,dsl,yes,no,no,yes,bank transfer,1,no,no,1,1,1,37,no,north,no
T06450,32,76.8,month-to-month,dsl,yes,no,no,no,e-check,0,no,yes,1,0,0,42,no,islands,no
T02311,19,25,month-to-month,dsl,no,no,yes,yes,e-check,0,no,no,1,0,0,136,no,centre,no
T04774,59,74.3,two-year,fibre,no,no,yes,yes,e-check,0,yes,yes,2,1,0,107,no,centre,no
T05012,9,34,one-year,dsl,no,yes,no,no,card,0,yes,no,1,1,1,54,no,islands,no
T05743,30,100.8,month-to-month,dsl,no,no,yes,no,card,0,no,no,2,1,0,76,no,south,yes
T03675,9,80.8,one-year,none,no,no,no,no,bank transfer,0,no,no,1,0,0,66,no,north,no
T05093,2,78.7,month-to-month,fibre,yes,no,yes,no,e-check,0,no,no,1,0,0,207,no,north,no
T04709,57,97.6,one-year,fibre,no,yes,yes,no,card,1,yes,no,2,0,0,56,no,north,yes
T02992,16,54.4,one-year,fibre,no,no,yes,yes,card,1,no,no,3,1,0,111,no,islands,no
T05820,14,60.7,month-to-month,fibre,no,no,no,yes,e-check,0,yes,yes,1,0,0,90,no,south,yes
T06190,7,61,one-year,dsl,yes,yes,yes,yes,card,0,yes,no,1,3,0,116,no,centre,no
T03460,16,89.2,month-to-month,fibre,yes,no,no,yes,mailed check,0,no,no,1,3,0,71,yes,south,no
T00277,95,40.6,one-year,none,no,no,yes,yes,bank transfer,0,yes,no,1,3,1,53,no,islands,no
T00321,26,99,two-year,none,no,yes,yes,yes,e-check,0,no,yes,1,0,0,48,no,islands,no
T00453,63,31.8,month-to-month,fibre,no,yes,no,no,card,0,no,no,1,0,1,145,no,islands,no
T04037,158,24.7,month-to-month,fibre,no,no,yes,yes,mailed check,0,no,no,1,0,0,137,yes,centre,no
T06954,60,48.8,one-year,fibre,no,yes,no,no,e-check,0,no,no,2,2,1,148,yes,islands,no
T01602,61,78.1,two-year,fibre,no,no,no,yes,mailed check,0,no,yes,3,0,0,41,yes,islands,no
T05433,45,28.8,month-to-month,fibre,no,no,no,no,bank transfer,0,no,yes,2,0,0,111,no,south,no
T02069,20,22.7,one-year,dsl,yes,no,no,no,bank transfer,0,no,no,3,1,1,97,no,centre,yes
T03375,4,108.8,one-year,fibre,no,no,no,yes,card,0,no,no,2,1,2,19,yes,centre,no
T00139,8,109.8,one-year,dsl,yes,yes,no,no,bank transfer,1,yes,yes,1,3,0,41,yes,south,no
T02077,6,48.7,month-to-month,fibre,yes,yes,yes,yes,card,0,yes,no,1,0,0,112,no,islands,no
T03976,28,93.5,month-to-month,fibre,no,no,yes,yes,e-check,0,no,no,2,1,0,39,no,islands,yes
T04383,31,89.3,two-year,dsl,yes,no,yes,yes,mailed check,0,no,no,1,0,0,119,no,islands,no
T01682,30,24.1,one-year,fibre,yes,yes,no,yes,bank transfer,1,no,no,2,0,0,19,no,centre,no
T03395,55,52.5,one-year,dsl,no,no,yes,no,bank transfer,0,no,yes,2,0,1,73,no,south,no
T02745,14,49.9,month-to-month,dsl,no,no,no,no,mailed check,0,yes,no,1,0,0,210,no,centre,yes
T03290,38,81.8,month-to-month,dsl,no,no,no,yes,e-check,0,no,no,2,2,0,64,no,south,no
T01565,55,22.3,month-to-month,dsl,no,yes,no,yes,mailed check,0,yes,no,1,2,0,74,yes,north,no
T03529,26,85.5,month-to-month,none,yes,no,yes,yes,e-check,0,no,yes,3,2,0,57,no,north,yes
T00167,2,79.5,month-to-month,dsl,no,yes,no,yes,bank transfer,1,yes,yes,1,1,4,105,no,south,yes
T06479,111,21.5,one-year,none,no,no,no,yes,card,0,yes,no,1,0,0,64,no,islands,no
T05720,16,75.3,two-year,fibre,no,no,no,no,e-check,0,no,yes,2,1,0,25,yes,south,no
T01393,16,109.5,month-to-month,dsl,no,yes,yes,yes,mailed check,0,yes,no,0,0,0,20,no,south,no
T06500,44,47.2,month-to-month,fibre,no,no,yes,no,bank transfer,0,no,no,1,1,2,186,no,north,yes
T05300,35,68.4,one-year,dsl,yes,no,yes,yes,bank transfer,0,yes,yes,3,0,0,48,no,north,no
T05677,66,69.4,month-to-month,dsl,yes,no,no,no,mailed check,1,yes,yes,2,0,0,65,no,south,no
T01624,3,87.8,month-to-month,fibre,yes,no,no,yes,bank transfer,0,no,yes,2,1,0,39,no,north,no
T04277,5,78.2,two-year,dsl,no,no,no,yes,card,0,yes,no,0,1,0,226,no,islands,no
T03876,21,49.8,one-year,fibre,yes,no,yes,no,mailed check,1,no,no,2,2,0,74,no,south,no
T00856,128,91.7,month-to-month,none,no,yes,no,yes,bank transfer,0,yes,no,2,2,0,47,no,islands,no
T05376,56,67.5,one-year,fibre,no,no,yes,yes,bank transfer,0,yes,no,1,1,1,107,no,islands,no
T06281,1,75.8,one-year,fibre,no,no,yes,yes,bank transfer,0,no,yes,1,1,0,134,no,south,yes
T06255,10,73.5,two-year,fibre,no,no,yes,yes,bank transfer,0,yes,no,2,1,0,106,no,north,no
T00359,9,21.3,two-year,dsl,no,no,no,yes,bank transfer,0,yes,yes,2,2,0,17,yes,north,no
T04826,2,56.6,month-to-month,none,yes,yes,no,yes,e-check,0,yes,no,0,1,0,98,no,islands,yes
T05705,60,37.7,one-year,fibre,no,yes,no,no,card,0,no,yes,0,1,0,27,no,islands,no
T03362,4,81.4,month-to-month,dsl,no,yes,yes,yes,bank transfer,0,no,yes,1,0,0,56,no,south,no
T06835,140,48.7,month-to-month,dsl,no,no,no,yes,mailed check,0,no,no,2,1,0,10,no,south,yes
T01828,8,49.3,month-to-month,dsl,yes,no,no,yes,mailed check,1,no,no,2,0,0,64,yes,north,no
T06031,42,68.4,month-to-month,fibre,no,yes,no,no,e-check,0,yes,no,1,1,0,30,no,centre,no
T06810,1,34.5,month-to-month,none,yes,no,yes,yes,bank transfer,1,yes,no,1,1,0,132,no,islands,no
T00799,19,48.5,two-year,dsl,yes,yes,yes,no,bank transfer,0,no,yes,1,0,0,25,no,centre,no
T02349,48,60,month-to-month,dsl,no,no,no,yes,bank transfer,1,no,no,2,2,0,138,no,south,yes
T05947,11,64.6,one-year,fibre,no,no,yes,yes,bank transfer,0,no,yes,1,1,0,39,no,south,no
T01623,29,102.8,two-year,fibre,no,no,yes,yes,mailed check,1,no,yes,2,1,1,65,no,islands,no
T06043,7,20.3,month-to-month,dsl,yes,no,no,no,e-check,0,no,yes,2,2,2,11,no,centre,no
T03140,20,63.7,month-to-month,none,yes,no,yes,no,e-check,0,no,no,1,0,1,45,yes,centre,no
T05113,3,28.1,two-year,dsl,yes,no,no,yes,card,0,yes,yes,2,1,0,35,yes,centre,no
T06093,75,100.2,month-to-month,dsl,no,yes,yes,no,bank transfer,0,yes,no,2,0,1,39,no,north,no
T06397,4,67.6,month-to-month,fibre,yes,yes,yes,yes,e-check,1,no,no,1,0,0,48,no,islands,yes
T03803,32,56.2,one-year,fibre,no,no,no,yes,e-check,0,no,no,1,1,1,32,yes,centre,yes
T02271,17,65.7,month-to-month,none,yes,no,yes,yes,bank transfer,0,no,yes,2,0,0,218,no,north,no
T06521,2,107.3,two-year,fibre,no,no,no,yes,e-check,0,yes,yes,3,0,2,130,no,south,no
T06682,3,81.6,month-to-month,dsl,no,yes,no,yes,mailed check,0,no,no,1,1,0,76,no,north,yes
T04263,14,71.5,month-to-month,none,no,yes,yes,yes,card,1,no,yes,2,0,1,107,no,south,no
T04158,20,26.3,one-year,fibre,yes,no,yes,yes,mailed check,0,no,no,1,0,0,18,no,islands,no
T06691,79,32.1,month-to-month,none,no,no,no,yes,mailed check,0,yes,yes,2,0,0,148,no,centre,no
T03575,52,109.4,two-year,none,yes,no,no,no,mailed check,0,yes,yes,3,1,0,28,no,centre,no
T00039,5,35.1,one-year,fibre,no,yes,no,yes,e-check,0,no,yes,1,1,0,13,no,north,no
T05749,90,41.4,month-to-month,fibre,no,no,no,no,e-check,0,no,no,2,2,1,319,yes,islands,no
T01254,29,58.3,month-to-month,fibre,no,no,yes,no,mailed check,1,yes,no,1,0,2,43,no,islands,yes
T00109,95,62.1,two-year,fibre,no,no,yes,yes,mailed check,1,yes,no,1,1,1,33,no,north,no
T03868,26,36.9,two-year,fibre,no,no,no,no,bank transfer,0,no,yes,2,0,2,81,no,south,no
T03640,26,71.2,two-year,fibre,no,no,no,no,e-check,0,no,no,1,0,0,94,yes,north,no
T06138,66,72.2,one-year,fibre,no,no,yes,yes,mailed check,0,no,yes,2,2,1,115,no,islands,yes
T04089,37,23,two-year,none,no,yes,no,yes,e-check,1,no,yes,2,1,0,46,yes,north,no
T02722,1,20.2,one-year,dsl,no,no,yes,yes,mailed check,0,no,yes,1,2,0,71,no,north,no
T03258,20,38.3,two-year,dsl,yes,no,no,yes,bank transfer,0,yes,no,2,1,0,70,yes,islands,no
T01363,7,71.3,month-to-month,fibre,yes,no,no,yes,bank transfer,0,no,yes,2,1,1,36,no,north,yes
T01924,9,93.1,month-to-month,fibre,yes,no,no,no,mailed check,1,yes,yes,1,1,0,19,no,south,no
T06296,27,27.4,month-to-month,none,no,no,yes,yes,card,0,no,no,1,0,0,10,no,north,yes
T04337,3,93.4,two-year,fibre,no,yes,yes,yes,bank transfer,0,yes,no,3,2,0,24,no,south,no
T05828,17,61.4,month-to-month,none,no,yes,no,yes,card,0,no,yes,3,1,0,190,yes,centre,no
T03962,28,20.1,month-to-month,none,yes,no,yes,yes,e-check,1,no,no,2,0,1,100,no,north,no
T03207,24,47.4,one-year,none,no,yes,no,no,mailed check,1,no,no,2,0,1,80,no,north,no
T06767,24,59.7,month-to-month,fibre,no,no,yes,yes,mailed check,0,yes,no,3,0,1,63,no,south,yes
T01739,43,104.5,one-year,dsl,no,yes,no,yes,mailed check,0,yes,no,2,1,0,54,no,islands,no
T05189,1,79.2,month-to-month,dsl,yes,no,yes,no,e-check,1,no,yes,1,2,1,16,no,south,yes
T03886,8,101.8,month-to-month,dsl,no,yes,yes,yes,mailed check,1,yes,no,1,3,2,53,no,centre,yes
T04651,13,104.3,month-to-month,dsl,no,no,yes,no,card,0,yes,yes,1,0,1,72,no,south,yes
T00555,8,44.8,month-to-month,dsl,yes,no,yes,no,bank transfer,0,no,no,2,1,0,11,yes,islands,no
T03227,22,78,month-to-month,fibre,yes,no,no,no,e-check,1,yes,no,2,1,1,130,no,south,yes
T06977,17,84.4,one-year,dsl,yes,no,no,yes,mailed check,0,no,yes,1,1,1,55,no,north,no
T01049,35,71.5,month-to-month,dsl,no,no,no,yes,e-check,0,yes,no,0,0,0,224,yes,centre,yes
T05361,5,81.7,two-year,dsl,yes,no,no,yes,mailed check,0,no,no,2,1,0,273,no,north,no
T01951,11,57.4,one-year,dsl,no,no,yes,yes,bank transfer,0,yes,no,1,2,0,85,no,centre,no
T01385,14,107,one-year,dsl,no,no,yes,no,bank transfer,0,yes,no,1,1,1,132,no,north,no
T00303,1,70.5,one-year,none,no,no,no,yes,e-check,0,no,no,1,0,0,86,no,north,yes
T04780,116,48.8,month-to-month,dsl,no,yes,no,no,bank transfer,0,yes,no,2,1,0,45,no,north,no
T02477,1,26.7,one-year,fibre,no,no,yes,yes,bank transfer,0,no,no,2,1,1,167,no,islands,no
T01318,3,82.5,one-year,fibre,no,yes,yes,yes,mailed check,1,yes,yes,3,0,0,71,no,islands,yes
T05963,11,43.6,two-year,dsl,no,no,no,no,card,0,no,no,1,5,2,100,no,centre,no
T06028,21,32.5,one-year,dsl,no,no,yes,yes,e-check,0,yes,no,1,0,0,191,no,north,no
T02944,15,80.8,month-to-month,none,yes,yes,yes,no,mailed check,0,yes,yes,1,0,0,134,no,islands,no
T05855,35,48.5,two-year,fibre,no,no,no,yes,mailed check,0,yes,yes,1,1,0,52,no,north,no
T00685,22,86.8,month-to-month,dsl,yes,no,yes,yes,bank transfer,1,yes,no,2,1,0,23,no,north,yes
T04050,39,37.5,month-to-month,fibre,no,no,no,yes,bank transfer,0,no,no,1,1,0,46,no,north,yes
T01227,14,27.3,two-year,dsl,no,no,no,yes,card,0,no,yes,1,0,1,60,no,islands,yes
T00937,47,68.5,one-year,none,no,no,no,yes,bank transfer,0,no,no,2,1,0,58,no,south,no
T02410,7,28.6,month-to-month,fibre,yes,no,yes,no,card,0,no,no,2,1,1,83,yes,south,no
T05394,3,60.2,one-year,fibre,yes,yes,no,no,card,0,yes,yes,1,3,1,59,yes,south,no
T01544,93,104.8,month-to-month,fibre,no,no,no,yes,mailed check,0,yes,no,0,1,0,32,no,south,no
T04881,30,57.4,month-to-month,none,yes,no,yes,yes,bank transfer,0,yes,no,1,3,0,90,no,south,no
T01676,15,87.8,one-year,fibre,yes,no,no,yes,e-check,0,yes,yes,2,0,1,41,no,islands,no
T00834,9,96.6,one-year,fibre,no,yes,no,yes,card,0,yes,yes,2,0,0,101,no,islands,yes
T04830,12,106.7,one-year,none,no,no,no,yes,mailed check,0,no,no,2,1,0,65,no,south,no
T05130,27,34.9,one-year,fibre,no,no,no,yes,bank transfer,1,yes,no,1,0,1,53,yes,north,no
T04229,25,83.7,one-year,none,no,yes,no,yes,card,0,yes,no,2,0,0,75,yes,north,no
T06293,16,29.1,month-to-month,fibre,yes,no,yes,yes,mailed check,0,yes,no,1,1,1,77,no,north,no
T05371,34,91.2,month-to-month,dsl,no,yes,no,no,e-check,0,no,no,1,0,0,60,no,south,yes
T01375,32,90.3,month-to-month,fibre,yes,no,yes,no,bank transfer,1,no,no,2,2,0,90,no,south,no
T06865,1,40.4,month-to-month,fibre,yes,yes,no,no,mailed check,0,no,no,1,1,2,85,no,south,yes
T01671,10,64.2,one-year,none,no,no,yes,yes,card,0,no,no,2,0,0,14,yes,north,no
T06832,18,91,one-year,fibre,no,yes,yes,yes,mailed check,0,yes,no,3,0,0,47,no,centre,no
T00185,6,46.5,two-year,fibre,no,yes,yes,yes,e-check,0,no,no,2,0,1,84,no,islands,no
T00531,1,22.4,one-year,none,no,yes,no,no,bank transfer,0,no,no,3,1,1,9,no,north,yes
T06886,27,44.2,one-year,dsl,no,no,no,yes,mailed check,0,no,no,2,1,1,41,no,islands,no
T00788,46,90.5,one-year,fibre,no,no,no,yes,card,0,no,no,2,1,0,16,yes,centre,no
T04957,13,60.7,month-to-month,none,yes,no,no,no,bank transfer,1,no,no,1,0,0,111,no,centre,no
T06215,2,82.5,month-to-month,none,no,no,yes,yes,bank transfer,0,no,yes,1,1,0,52,no,north,yes
T02986,48,36.1,month-to-month,fibre,no,yes,no,no,e-check,0,no,no,1,0,0,31,no,centre,yes
T06198,16,81.2,month-to-month,fibre,no,yes,yes,yes,e-check,0,yes,no,0,2,0,12,no,centre,yes
T03100,6,35.3,month-to-month,dsl,no,yes,yes,yes,mailed check,0,yes,no,1,2,0,72,no,centre,yes
T04413,33,60.2,two-year,none,no,no,yes,yes,card,0,no,yes,2,1,0,126,no,islands,no
T06934,35,69.5,month-to-month,dsl,no,no,yes,yes,e-check,1,yes,no,1,1,0,80,no,north,no
T01271,18,97.3,one-year,fibre,yes,no,yes,yes,bank transfer,0,no,no,3,1,1,164,no,centre,no
T01362,11,106.7,month-to-month,dsl,no,yes,yes,yes,card,0,yes,no,2,0,1,5,no,north,yes
T06651,8,24.7,one-year,dsl,yes,no,no,no,e-check,0,no,no,2,0,0,32,no,centre,no
T01763,4,61.5,month-to-month,fibre,yes,no,yes,yes,e-check,0,no,no,1,1,1,57,no,islands,no
T06635,3,24.9,month-to-month,fibre,no,no,no,no,mailed check,0,no,yes,0,2,0,26,no,centre,yes
T06873,14,30.5,two-year,dsl,yes,yes,yes,no,card,0,yes,no,2,2,1,36,yes,islands,no
T03542,40,27.8,month-to-month,none,yes,no,no,yes,card,0,yes,no,2,1,1,76,no,centre,no
T05930,44,54.5,month-to-month,dsl,no,yes,no,no,mailed check,0,no,no,2,1,0,58,no,south,no
T01232,53,50.5,month-to-month,none,no,no,yes,yes,bank transfer,0,yes,yes,2,0,1,59,no,north,no
T03493,50,78.4,one-year,dsl,no,no,no,yes,mailed check,0,no,yes,1,1,0,159,yes,south,no
T02750,92,104.3,month-to-month,dsl,no,no,no,no,e-check,0,no,no,1,0,0,81,no,centre,yes
T05560,43,86.5,month-to-month,dsl,no,no,no,no,bank transfer,0,no,no,1,0,0,124,yes,north,no
T05614,68,98.9,one-year,dsl,no,no,yes,no,e-check,0,yes,yes,1,0,1,31,no,south,no
T01293,11,78.2,month-to-month,none,no,yes,no,no,e-check,1,no,yes,3,1,0,87,no,islands,yes
T05975,21,42,one-year,dsl,no,no,yes,yes,card,0,yes,no,3,1,1,156,yes,islands,no
T04493,6,32.6,month-to-month,none,no,no,yes,yes,mailed check,0,no,yes,0,1,0,62,no,islands,yes
T00762,7,43,two-year,none,yes,no,yes,no,card,0,yes,no,1,0,1,113,no,islands,no
T05710,37,83.9,month-to-month,fibre,yes,no,no,yes,e-check,0,no,yes,0,0,0,195,no,north,yes
T03856,6,20.6,two-year,fibre,yes,no,no,yes,card,0,yes,no,1,0,1,64,no,islands,no
T02458,107,24.9,month-to-month,dsl,no,no,yes,yes,e-check,0,no,no,1,1,1,221,yes,centre,yes
T06340,15,61.4,two-year,none,yes,yes,yes,no,e-check,0,yes,yes,1,3,1,6,no,centre,no
T05761,9,99.7,one-year,none,no,no,yes,no,card,0,no,yes,0,2,1,73,yes,centre,no
T05717,14,42.8,one-year,fibre,yes,no,yes,no,bank transfer,0,yes,no,1,1,0,158,yes,islands,no
T04187,11,58.7,month-to-month,fibre,no,yes,yes,no,bank transfer,0,yes,no,1,0,0,31,no,south,no
T04100,1,63.2,two-year,fibre,no,yes,no,yes,card,0,yes,no,2,2,1,92,yes,south,no
T06006,12,109.4,month-to-month,fibre,yes,no,no,no,e-check,0,yes,no,2,1,0,97,no,south,yes
T00166,13,63.6,one-year,fibre,no,yes,no,no,e-check,1,yes,no,2,1,1,81,no,islands,yes
T02461,33,98.1,month-to-month,dsl,yes,no,yes,no,bank transfer,0,yes,no,2,0,0,112,no,islands,yes
T00678,31,69,two-year,dsl,yes,no,no,yes,card,0,yes,no,0,1,2,52,no,islands,no
T00409,7,100.6,one-year,fibre,no,no,yes,yes,bank transfer,0,yes,no,2,0,0,91,no,south,yes
T04852,17,90.1,month-to-month,fibre,yes,no,no,yes,e-check,0,no,no,2,0,1,49,no,north,no
T05308,24,28.6,one-year,fibre,no,yes,no,yes,e-check,1,yes,yes,1,1,0,62,no,centre,no
T00443,9,79.6,two-year,dsl,no,no,yes,no,e-check,0,no,yes,2,1,1,31,no,centre,no
T03151,19,61.2,month-to-month,fibre,no,no,yes,no,bank transfer,1,yes,no,1,0,0,63,no,north,yes
T00708,9,51.7,one-year,none,no,yes,yes,yes,card,0,yes,no,1,1,0,63,no,islands,yes
T00679,16,86.1,month-to-month,fibre,no,no,no,no,e-check,0,yes,no,1,1,1,27,yes,south,yes
T00119,8,97.7,month-to-month,dsl,no,no,yes,no,mailed check,0,no,yes,1,0,0,22,no,north,no
T00961,8,25.7,month-to-month,none,yes,yes,yes,yes,e-check,0,no,no,2,2,0,75,no,north,no
T00393,63,85.4,one-year,dsl,no,yes,yes,yes,e-check,0,no,yes,1,1,0,69,no,north,no
T05084,43,64.3,month-to-month,fibre,no,no,no,yes,e-check,0,no,no,1,1,0,118,no,islands,no
T01670,1,63.5,month-to-month,dsl,yes,yes,no,no,e-check,0,no,yes,2,0,3,75,no,centre,no
T06782,111,38.7,month-to-month,fibre,no,no,no,yes,mailed check,0,no,no,1,0,0,104,yes,islands,no
T01297,20,64,month-to-month,fibre,no,yes,yes,yes,bank transfer,0,no,no,1,0,1,77,no,islands,no
T06368,40,54,one-year,fibre,yes,no,no,no,card,0,yes,yes,2,0,0,8,yes,north,no
T01808,45,57,one-year,fibre,yes,no,yes,yes,bank transfer,0,no,no,2,1,0,53,no,south,no
T00410,72,107,two-year,dsl,yes,no,yes,yes,e-check,0,no,yes,1,0,0,31,no,north,no
T02038,138,97.9,two-year,none,no,no,no,no,card,0,yes,no,0,2,0,79,no,north,no
T01438,55,76.5,month-to-month,none,no,no,no,no,bank transfer,0,no,no,0,1,0,99,no,islands,no
T02608,52,106.4,two-year,dsl,yes,no,yes,yes,e-check,0,no,no,2,0,0,30,no,islands,no
T04782,17,52.9,one-year,none,yes,yes,no,yes,card,0,yes,no,1,1,1,30,no,centre,no
T02951,11,36.8,month-to-month,none,yes,no,yes,yes,e-check,0,yes,no,1,0,1,139,no,islands,yes
T04003,13,40.1,month-to-month,dsl,yes,yes,yes,yes,e-check,0,no,yes,1,0,0,69,no,north,no
T02997,23,44.2,one-year,fibre,no,no,no,yes,card,1,yes,no,1,0,0,53,yes,centre,no
T04529,1,34.2,month-to-month,dsl,no,no,no,no,bank transfer,0,no,no,1,1,2,56,no,south,no
T00803,6,30.9,month-to-month,fibre,no,no,no,yes,card,0,no,no,0,0,0,63,no,south,yes
T02778,20,36.6,month-to-month,fibre,no,yes,no,no,card,0,no,no,3,1,1,20,no,north,no
T06473,2,87.7,month-to-month,fibre,no,no,yes,yes,mailed check,0,yes,yes,2,0,0,8,no,north,no
T02212,8,38.2,month-to-month,fibre,no,no,no,yes,card,0,no,no,2,0,0,62,no,islands,no
T02050,9,86.7,one-year,dsl,no,no,no,yes,card,0,no,no,2,5,1,71,yes,islands,yes
T04483,55,36.1,two-year,none,no,yes,yes,yes,mailed check,0,yes,no,2,0,0,42,no,centre,no
T00350,7,53.8,two-year,fibre,no,yes,yes,no,card,0,yes,no,1,1,1,95,no,islands,yes
T04675,4,76.4,month-to-month,fibre,yes,no,no,no,card,0,yes,yes,1,1,0,103,no,centre,no
T02059,9,100.1,month-to-month,dsl,yes,no,no,no,bank transfer,0,no,yes,2,1,2,100,no,islands,no
T03966,58,61.7,two-year,dsl,yes,no,no,no,card,0,yes,yes,1,0,0,47,no,centre,no
T05335,39,58.9,month-to-month,none,yes,no,no,no,bank transfer,1,no,no,1,1,0,144,no,north,yes
T02678,8,58.1,two-year,fibre,yes,yes,no,yes,mailed check,0,yes,no,1,1,1,80,no,north,no
T00113,30,78.6,two-year,none,no,yes,no,yes,card,0,no,no,1,2,2,61,no,centre,no
T04175,52,56.2,month-to-month,none,no,no,yes,yes,e-check,1,yes,no,1,2,1,44,no,centre,yes
T05254,38,93.3,one-year,none,no,no,no,no,e-check,1,no,no,2,0,1,109,no,islands,yes
T04744,3,31.6,month-to-month,dsl,yes,no,no,yes,mailed check,0,no,no,1,1,2,75,no,centre,yes
T05834,53,43.7,two-year,dsl,no,yes,no,no,mailed check,0,yes,no,1,1,2,70,no,islands,no
T05234,6,109.4,one-year,fibre,no,yes,yes,yes,card,0,yes,no,2,2,0,71,no,islands,no
T03750,60,34.6,month-to-month,fibre,no,no,no,no,e-check,0,yes,no,1,0,2,177,no,centre,no
T00811,5,82.6,month-to-month,none,yes,no,yes,yes,bank transfer,0,yes,no,1,3,1,141,no,islands,no
T00199,7,41.1,month-to-month,dsl,no,no,yes,yes,card,1,yes,no,2,0,0,37,no,north,no
T01443,39,24.9,one-year,fibre,yes,no,no,yes,bank transfer,0,yes,yes,2,2,0,248,no,north,yes
T06828,4,21.2,one-year,dsl,no,yes,no,yes,card,0,no,no,1,2,2,182,no,south,no
T06211,9,83.5,one-year,dsl,no,yes,no,no,e-check,0,yes,no,1,0,2,108,yes,north,no
T01571,59,27.2,month-to-month,dsl,yes,no,no,yes,card,0,no,no,2,1,0,69,no,north,no
T03129,6,77,month-to-month,dsl,no,no,yes,yes,bank transfer,0,no,yes,1,1,1,52,no,islands,yes
T03270,31,30.5,month-to-month,dsl,no,yes,no,yes,e-check,0,yes,no,0,0,0,90,no,islands,no
T01367,3,57.7,one-year,fibre,no,no,no,no,mailed check,0,yes,yes,1,2,1,14,no,north,no
T02825,25,39.2,month-to-month,fibre,yes,no,no,yes,bank transfer,0,yes,no,1,0,0,233,no,islands,no
T03692,24,66.1,one-year,fibre,yes,no,no,yes,e-check,0,yes,no,1,1,0,14,no,north,yes
T02043,3,48.4,month-to-month,fibre,yes,no,yes,yes,card,0,no,no,1,0,2,108,yes,centre,no
T01554,17,108.6,month-to-month,dsl,no,yes,no,no,bank transfer,0,yes,no,2,2,1,107,no,north,yes
T00744,31,100.1,one-year,fibre,yes,yes,no,yes,e-check,0,yes,no,0,1,0,127,yes,islands,no
T05163,1,90.1,one-year,dsl,yes,no,no,yes,bank transfer,0,yes,no,1,0,0,138,no,south,no
T03704,65,70.7,month-to-month,dsl,yes,no,no,no,card,0,no,yes,1,3,0,37,yes,centre,no
T05682,95,79.2,month-to-month,fibre,no,yes,no,yes,e-check,1,yes,no,2,1,0,111,no,south,no
T02575,12,103,two-year,dsl,no,yes,yes,no,bank transfer,0,yes,yes,1,1,0,86,yes,north,no
T02821,88,98.2,month-to-month,fibre,yes,no,no,yes,mailed check,0,yes,no,2,2,0,47,no,south,yes
T00798,13,81.7,two-year,fibre,no,yes,yes,no,card,0,no,no,1,0,0,71,no,south,no
T05870,47,47.3,one-year,fibre,yes,yes,yes,yes,card,0,no,no,1,0,1,34,no,islands,no
T06051,13,100.4,one-year,dsl,no,no,yes,yes,e-check,1,no,no,1,0,0,63,yes,islands,yes
T00916,24,83.6,one-year,none,yes,yes,no,yes,e-check,1,yes,yes,1,0,0,97,no,centre,yes
T06837,4,60.4,two-year,fibre,yes,yes,no,yes,bank transfer,0,yes,no,3,1,0,54,no,centre,no
T05465,21,53.1,month-to-month,none,no,yes,yes,yes,bank transfer,0,no,yes,2,0,0,60,no,north,no
T00273,20,88.4,month-to-month,dsl,no,no,yes,yes,bank transfer,0,yes,no,1,1,0,307,no,centre,yes
T00625,45,74.1,month-to-month,fibre,yes,no,yes,yes,bank transfer,0,yes,no,3,1,0,64,no,islands,yes
T04391,7,49.4,month-to-month,dsl,no,no,no,yes,mailed check,0,yes,yes,1,0,0,129,no,north,no
T02187,14,34.4,month-to-month,fibre,yes,no,yes,yes,e-check,0,yes,no,2,1,2,64,no,south,yes
T04259,67,35.7,month-to-month,fibre,no,no,no,yes,bank transfer,0,no,no,0,0,0,98,no,centre,no
T00222,65,70.7,month-to-month,dsl,yes,no,yes,yes,e-check,0,yes,yes,1,0,2,80,no,south,no
T04414,11,71.5,month-to-month,fibre,no,yes,yes,no,mailed check,1,no,no,1,0,0,52,no,south,no
T04890,88,26.4,month-to-month,none,no,yes,no,no,bank transfer,0,no,no,1,0,0,59,yes,south,no
T00637,31,21.3,two-year,fibre,yes,no,yes,no,card,0,no,no,1,1,1,47,no,south,no
T06279,6,80,one-year,fibre,yes,yes,no,yes,card,0,yes,yes,1,3,0,76,no,north,no
T04677,38,78.6,month-to-month,fibre,no,yes,yes,yes,bank transfer,0,no,yes,2,0,0,65,no,islands,yes
T01504,29,68.9,two-year,dsl,no,no,no,no,mailed check,1,yes,no,2,2,0,54,no,centre,no
T05896,18,99.9,one-year,none,no,no,no,no,bank transfer,0,yes,no,1,3,0,93,no,north,no
T04000,10,35.1,one-year,dsl,no,no,yes,yes,card,0,no,no,2,2,1,148,no,north,yes
T06737,25,61.8,month-to-month,fibre,no,no,no,yes,card,0,yes,yes,1,3,0,58,no,islands,no
T00553,39,37.6,month-to-month,fibre,yes,no,no,yes,bank transfer,1,no,yes,1,0,0,96,no,islands,yes
T05904,5,84.3,two-year,dsl,no,no,yes,yes,bank transfer,0,no,yes,3,0,1,27,no,centre,no
T05891,33,71.7,two-year,fibre,yes,no,yes,yes,e-check,0,no,yes,3,0,0,60,yes,islands,no
T00187,32,64.4,one-year,none,no,yes,yes,no,e-check,1,yes,no,1,2,0,44,no,north,no
T05681,30,62.3,month-to-month,dsl,no,yes,no,yes,mailed check,0,no,no,1,2,1,105,no,centre,no
T04139,12,69.8,month-to-month,dsl,no,no,yes,no,card,1,no,no,1,0,1,147,no,centre,yes
T05174,62,33.7,one-year,dsl,no,no,yes,yes,e-check,1,yes,no,3,0,1,62,no,north,no
T00433,19,38.8,month-to-month,fibre,no,yes,yes,yes,mailed check,0,yes,yes,1,0,0,125,yes,islands,no
T01974,18,54.9,month-to-month,dsl,yes,no,yes,yes,card,1,no,yes,3,1,0,93,no,north,no
T00574,94,98,two-year,none,yes,no,yes,no,mailed check,0,no,no,1,0,0,154,no,centre,no
T06212,4,80,month-to-month,fibre,no,no,yes,yes,bank transfer,0,no,no,1,0,0,169,no,islands,yes
T05468,94,97.6,month-to-month,none,yes,no,yes,yes,card,0,no,no,2,0,0,12,no,north,no
T02139,35,25.6,one-year,fibre,no,yes,no,no,mailed check,0,no,no,1,0,0,27,no,north,no
T05242,10,77.5,two-year,none,yes,yes,yes,yes,mailed check,1,yes,no,3,2,0,101,no,centre,no
T00248,7,102.8,one-year,fibre,no,no,no,no,e-check,1,no,no,3,2,2,81,no,centre,yes
T04221,27,37.1,one-year,none,no,no,no,yes,bank transfer,0,no,no,2,0,0,83,yes,south,no
T05420,33,92.7,one-year,dsl,no,no,yes,yes,e-check,0,yes,no,1,1,0,140,no,islands,no
T04231,44,90.3,month-to-month,dsl,yes,no,no,yes,mailed check,0,yes,yes,3,1,0,21,no,north,no
T05015,17,28.3,month-to-month,fibre,no,no,no,no,e-check,0,yes,no,1,1,0,106,no,islands,yes
T01681,57,27.2,two-year,none,yes,no,yes,yes,card,0,yes,yes,0,1,0,86,no,north,no
T05068,30,66.5,month-to-month,dsl,no,yes,no,no,e-check,0,no,no,1,0,1,42,no,north,no
T04581,33,87.4,month-to-month,fibre,yes,no,yes,yes,e-check,0,yes,no,1,2,1,74,no,north,yes
T00648,27,38.2,month-to-month,fibre,yes,yes,yes,yes,card,0,no,yes,2,0,1,38,no,islands,no
T06852,24,44.5,one-year,fibre,no,no,no,yes,e-check,0,no,no,1,0,0,53,no,centre,no
T02089,17,45.7,two-year,dsl,no,yes,yes,yes,e-check,0,no,no,1,1,0,68,no,centre,no
T06716,94,93.6,one-year,fibre,no,yes,yes,yes,bank transfer,1,yes,yes,2,0,0,88,yes,centre,no
T04526,5,55.8,two-year,fibre,yes,no,no,no,e-check,0,no,no,1,1,0,56,no,south,no
T06721,31,25.7,two-year,fibre,no,no,yes,yes,mailed check,1,no,yes,1,0,1,24,no,south,no
T01311,73,49.4,month-to-month,none,yes,yes,no,no,mailed check,1,yes,no,1,0,1,30,no,north,no
T03532,1,42.5,two-year,fibre,yes,no,no,no,card,0,no,no,2,0,1,72,no,centre,no
T00644,17,90.3,month-to-month,fibre,yes,yes,yes,yes,mailed check,0,yes,no,2,2,0,28,no,north,no
T03113,11,46.4,month-to-month,none,no,no,yes,no,card,0,no,no,0,0,0,26,no,north,no
T00987,22,61.5,two-year,fibre,no,yes,yes,yes,mailed check,1,yes,yes,1,1,1,30,no,north,no
T04554,6,75.6,month-to-month,fibre,no,no,yes,yes,mailed check,0,no,no,2,2,0,56,no,north,yes
T02483,1,55.4,month-to-month,fibre,yes,no,yes,yes,card,0,no,no,2,0,1,404,yes,north,no
T03327,37,54.3,month-to-month,dsl,no,yes,yes,no,mailed check,0,yes,no,1,2,0,3,no,islands,no
T02284,4,72,month-to-month,fibre,yes,yes,yes,yes,card,0,yes,no,0,0,1,105,no,centre,yes
T05618,57,90.5,month-to-month,fibre,no,no,yes,yes,card,0,no,no,1,1,0,30,no,north,no
T03717,9,50.5,month-to-month,fibre,yes,no,yes,no,mailed check,0,no,no,2,2,0,82,no,centre,no
T05943,79,72.3,two-year,none,no,no,yes,yes,mailed check,0,no,no,1,2,0,101,no,south,no
T01283,60,99.3,month-to-month,fibre,no,yes,no,yes,bank transfer,0,yes,yes,1,1,0,74,no,south,yes
T01538,3,23.9,month-to-month,none,no,yes,yes,no,bank transfer,0,no,no,0,1,1,37,no,south,no
T06709,10,89.9,month-to-month,none,yes,yes,yes,no,mailed check,0,yes,no,1,1,0,148,no,north,no
T03230,3,103,one-year,fibre,no,no,no,yes,mailed check,0,yes,no,1,0,0,47,no,centre,no
T02065,61,37.7,one-year,none,yes,no,yes,no,bank transfer,1,no,yes,1,2,0,89,no,south,no
T00161,1,101.5,month-to-month,dsl,yes,no,yes,no,card,0,yes,no,1,0,1,16,no,islands,no
T00693,145,58.4,one-year,none,yes,no,yes,no,bank transfer,0,no,no,3,0,1,41,no,south,no
T01184,14,40.7,one-year,fibre,no,yes,yes,yes,mailed check,0,no,yes,2,0,1,73,yes,south,yes
T04367,13,39.1,month-to-month,dsl,no,yes,no,no,bank transfer,0,yes,yes,1,0,0,25,no,islands,no
T04883,13,26.9,month-to-month,fibre,yes,no,yes,yes,bank transfer,0,no,no,0,0,0,120,yes,south,no
T03349,3,96.3,month-to-month,dsl,no,no,yes,yes,bank transfer,0,yes,no,1,0,0,180,yes,north,no
T03710,62,25.8,two-year,fibre,no,no,no,yes,e-check,0,no,no,1,1,1,38,no,centre,no
T04365,36,109.6,one-year,none,no,no,yes,no,card,0,yes,yes,3,2,2,77,no,centre,no
T01404,12,101.4,one-year,dsl,no,no,yes,yes,mailed check,0,yes,no,3,1,0,62,no,islands,yes
T00571,91,103.9,month-to-month,dsl,no,no,no,yes,bank transfer,0,yes,no,1,0,1,115,no,south,yes
T04116,8,61.2,one-year,fibre,yes,no,yes,yes,mailed check,0,no,yes,2,1,0,102,no,north,yes
T00258,13,58.8,one-year,dsl,no,no,yes,yes,card,0,yes,no,2,2,1,31,no,north,no
T03161,1,83.6,one-year,fibre,no,no,yes,yes,card,0,yes,yes,1,1,0,60,no,north,yes
T01661,5,79.3,month-to-month,dsl,no,no,yes,no,bank transfer,0,yes,no,1,0,1,35,no,south,no
T03205,164,32.6,two-year,dsl,no,no,yes,yes,mailed check,0,no,no,2,0,0,100,no,centre,no
T00159,19,30.7,two-year,fibre,yes,no,no,no,bank transfer,0,yes,no,1,0,0,120,yes,centre,no
T04849,1,32.5,month-to-month,fibre,no,yes,yes,yes,bank transfer,1,no,yes,1,1,0,100,no,south,yes
T00584,5,54.4,month-to-month,none,yes,no,no,no,bank transfer,0,no,yes,2,1,0,58,no,islands,yes
T03110,8,79,month-to-month,dsl,yes,yes,no,no,card,1,yes,no,3,1,0,25,no,north,no
T05227,15,36.4,month-to-month,fibre,yes,no,yes,yes,bank transfer,1,yes,yes,1,0,1,81,no,north,yes
T04352,23,43,one-year,fibre,yes,no,yes,no,mailed check,0,yes,no,1,0,0,131,no,north,yes
T01292,6,44.7,month-to-month,dsl,no,no,no,no,e-check,0,no,no,2,2,1,30,no,islands,no
T04336,9,72.1,month-to-month,dsl,no,no,no,no,bank transfer,0,no,no,1,0,0,40,no,islands,yes
T03379,29,35.7,one-year,none,yes,no,no,yes,bank transfer,1,no,yes,1,0,0,27,no,north,no
T03286,34,57.3,month-to-month,fibre,no,no,yes,no,e-check,1,yes,yes,1,0,1,161,no,south,no
T03135,210,35.1,month-to-month,fibre,no,yes,yes,yes,e-check,0,yes,yes,0,1,0,97,yes,north,no
T03127,41,102.1,one-year,fibre,yes,no,yes,yes,card,0,yes,yes,1,0,0,104,no,centre,no
T03584,2,72.6,one-year,dsl,no,yes,yes,no,bank transfer,0,yes,no,1,1,0,33,no,islands,no
T03074,11,43.4,month-to-month,fibre,yes,no,yes,yes,card,0,yes,no,2,2,0,19,no,centre,yes
T05623,72,42.1,one-year,fibre,no,yes,no,yes,card,0,yes,no,2,0,1,130,no,north,no
T04921,38,27.2,month-to-month,fibre,no,no,no,yes,card,0,yes,no,1,2,1,83,no,islands,yes
T05087,38,75.2,two-year,none,yes,no,yes,yes,e-check,0,yes,no,2,2,1,74,no,islands,no
T06618,27,95.3,two-year,dsl,yes,yes,no,no,bank transfer,0,no,yes,1,2,0,41,no,islands,no
T00250,13,108.9,one-year,dsl,yes,no,no,yes,card,0,no,no,2,0,0,235,no,islands,yes
T03764,29,79.3,two-year,fibre,yes,no,yes,yes,card,0,yes,no,2,1,0,85,yes,centre,no
T03037,8,66,month-to-month,fibre,no,yes,no,yes,bank transfer,0,yes,no,2,0,0,79,no,south,yes
T03602,26,71.9,one-year,dsl,no,no,no,yes,e-check,0,no,yes,2,1,1,24,no,south,no
T06244,6,54.1,two-year,none,no,no,no,yes,bank transfer,0,no,yes,1,0,1,54,no,islands,no
T06911,40,46.6,month-to-month,fibre,yes,yes,yes,yes,bank transfer,0,no,no,2,2,0,202,no,centre,no
T05607,65,42,two-year,fibre,yes,no,no,no,e-check,0,no,no,2,1,0,47,no,islands,no
T04146,18,72.7,month-to-month,fibre,no,yes,no,no,card,1,no,no,3,1,1,33,no,centre,yes
T05909,9,36.3,two-year,none,yes,no,no,no,card,0,yes,no,1,0,0,47,no,islands,no
T00013,2,55.6,month-to-month,dsl,yes,no,yes,yes,mailed check,1,yes,no,1,2,0,287,no,islands,yes
T06481,69,74.9,two-year,dsl,yes,yes,yes,yes,e-check,1,no,no,2,3,0,83,yes,north,no
T00927,14,20,one-year,fibre,no,no,no,yes,bank transfer,0,no,yes,1,0,0,75,no,islands,no
T01513,8,100.7,two-year,fibre,no,no,no,yes,e-check,0,no,yes,1,0,1,58,no,south,no
T05825,1,41.6,month-to-month,dsl,no,no,no,yes,e-check,0,yes,no,1,0,0,77,yes,centre,no
T03068,50,41.3,month-to-month,fibre,no,no,no,yes,card,0,yes,no,2,0,2,42,no,north,no
T02517,15,96.3,two-year,dsl,yes,no,no,yes,mailed check,0,no,no,1,2,1,51,no,south,no
T01835,18,80.6,month-to-month,dsl,yes,no,yes,no,bank transfer,0,no,no,2,1,0,77,no,islands,no
T02889,40,106.4,month-to-month,none,yes,no,no,yes,card,0,no,yes,2,0,0,115,yes,south,no
T02695,43,46.8,two-year,none,no,no,yes,yes,mailed check,0,yes,no,1,1,0,37,no,centre,no
T02161,2,82,month-to-month,dsl,yes,yes,yes,no,mailed check,1,no,yes,1,0,0,51,yes,centre,no
T00376,93,78.2,month-to-month,fibre,no,no,yes,yes,bank transfer,0,no,yes,2,2,0,34,no,south,yes
T01059,15,56.2,one-year,fibre,no,yes,yes,yes,mailed check,0,yes,yes,1,2,0,5,yes,south,no
T01805,129,82.6,month-to-month,fibre,yes,no,yes,yes,mailed check,0,yes,yes,1,1,2,47,no,north,yes
T03760,1,71.9,month-to-month,none,no,no,no,no,mailed check,0,no,no,1,1,0,70,yes,centre,no
T05955,16,82.2,one-year,dsl,no,no,yes,yes,bank transfer,0,no,yes,2,3,0,32,no,islands,no
T02319,77,95.9,two-year,none,no,no,yes,yes,mailed check,1,yes,yes,3,0,2,16,no,south,no
T01099,22,93.1,month-to-month,fibre,no,no,yes,yes,e-check,1,yes,no,2,0,0,128,no,islands,yes
T03254,6,23.3,two-year,fibre,no,yes,no,yes,bank transfer,0,yes,no,1,1,0,147,no,south,no
T05027,37,81.3,two-year,fibre,no,yes,yes,no,bank transfer,0,no,no,1,4,1,69,no,islands,no
T00025,15,98.2,two-year,dsl,no,no,no,no,card,0,no,no,2,0,3,10,no,centre,no
T04583,62,32.1,one-year,fibre,no,no,yes,yes,bank transfer,0,yes,yes,2,0,0,62,no,north,no
T04557,6,45.9,month-to-month,fibre,no,no,no,yes,bank transfer,0,yes,yes,1,0,0,62,no,north,no
T06319,38,103.8,month-to-month,fibre,yes,no,no,yes,mailed check,0,no,no,1,0,0,66,no,south,yes
T06791,1,35.6,month-to-month,fibre,no,no,yes,yes,card,0,no,no,0,0,1,71,no,north,yes
T05226,110,64.3,month-to-month,fibre,yes,no,yes,yes,card,1,yes,no,2,1,1,34,no,north,no
T06059,2,73.4,two-year,none,yes,yes,yes,yes,card,0,no,yes,1,1,1,78,no,south,no
T01155,24,22.1,two-year,fibre,no,no,yes,yes,e-check,1,yes,no,2,2,0,134,no,north,yes
T04536,6,91,one-year,none,no,yes,yes,yes,e-check,0,yes,no,0,0,1,80,no,north,no
T01454,15,69,one-year,none,yes,no,no,no,card,1,no,no,1,0,2,17,no,centre,no
T06641,40,103,month-to-month,dsl,yes,no,yes,yes,bank transfer,1,no,no,2,3,0,138,no,south,no
T05541,2,59.1,two-year,fibre,no,yes,no,yes,card,0,no,no,1,2,0,27,no,centre,yes
T03191,2,61.6,two-year,fibre,yes,no,no,no,card,0,no,no,2,1,0,6,no,south,no
T04044,56,44.9,month-to-month,fibre,no,no,no,yes,e-check,0,yes,no,2,2,0,38,no,north,yes
T05988,67,82,one-year,dsl,no,no,no,yes,e-check,0,yes,no,2,0,1,233,no,islands,no
T04397,80,78.3,one-year,dsl,no,no,yes,no,bank transfer,0,no,yes,0,2,0,133,no,islands,no
T04510,13,29.6,month-to-month,none,no,yes,yes,no,e-check,0,yes,no,2,0,0,68,no,south,no
T01495,58,51.3,month-to-month,fibre,no,no,yes,yes,e-check,1,no,yes,2,1,0,9,no,north,yes
T03870,1,71.7,month-to-month,none,no,no,yes,no,e-check,0,yes,yes,1,0,0,46,no,islands,no
T06029,2,62.8,two-year,fibre,yes,no,yes,yes,mailed check,0,yes,no,2,3,1,38,no,north,no
T03830,5,109.8,two-year,dsl,no,no,no,no,e-check,0,yes,no,2,1,0,87,no,centre,no
T04312,35,22.2,two-year,fibre,no,yes,no,yes,bank transfer,1,no,no,2,1,0,164,yes,north,no
T04926,75,84.2,two-year,dsl,no,no,no,yes,mailed check,0,no,no,1,0,0,60,no,south,no
T04107,20,75.7,one-year,fibre,yes,no,yes,yes,bank transfer,0,no,no,1,0,1,30,yes,centre,no
T01640,51,77,month-to-month,dsl,no,no,no,no,mailed check,1,no,yes,1,1,1,27,yes,centre,yes
T04025,1,48.6,month-to-month,dsl,yes,no,yes,yes,bank transfer,0,no,no,1,0,2,18,no,south,no
T02227,83,38.4,two-year,dsl,yes,yes,no,no,mailed check,0,no,no,1,0,1,44,no,islands,no
T03277,78,69.7,two-year,fibre,no,no,yes,no,e-check,0,yes,no,3,1,1,66,no,centre,no
T00682,1,31,two-year,dsl,no,no,no,yes,mailed check,0,yes,yes,2,0,1,51,no,south,no
T03925,20,56.3,two-year,dsl,no,no,yes,no,bank transfer,1,yes,no,1,0,0,78,yes,centre,no
T03873,83,105.3,two-year,dsl,yes,yes,no,no,mailed check,1,no,no,2,1,0,20,yes,south,no
T03993,29,38.9,two-year,dsl,yes,yes,no,no,bank transfer,1,no,yes,2,1,1,151,no,south,no
T05509,94,34.1,one-year,fibre,no,no,yes,yes,card,0,yes,yes,2,2,1,111,no,centre,no
T04048,42,99.3,month-to-month,fibre,yes,yes,no,yes,card,0,no,yes,2,1,0,142,no,south,no
T01667,13,83.8,month-to-month,none,no,yes,yes,no,card,1,yes,no,1,2,0,62,no,north,no
T05175,44,102,month-to-month,fibre,no,no,no,no,bank transfer,0,no,no,3,0,1,52,no,south,yes
T01645,30,39.7,month-to-month,fibre,no,no,no,no,mailed check,0,no,no,2,1,0,54,no,islands,no
T05633,36,102.5,two-year,dsl,no,no,no,no,mailed check,1,no,no,1,0,2,87,no,north,no
T05438,95,38.7,month-to-month,dsl,no,yes,yes,no,e-check,0,yes,no,0,0,0,17,no,centre,no
T06616,15,33.3,one-year,fibre,yes,yes,no,no,mailed check,0,no,no,1,2,0,24,no,islands,yes
T05775,41,33.9,month-to-month,fibre,no,no,no,yes,mailed check,0,no,no,1,0,0,62,no,south,no
T01644,23,85.6,two-year,fibre,no,no,yes,yes,e-check,0,yes,no,1,0,0,35,no,centre,no
T02987,112,108.6,month-to-month,fibre,no,yes,yes,yes,bank transfer,0,no,yes,1,2,0,15,yes,centre,yes
T06591,45,55.3,month-to-month,fibre,no,no,yes,yes,card,0,no,no,1,1,0,37,no,south,yes
T01711,70,35.3,month-to-month,fibre,yes,no,yes,no,bank transfer,1,yes,no,2,0,0,66,yes,north,no
T01137,58,99.7,month-to-month,none,yes,no,no,yes,e-check,0,no,no,3,2,0,36,no,north,no
T04513,32,78.8,one-year,fibre,yes,yes,yes,yes,bank transfer,0,no,yes,1,0,0,23,no,south,no
T02093,41,38.9,month-to-month,none,yes,yes,no,yes,card,0,yes,no,2,1,0,83,no,islands,no
T05273,6,54.2,one-year,dsl,no,yes,yes,yes,mailed check,0,no,yes,0,0,0,129,no,south,yes
T06072,22,51.3,month-to-month,dsl,no,yes,yes,yes,bank transfer,0,yes,no,1,0,0,77,no,south,no
T05983,2,63.8,month-to-month,none,no,yes,no,no,mailed check,0,yes,yes,2,1,0,114,no,islands,yes
T00104,7,95.8,month-to-month,dsl,no,no,no,yes,e-check,0,no,no,1,1,0,43,no,centre,no
T04547,31,51,two-year,dsl,no,no,yes,yes,mailed check,0,no,no,1,1,0,90,no,islands,no
T05620,26,74.2,month-to-month,dsl,no,no,no,yes,mailed check,1,no,no,1,2,0,116,yes,south,yes
T05516,43,48.8,month-to-month,fibre,no,no,no,yes,e-check,0,yes,no,2,0,0,143,no,north,yes
T03165,3,79,month-to-month,fibre,no,no,no,yes,e-check,0,no,yes,2,1,0,68,no,south,yes
T05337,70,104,one-year,none,no,no,yes,no,mailed check,0,no,yes,1,0,0,111,no,centre,yes
T00444,43,89.5,month-to-month,fibre,yes,yes,yes,yes,mailed check,0,yes,no,1,1,0,78,no,north,no
T06885,136,102.6,month-to-month,none,no,no,no,yes,bank transfer,0,no,no,2,0,1,17,no,north,yes
T04530,9,77.6,two-year,fibre,yes,yes,no,yes,card,0,no,no,1,3,0,67,yes,north,yes
T01875,60,100,two-year,none,no,yes,yes,no,e-check,0,yes,no,1,2,1,117,yes,centre,no
T00163,18,69,month-to-month,fibre,yes,no,no,no,mailed check,0,yes,no,3,0,1,148,no,centre,no
T04948,21,77.5,month-to-month,dsl,no,no,yes,yes,mailed check,0,no,no,1,2,2,78,yes,islands,no
T04046,33,23.4,one-year,fibre,no,no,no,no,mailed check,0,no,yes,1,0,0,133,no,centre,no
T00384,13,91.2,one-year,fibre,yes,no,yes,yes,e-check,1,yes,no,3,1,1,52,no,centre,no
T05604,11,94.9,month-to-month,dsl,no,no,yes,no,card,0,no,no,1,0,0,70,yes,islands,no
T05693,18,58.5,one-year,dsl,no,no,no,yes,card,0,no,yes,3,1,2,21,no,north,yes
T05754,4,67.7,one-year,fibre,no,no,yes,yes,mailed check,0,no,no,1,2,0,78,no,islands,yes
T04075,30,69.9,month-to-month,none,no,yes,yes,yes,bank transfer,0,yes,no,1,0,0,21,yes,islands,yes
T00246,8,35.7,two-year,dsl,no,no,no,yes,bank transfer,1,no,no,1,1,0,134,no,islands,no
T06148,62,95.3,one-year,dsl,yes,no,no,yes,e-check,0,no,no,1,0,0,39,no,centre,no
T01745,18,98.2,month-to-month,fibre,no,no,no,yes,card,0,no,yes,2,0,0,164,yes,centre,no
T04136,42,64.9,one-year,none,no,no,yes,no,card,0,no,no,1,1,0,59,no,south,no
T01902,3,51.9,month-to-month,dsl,no,no,yes,yes,mailed check,0,yes,no,2,3,1,144,no,south,yes
T00919,17,104.2,month-to-month,none,no,no,yes,no,card,0,no,no,1,1,0,24,no,north,no
T05767,76,61.4,month-to-month,dsl,yes,no,no,yes,bank transfer,0,yes,no,2,1,0,205,no,centre,no
T04720,2,109.5,month-to-month,fibre,no,no,no,no,mailed check,0,no,no,1,0,0,56,no,north,yes
T00821,55,39.8,two-year,none,yes,yes,yes,yes,bank transfer,0,yes,no,1,1,0,79,yes,islands,no
T06769,8,24.9,month-to-month,dsl,no,no,yes,yes,e-check,0,yes,yes,1,0,0,34,no,south,yes
T03963,1,61.6,month-to-month,dsl,no,no,no,no,bank transfer,0,yes,yes,2,0,1,39,yes,islands,yes
T03867,12,63.5,one-year,fibre,no,no,no,yes,mailed check,0,yes,yes,2,1,0,42,no,north,yes
T01663,18,97.8,one-year,none,no,no,no,yes,mailed check,0,yes,yes,1,0,0,235,no,centre,no
T03533,1,34.3,month-to-month,fibre,yes,yes,no,no,e-check,0,no,yes,2,2,1,112,no,north,yes
T04736,8,93.4,one-year,fibre,yes,no,yes,yes,mailed check,0,yes,no,0,1,0,60,no,north,yes
T02066,67,71,month-to-month,dsl,yes,no,yes,yes,bank transfer,1,yes,no,2,2,1,22,no,south,yes
T05856,25,85.2,month-to-month,dsl,yes,no,no,no,card,0,no,no,1,0,0,37,no,centre,no
T00936,23,21.6,two-year,none,no,no,no,yes,e-check,0,yes,no,1,0,1,47,no,islands,no
T05548,47,97.9,two-year,none,yes,no,no,yes,bank transfer,1,yes,no,1,1,0,124,no,centre,no
T06420,30,59.7,one-year,dsl,yes,yes,yes,yes,mailed check,0,no,yes,2,2,1,111,no,islands,no
T01512,11,50.1,month-to-month,dsl,yes,no,yes,yes,card,0,yes,no,1,0,0,36,yes,centre,no
T01449,6,57.4,month-to-month,fibre,no,yes,no,yes,card,0,yes,no,2,1,0,191,no,islands,no
T05230,1,53.8,one-year,none,yes,yes,no,no,bank transfer,0,no,no,3,0,0,77,no,south,no
T04379,16,99.5,one-year,dsl,no,yes,yes,no,card,0,no,yes,2,1,1,47,no,centre,yes
T04584,102,71.8,month-to-month,fibre,no,yes,yes,no,card,0,yes,no,1,1,2,25,yes,north,yes
T00687,34,92.1,month-to-month,fibre,yes,no,no,no,bank transfer,0,no,no,1,0,0,28,yes,north,no
T00727,9,84.7,month-to-month,fibre,no,no,no,yes,card,0,yes,no,0,1,0,79,no,north,yes
T02073,106,54.6,one-year,fibre,no,no,yes,no,card,0,yes,no,1,1,0,68,yes,south,no
T02191,21,63.4,month-to-month,dsl,no,yes,yes,yes,mailed check,0,no,no,1,2,1,63,yes,north,yes
T02211,18,40.6,month-to-month,fibre,yes,yes,yes,yes,e-check,0,yes,no,2,2,0,21,yes,centre,no
T01954,13,45.1,month-to-month,none,no,yes,yes,yes,bank transfer,0,yes,no,1,0,1,26,no,south,yes
T02289,6,58.5,one-year,fibre,yes,no,no,yes,card,0,no,yes,3,1,0,43,no,north,no
T05495,15,105,two-year,fibre,no,no,no,no,e-check,0,yes,yes,1,0,1,59,yes,islands,no
T00841,14,90.1,one-year,fibre,yes,no,yes,yes,card,0,yes,no,2,1,0,49,no,north,no
T06583,20,95.2,month-to-month,dsl,yes,no,no,yes,mailed check,0,yes,yes,2,1,0,135,yes,south,no
T04538,42,74.7,one-year,none,yes,no,yes,yes,e-check,0,yes,yes,2,3,0,58,no,islands,no
T03930,15,55.5,month-to-month,none,no,no,yes,no,e-check,0,yes,no,1,0,1,121,no,north,yes
T04568,38,61.7,month-to-month,none,yes,no,yes,yes,bank transfer,0,yes,yes,1,0,1,23,no,south,no
T03439,20,52.5,two-year,none,no,yes,yes,no,e-check,0,yes,no,1,1,0,77,no,centre,no
T03241,16,63.2,two-year,none,no,no,no,yes,e-check,0,no,no,1,0,0,22,yes,north,no
T02029,14,68,one-year,none,yes,yes,yes,yes,bank transfer,0,no,yes,2,0,0,47,no,islands,no
T05738,40,63.4,one-year,dsl,yes,no,no,no,e-check,0,no,no,3,0,0,21,no,north,no
T04593,26,79.7,month-to-month,fibre,yes,no,no,yes,card,0,yes,yes,2,1,0,58,no,centre,no
T01122,16,58.7,month-to-month,none,yes,no,yes,yes,card,0,yes,yes,2,0,1,203,no,centre,yes
T03612,9,26.1,month-to-month,none,no,yes,yes,yes,mailed check,0,yes,no,2,1,1,138,yes,centre,no
T03620,77,37.7,one-year,fibre,yes,no,yes,yes,mailed check,0,yes,no,3,0,1,62,yes,centre,no
T06916,26,43.9,month-to-month,fibre,no,yes,no,no,mailed check,0,no,no,2,1,0,96,no,islands,no
T06964,24,92.8,one-year,dsl,no,no,yes,yes,mailed check,0,no,no,2,0,0,141,no,north,no
T06695,87,21.2,month-to-month,none,no,yes,yes,yes,e-check,0,no,no,1,0,0,97,no,islands,no
T03831,8,106.9,month-to-month,fibre,no,yes,yes,yes,card,0,yes,yes,1,2,1,11,no,centre,yes
T02072,26,21.7,two-year,dsl,no,no,no,no,e-check,0,yes,no,3,1,1,57,yes,south,no
T01877,11,97.7,one-year,dsl,no,no,no,yes,bank transfer,0,no,yes,1,0,0,60,no,islands,no
T05948,58,74.4,month-to-month,fibre,no,no,yes,no,card,0,yes,yes,2,1,0,159,no,islands,yes
T06742,54,98.1,month-to-month,fibre,yes,no,yes,no,e-check,0,yes,yes,3,1,1,265,no,centre,no
T03598,26,84.6,two-year,dsl,yes,no,yes,yes,bank transfer,0,yes,no,1,1,0,46,no,centre,no
T02407,4,109.8,one-year,dsl,no,yes,yes,yes,e-check,0,no,yes,1,0,0,114,no,islands,no
T03852,11,81.3,two-year,fibre,yes,no,no,no,bank transfer,1,yes,yes,0,0,0,164,yes,islands,no
T05461,36,95.1,month-to-month,none,no,yes,no,yes,mailed check,0,no,no,0,1,0,30,no,centre,no
T03624,2,47.8,month-to-month,fibre,no,no,no,no,e-check,0,yes,no,2,1,0,37,yes,south,no
T01976,1,61,one-year,fibre,yes,yes,yes,yes,mailed check,0,no,no,2,1,0,181,no,north,no
T00808,1,47.3,two-year,fibre,no,no,no,yes,mailed check,0,no,no,2,1,1,37,no,north,no
T00404,5,105.3,month-to-month,fibre,yes,no,yes,yes,e-check,0,yes,yes,2,1,2,168,no,centre,yes
T05960,15,26.8,month-to-month,dsl,no,yes,yes,yes,mailed check,0,no,no,1,1,0,101,no,south,no
T05137,4,93.4,month-to-month,none,no,no,yes,yes,bank transfer,0,no,no,1,1,0,77,yes,south,yes
T02529,19,23.6,two-year,fibre,yes,no,no,yes,bank transfer,0,no,yes,1,0,1,37,no,centre,no
T01066,32,75,month-to-month,none,no,no,yes,yes,e-check,0,no,yes,2,0,1,33,no,south,no
T05272,43,56.8,month-to-month,dsl,no,no,yes,yes,card,0,no,no,2,1,2,65,no,north,no
T05323,57,47.1,month-to-month,dsl,no,yes,no,yes,mailed check,0,yes,no,2,2,1,75,no,north,no
T03881,9,27.1,month-to-month,dsl,no,no,yes,yes,card,0,yes,no,2,0,0,83,no,islands,yes
T01109,6,68.2,month-to-month,none,no,no,yes,yes,mailed check,0,no,no,1,2,0,62,yes,north,no
T04042,11,108.7,two-year,fibre,yes,yes,yes,yes,mailed check,0,no,no,1,2,0,103,yes,centre,no
T02364,5,27.3,month-to-month,none,no,yes,yes,yes,card,0,yes,no,1,0,0,44,no,islands,no
T06619,29,77.1,month-to-month,dsl,no,no,no,no,card,0,no,no,1,3,0,50,no,south,no
T04662,33,98.1,month-to-month,fibre,yes,no,no,yes,mailed check,0,yes,no,1,1,1,22,yes,north,yes
T05766,24,109.2,month-to-month,dsl,no,yes,no,yes,e-check,0,no,yes,1,1,1,39,yes,north,no
T06932,26,51.1,one-year,dsl,no,no,no,yes,e-check,0,yes,no,1,1,1,193,yes,north,yes
T04174,21,78,two-year,fibre,no,yes,yes,no,card,1,yes,no,2,3,1,164,no,islands,no
T02975,77,25.7,two-year,dsl,no,yes,yes,yes,e-check,1,no,yes,2,1,0,71,no,islands,no
T00254,82,85.6,one-year,fibre,yes,no,yes,no,bank transfer,0,yes,no,1,0,1,186,no,south,no
T04195,38,25.8,month-to-month,fibre,no,no,yes,no,mailed check,0,yes,yes,3,1,1,25,yes,islands,no
T06277,25,100.9,one-year,fibre,yes,yes,no,yes,card,0,no,yes,1,1,0,55,no,south,no
T05966,45,105.1,month-to-month,none,no,yes,no,no,e-check,0,no,no,1,1,0,86,no,north,yes
T01328,96,95.1,month-to-month,dsl,no,yes,no,yes,card,0,no,no,2,1,1,53,yes,islands,no
T04985,21,52.5,month-to-month,fibre,no,yes,no,yes,e-check,0,no,no,2,1,1,285,no,islands,yes
T00511,55,45.9,two-year,none,no,no,no,yes,card,0,yes,no,2,0,0,63,no,south,no
T03364,18,36,two-year,none,yes,yes,no,no,bank transfer,0,no,no,2,2,0,141,yes,north,no
T06433,60,81.6,month-to-month,dsl,no,no,yes,yes,card,0,no,no,0,1,1,45,no,north,no
T06949,2,81.7,one-year,fibre,no,no,yes,no,mailed check,0,yes,yes,2,2,0,82,no,north,no
T00616,51,74.3,month-to-month,dsl,no,yes,no,yes,bank transfer,0,no,yes,1,1,2,49,no,north,no
T03589,7,42,two-year,fibre,yes,no,yes,yes,card,0,yes,yes,1,1,0,68,no,north,no
T06813,80,31.2,month-to-month,fibre,no,no,no,no,e-check,0,no,no,3,1,0,38,no,centre,no
T00918,33,32,one-year,dsl,yes,yes,no,yes,mailed check,0,yes,no,2,1,2,44,no,south,no
T06592,55,65,one-year,fibre,no,no,yes,yes,bank transfer,0,no,no,1,1,0,12,no,centre,no
T06528,13,81.9,month-to-month,fibre,yes,no,no,yes,card,1,yes,no,0,0,0,23,no,centre,no
T05418,9,39.8,one-year,dsl,yes,yes,yes,no,card,0,yes,yes,3,0,0,67,yes,north,no
T05133,14,92.9,two-year,dsl,no,no,yes,yes,bank transfer,0,no,no,2,2,1,29,yes,islands,no
T04244,68,75.1,one-year,fibre,no,no,yes,yes,e-check,0,no,no,3,2,0,67,no,south,yes
T06009,9,35.6,one-year,fibre,no,yes,yes,no,mailed check,0,no,yes,2,0,1,20,no,islands,no
T00171,15,55.8,one-year,dsl,no,no,no,no,e-check,0,no,yes,1,2,0,166,no,south,no
T02224,30,104.5,month-to-month,fibre,no,yes,no,yes,bank transfer,1,yes,no,1,0,0,28,no,islands,no
T02171,41,76.7,two-year,fibre,no,no,yes,yes,e-check,0,yes,no,0,0,2,72,yes,centre,no
T01568,45,65.2,month-to-month,dsl,no,yes,no,yes,mailed check,0,yes,no,2,1,0,168,no,islands,no
T04965,69,43.9,month-to-month,fibre,yes,no,yes,no,card,1,yes,yes,2,0,0,66,no,islands,no
T02811,5,39.8,one-year,dsl,yes,no,yes,yes,e-check,0,no,yes,2,3,0,120,yes,islands,no
T05416,46,47,one-year,none,yes,yes,no,yes,bank transfer,0,no,yes,1,0,0,133,no,north,no
T06089,42,73.5,month-to-month,dsl,yes,yes,no,yes,card,0,yes,no,2,1,2,100,no,centre,yes
T00983,1,67.2,month-to-month,fibre,yes,no,yes,yes,card,0,no,no,1,1,1,59,no,centre,no
T05959,54,83.6,month-to-month,fibre,no,no,yes,yes,mailed check,0,yes,no,0,1,1,153,no,north,yes
T01779,1,69.1,two-year,none,no,no,yes,yes,mailed check,0,yes,no,3,3,1,226,yes,islands,no
T06806,15,84.2,month-to-month,dsl,no,no,yes,no,e-check,1,no,yes,1,1,1,60,no,centre,yes
T06871,14,101.1,month-to-month,dsl,no,yes,yes,yes,e-check,0,no,no,1,1,1,33,yes,islands,no
T03273,13,40.9,two-year,dsl,no,yes,yes,yes,mailed check,1,no,yes,2,3,0,108,no,islands,no
T06985,4,27.8,month-to-month,dsl,no,no,yes,yes,bank transfer,0,yes,yes,2,1,1,100,no,centre,yes
T01382,17,30.9,two-year,fibre,yes,yes,yes,no,card,0,yes,yes,2,0,0,69,no,north,no
T02519,49,85.6,one-year,dsl,no,no,no,yes,bank transfer,0,no,no,1,0,0,191,no,islands,no
T02287,60,65.7,one-year,none,yes,yes,yes,no,mailed check,0,yes,yes,2,0,1,26,no,north,no
T05894,37,98.4,month-to-month,none,no,yes,no,yes,mailed check,0,yes,no,2,1,0,158,no,south,no
T01955,12,101.3,month-to-month,dsl,no,yes,no,yes,e-check,0,yes,no,1,0,0,57,no,south,no
T01509,1,48.4,month-to-month,fibre,yes,no,no,yes,mailed check,0,yes,yes,3,2,0,46,yes,north,yes
T04307,36,79,two-year,dsl,yes,no,no,no,e-check,0,no,no,1,1,0,7,no,centre,no
T01654,27,31.9,two-year,dsl,no,yes,yes,yes,card,0,yes,no,1,0,0,123,no,islands,no
T00203,20,88.9,two-year,fibre,no,yes,no,no,card,0,yes,yes,1,0,1,21,no,centre,no
T06466,2,94.2,month-to-month,fibre,no,no,no,yes,mailed check,0,no,yes,2,0,0,142,no,islands,yes
T04351,10,102.7,month-to-month,fibre,no,no,yes,yes,e-check,0,yes,no,1,1,4,22,no,islands,yes
T00752,6,106.2,month-to-month,fibre,no,no,yes,yes,card,0,yes,no,1,1,1,126,yes,north,yes
T02398,12,79.4,month-to-month,fibre,no,no,yes,no,mailed check,1,yes,no,1,2,0,36,no,south,yes
T04375,46,58.4,one-year,none,yes,no,yes,no,card,0,yes,no,1,1,0,143,no,islands,no
T01174,54,66.3,two-year,fibre,no,no,no,yes,e-check,0,no,yes,3,1,0,188,no,north,no
T06094,1,52.5,two-year,fibre,yes,no,no,yes,card,0,yes,no,1,0,0,49,no,centre,no
T02086,8,87.4,month-to-month,dsl,yes,no,yes,no,mailed check,0,no,no,0,0,0,109,no,islands,no
T06861,30,70.7,month-to-month,dsl,yes,no,no,yes,e-check,0,yes,yes,1,1,0,130,no,islands,yes
T04511,31,63.5,month-to-month,none,yes,yes,yes,yes,bank transfer,1,no,yes,1,0,0,50,no,centre,yes
T01882,10,50,month-to-month,fibre,no,yes,no,yes,card,0,no,no,1,2,0,106,no,south,no
T02774,6,88.4,one-year,none,no,no,no,yes,e-check,0,no,yes,0,2,0,76,no,islands,yes
T00697,45,100,one-year,fibre,yes,yes,no,no,e-check,0,no,no,2,1,0,19,no,centre,no
T04458,2,81.9,month-to-month,fibre,yes,no,no,no,card,1,no,no,1,0,0,190,no,south,no
T02644,30,88.2,month-to-month,fibre,no,yes,yes,yes,bank transfer,0,yes,no,2,1,1,238,no,islands,yes
T06328,4,24.9,one-year,fibre,no,no,no,no,card,0,no,no,0,0,1,75,no,south,no
T00020,18,68,month-to-month,dsl,no,no,yes,yes,card,0,no,no,1,0,0,222,no,south,no
T02783,3,72.8,one-year,fibre,no,no,no,yes,mailed check,0,no,no,3,0,0,34,no,north,no
T01881,110,43.4,month-to-month,fibre,yes,no,no,yes,mailed check,0,yes,no,1,2,0,72,no,south,no
T01290,28,42.5,two-year,fibre,yes,yes,yes,no,mailed check,0,yes,no,1,1,0,36,no,islands,no
T00876,17,82.9,one-year,none,yes,no,no,yes,mailed check,0,yes,yes,2,1,1,42,no,south,no
T01003,11,103,month-to-month,dsl,no,no,no,yes,mailed check,0,yes,no,3,1,0,25,no,north,yes
T06926,33,92.5,month-to-month,none,yes,yes,yes,no,card,0,yes,no,2,2,0,114,no,south,no
T03900,10,34.3,month-to-month,fibre,yes,yes,no,no,mailed check,0,yes,no,1,0,1,55,no,centre,no
T00253,13,34.3,two-year,dsl,no,yes,yes,no,e-check,0,no,no,2,2,1,44,no,islands,no
T00377,17,103.2,two-year,fibre,no,no,no,yes,e-check,0,yes,no,1,0,0,70,no,north,no
T02727,19,86.9,two-year,dsl,yes,no,no,no,mailed check,0,yes,no,2,0,0,208,no,islands,no
T00284,1,26.2,one-year,dsl,yes,no,yes,no,bank transfer,0,yes,yes,2,2,2,198,no,south,no
T02801,36,67.3,month-to-month,fibre,yes,yes,no,no,e-check,0,yes,yes,2,1,0,52,no,south,yes
T04189,39,106,month-to-month,fibre,no,no,no,yes,card,0,no,no,0,0,0,39,yes,centre,yes
T01091,105,23.6,one-year,dsl,no,no,yes,yes,mailed check,0,yes,no,1,0,1,14,no,south,no
T02368,21,79.9,month-to-month,none,no,no,yes,yes,e-check,1,no,yes,2,2,1,159,no,south,yes
T00806,15,61.8,month-to-month,dsl,no,yes,yes,no,e-check,0,yes,yes,1,1,0,128,no,islands,yes
T06132,53,59.4,month-to-month,fibre,yes,no,no,no,mailed check,0,yes,no,3,0,0,93,no,north,no
T03499,45,101.3,month-to-month,dsl,yes,no,yes,yes,bank transfer,0,yes,no,1,1,1,20,no,north,no
T03635,27,33.3,one-year,none,no,no,yes,yes,mailed check,0,no,yes,2,0,0,14,yes,north,no
T01993,16,61.3,one-year,none,yes,no,yes,yes,card,1,yes,no,1,0,0,124,yes,north,no
T04249,4,20.7,one-year,none,no,no,no,no,bank transfer,0,yes,no,2,1,1,10,yes,centre,no
T04942,69,24.5,two-year,dsl,no,no,yes,yes,mailed check,0,no,no,1,1,1,122,no,north,no
T01189,13,33,month-to-month,fibre,no,no,no,no,mailed check,0,no,no,1,2,0,10,no,south,yes
T04784,5,36.2,month-to-month,none,yes,yes,yes,yes,bank transfer,0,yes,no,2,0,1,96,no,centre,no
T02656,10,36.1,month-to-month,dsl,no,yes,no,no,card,0,no,no,2,0,1,21,no,north,no
T05246,114,26.9,month-to-month,fibre,no,yes,no,yes,mailed check,0,yes,no,3,0,0,20,no,islands,no
T05592,45,99.7,month-to-month,fibre,yes,no,no,no,card,0,yes,yes,1,1,0,82,yes,north,yes
T00602,5,93.1,month-to-month,fibre,yes,no,no,yes,mailed check,1,no,yes,3,0,0,95,no,south,yes
T04206,76,59.5,one-year,fibre,yes,yes,no,yes,bank transfer,0,no,yes,0,1,0,116,no,south,no
T02140,51,109.8,month-to-month,fibre,no,no,yes,no,e-check,1,yes,yes,0,1,0,40,no,centre,yes
T00488,41,42.5,month-to-month,dsl,yes,no,no,no,bank transfer,0,no,yes,1,1,0,29,no,islands,no
T05785,7,50.5,month-to-month,dsl,yes,no,yes,no,mailed check,1,no,no,0,0,0,55,no,centre,yes
T03189,13,32.3,one-year,fibre,no,no,no,no,card,1,no,no,2,0,0,96,no,islands,yes
T06987,25,61.8,two-year,dsl,no,yes,yes,no,card,0,yes,yes,2,1,1,106,no,north,no
T04516,21,92.2,two-year,dsl,no,no,yes,yes,e-check,0,yes,yes,1,0,0,144,no,north,no
T04239,6,80.9,month-to-month,dsl,no,yes,no,no,mailed check,0,yes,no,1,0,0,97,no,centre,yes
T02201,4,22.2,month-to-month,none,no,yes,yes,yes,card,1,yes,yes,1,1,1,44,no,centre,no
T04596,11,71.4,month-to-month,dsl,no,no,no,yes,bank transfer,1,yes,no,2,1,0,62,no,centre,yes
T06567,40,33.8,month-to-month,fibre,yes,no,yes,no,bank transfer,0,no,no,3,1,0,48,no,islands,yes
T02196,7,71.4,month-to-month,fibre,no,no,yes,yes,card,0,no,yes,2,1,1,72,yes,north,no
T03350,12,88.4,month-to-month,none,no,yes,yes,yes,bank transfer,0,yes,no,1,3,0,120,no,south,yes
T04211,42,21,one-year,fibre,no,no,yes,yes,mailed check,1,no,yes,1,2,2,102,no,centre,no
T05494,2,102.3,one-year,fibre,no,yes,no,no,bank transfer,0,no,no,2,0,0,5,no,north,no
T01536,20,42.3,two-year,fibre,no,yes,no,yes,card,0,no,yes,1,1,0,55,no,north,no
T05853,13,94,one-year,dsl,no,no,no,yes,mailed check,0,yes,yes,3,0,0,51,no,centre,no
T05871,7,84.3,month-to-month,none,no,no,yes,no,bank transfer,0,no,no,2,2,0,119,no,islands,yes
T00751,62,32.7,two-year,none,no,yes,yes,no,bank transfer,0,no,yes,3,0,2,56,no,south,no
T00562,12,50.1,month-to-month,dsl,yes,no,no,no,bank transfer,0,no,no,1,1,1,62,no,south,yes
T06720,54,91.3,two-year,fibre,no,no,yes,no,card,0,no,no,1,0,2,48,no,islands,no
T02989,14,65.7,one-year,fibre,no,yes,no,no,card,0,yes,no,1,1,3,138,no,north,no
T05390,42,35.1,month-to-month,none,yes,no,no,yes,e-check,0,yes,no,0,0,1,118,no,south,yes
T05480,10,34.7,one-year,none,no,no,no,no,card,0,no,no,1,1,0,69,no,south,no
T06159,40,105.8,one-year,none,no,no,no,yes,e-check,0,yes,yes,2,0,0,79,no,centre,no
T06650,96,22.8,two-year,fibre,yes,yes,yes,yes,card,0,no,no,3,1,1,47,yes,south,no
T02806,1,53.8,month-to-month,dsl,no,no,yes,yes,bank transfer,0,no,no,0,1,0,55,no,centre,yes
T06242,14,67.4,month-to-month,fibre,yes,no,yes,yes,card,0,yes,yes,3,0,1,80,yes,north,yes
T03625,29,24.4,month-to-month,fibre,no,no,yes,no,e-check,0,yes,yes,1,1,2,118,yes,islands,yes
T04416,121,35.2,one-year,dsl,no,no,yes,yes,mailed check,0,no,no,1,1,0,26,no,islands,no
T00526,51,55.9,two-year,fibre,no,yes,yes,yes,card,0,yes,no,1,1,1,71,no,south,no
T01839,11,21.3,month-to-month,fibre,no,no,yes,yes,bank transfer,0,yes,no,0,0,0,53,no,north,no
T04610,3,22.4,month-to-month,dsl,yes,yes,no,yes,card,0,no,yes,1,1,1,98,no,south,no
T04555,49,22.7,two-year,dsl,no,no,no,yes,e-check,0,yes,yes,0,1,0,133,no,south,no
T05602,11,43.2,two-year,dsl,no,yes,yes,yes,e-check,1,no,no,3,3,1,61,no,islands,no
T02674,22,43,one-year,dsl,yes,no,yes,yes,e-check,0,no,yes,3,0,0,53,no,north,no
T02320,29,57.2,one-year,fibre,no,yes,no,yes,bank transfer,0,yes,no,1,1,0,23,no,centre,yes
T00103,33,49,two-year,dsl,no,yes,no,no,mailed check,0,yes,no,1,0,0,54,no,south,no
T04171,20,47.3,one-year,dsl,yes,yes,no,yes,card,0,no,no,1,1,0,37,no,north,no
T03864,5,62.8,month-to-month,fibre,no,no,no,yes,e-check,1,yes,no,2,1,0,97,no,south,yes
T02606,13,72.3,one-year,fibre,no,no,yes,no,card,0,no,no,2,0,0,82,no,centre,no
T02597,6,74.6,month-to-month,fibre,no,yes,yes,yes,card,0,no,no,0,0,0,134,no,north,no
T06777,7,65,month-to-month,dsl,no,no,no,no,bank transfer,0,no,no,1,2,0,49,yes,south,yes
T01481,14,71.9,month-to-month,fibre,no,yes,yes,no,mailed check,0,no,no,3,0,0,54,no,south,no
T04531,3,99.6,one-year,dsl,no,yes,no,no,card,0,no,yes,2,0,0,231,no,centre,no
T05028,78,24.7,month-to-month,fibre,yes,yes,no,no,card,0,no,no,2,0,1,99,no,islands,no
T01113,4,76.7,month-to-month,dsl,yes,no,no,no,bank transfer,0,no,no,1,0,0,57,yes,north,no
T01041,55,70.7,one-year,none,yes,no,yes,yes,mailed check,0,no,no,2,1,1,41,no,centre,no
T04727,13,72.9,month-to-month,fibre,no,no,yes,yes,mailed check,0,yes,no,2,0,1,40,no,islands,yes
T03614,16,77.5,month-to-month,dsl,no,yes,yes,yes,card,0,yes,no,2,0,0,16,no,islands,yes
T03632,61,54.3,month-to-month,none,no,no,no,no,e-check,0,yes,yes,1,4,2,79,no,north,yes
T04765,6,46.1,month-to-month,dsl,no,no,no,yes,mailed check,0,yes,no,1,0,0,33,yes,islands,no
T02863,2,32,month-to-month,fibre,yes,yes,yes,no,card,0,no,no,1,0,0,79,no,centre,no
T02872,38,67.4,one-year,dsl,no,no,yes,yes,e-check,0,yes,yes,1,0,1,28,no,islands,no
T05303,10,54.3,two-year,dsl,no,no,no,yes,mailed check,0,no,no,1,0,0,36,yes,south,no
T01921,3,35.4,one-year,dsl,no,no,no,yes,card,0,no,no,2,0,2,152,no,north,no
T05020,25,94.3,month-to-month,dsl,no,no,yes,yes,e-check,1,yes,no,1,2,0,65,no,islands,yes
T05195,102,36.3,month-to-month,dsl,yes,no,no,no,card,1,yes,yes,1,1,1,84,no,north,no
T06461,20,78.5,one-year,dsl,no,yes,yes,yes,mailed check,0,yes,no,1,2,0,67,no,centre,no
T06487,4,31,month-to-month,fibre,no,yes,no,no,mailed check,0,yes,no,1,3,0,89,yes,north,no
T04738,20,53.5,one-year,fibre,yes,no,no,yes,bank transfer,0,no,no,1,1,0,46,no,islands,no
T06364,28,36.4,month-to-month,none,yes,no,yes,no,card,0,no,yes,0,1,0,54,no,south,no
T06280,48,95.7,one-year,fibre,no,no,no,yes,e-check,0,yes,no,0,1,0,8,no,islands,yes
T03811,57,99.5,one-year,dsl,no,no,yes,no,mailed check,1,yes,no,1,1,2,120,no,islands,yes
T02958,15,25.3,two-year,fibre,no,no,no,yes,card,0,yes,no,1,0,1,97,no,centre,no
T01523,22,100.1,two-year,none,no,yes,no,yes,mailed check,1,no,no,1,0,1,104,no,islands,no
T00424,25,105.6,two-year,fibre,no,yes,no,yes,e-check,0,yes,no,1,1,0,66,no,centre,yes
T01893,43,75.9,month-to-month,dsl,yes,no,no,yes,bank transfer,0,yes,no,2,2,1,106,no,south,yes
T02631,40,32.3,month-to-month,none,no,yes,no,no,mailed check,0,yes,no,1,2,0,78,no,centre,no
T02402,24,75.8,month-to-month,fibre,no,yes,yes,yes,e-check,0,yes,no,1,0,0,100,no,centre,no
T06595,130,27.6,month-to-month,dsl,yes,no,yes,no,card,0,no,yes,2,1,1,275,no,islands,no
T01422,7,33,two-year,dsl,no,no,no,yes,mailed check,0,no,no,1,4,0,142,no,centre,no
T00713,33,95.2,two-year,fibre,no,yes,yes,yes,card,0,yes,no,1,0,0,73,yes,north,no
T02448,1,26.4,month-to-month,dsl,no,no,yes,no,bank transfer,0,no,no,1,3,0,26,no,centre,yes
T04901,35,51.2,month-to-month,fibre,yes,no,no,yes,bank transfer,0,no,no,2,0,0,105,no,centre,no
T06071,1,99.9,two-year,fibre,yes,no,no,no,card,0,yes,no,1,1,0,26,no,centre,no
T06098,33,52.7,month-to-month,dsl,no,yes,no,yes,mailed check,0,no,no,3,1,1,41,no,south,yes
T05074,34,98.6,one-year,none,no,no,no,yes,e-check,0,no,yes,1,0,0,6,no,centre,no
T00843,87,23.1,two-year,fibre,no,no,yes,yes,card,0,no,no,1,2,1,259,no,islands,no
T00959,30,27.2,two-year,dsl,yes,no,yes,no,card,0,no,no,2,0,0,169,yes,islands,no
T04340,6,49.3,month-to-month,dsl,no,no,no,yes,mailed check,0,no,no,2,1,0,139,no,centre,no
T04756,51,25.5,two-year,fibre,no,no,yes,yes,mailed check,0,no,yes,1,1,0,126,yes,centre,no
T01440,6,59.9,month-to-month,fibre,no,no,no,yes,card,1,yes,no,1,0,0,178,no,north,no
T05044,50,46.6,month-to-month,fibre,no,no,no,no,bank transfer,0,no,no,3,1,0,56,no,islands,yes
T02385,10,59,one-year,fibre,yes,yes,no,yes,bank transfer,0,yes,no,2,1,1,62,no,islands,no
T00026,8,39.5,two-year,dsl,no,yes,yes,yes,mailed check,0,no,no,1,1,0,191,no,islands,no
T04363,3,41.3,one-year,none,no,yes,no,no,card,1,no,yes,1,1,1,151,no,islands,no
T06355,1,100.7,two-year,dsl,no,no,no,no,card,0,no,no,1,1,1,38,no,centre,no
T02891,38,81.9,two-year,dsl,yes,no,no,yes,bank transfer,0,no,yes,1,0,0,107,no,south,no
T06472,37,75.9,two-year,fibre,no,no,yes,yes,bank transfer,0,no,yes,1,0,1,72,no,centre,no
T01734,4,27.9,one-year,dsl,yes,yes,no,yes,mailed check,1,no,no,0,0,0,19,no,islands,no
T02374,9,107,month-to-month,fibre,no,no,no,yes,bank transfer,0,yes,yes,0,1,1,78,no,centre,yes
T01626,2,79.2,month-to-month,dsl,no,yes,no,yes,bank transfer,0,no,yes,1,0,0,99,no,islands,yes
T01599,5,85.1,two-year,none,no,no,yes,no,e-check,0,no,no,2,0,1,85,no,south,no
T02109,5,49.6,month-to-month,fibre,no,no,yes,no,bank transfer,0,no,yes,1,2,1,55,no,centre,yes
T00956,37,83.7,month-to-month,fibre,no,yes,yes,yes,bank transfer,0,yes,no,1,1,0,86,no,north,yes
T02268,22,61.5,one-year,fibre,yes,no,no,yes,bank transfer,0,no,no,1,0,0,67,yes,north,yes
T00391,20,50.7,month-to-month,fibre,no,yes,no,no,mailed check,0,no,no,1,0,1,77,yes,south,no
T05129,9,90.1,two-year,fibre,yes,no,no,yes,mailed check,0,no,no,2,2,1,96,no,centre,yes
T04646,17,45.6,month-to-month,none,no,yes,yes,yes,e-check,0,yes,no,2,1,0,99,yes,centre,yes
T05582,41,25.1,month-to-month,dsl,no,no,no,yes,e-check,0,yes,no,3,0,1,77,no,north,no
T06008,7,71.8,two-year,fibre,no,yes,no,yes,mailed check,0,no,no,2,1,0,130,no,centre,no
T05423,18,98.4,month-to-month,fibre,no,no,no,yes,card,0,yes,no,1,0,1,160,yes,south,no
T01172,17,20.4,one-year,fibre,no,no,yes,yes,e-check,0,no,no,2,1,0,10,no,south,no
T06889,2,89.2,one-year,dsl,yes,no,no,yes,mailed check,0,no,no,1,0,0,73,no,north,no
T04524,5,96.9,one-year,fibre,yes,no,no,no,card,0,no,no,1,1,1,108,no,centre,no
T03903,4,95.7,two-year,dsl,no,no,yes,yes,card,0,no,yes,1,1,1,200,no,centre,no
T02732,65,65.2,month-to-month,dsl,no,no,no,yes,e-check,0,no,no,2,3,0,66,no,islands,yes
T03860,16,67.5,two-year,fibre,yes,no,yes,yes,card,1,yes,no,1,1,0,109,yes,centre,no
T01219,33,100.8,two-year,fibre,yes,yes,no,yes,e-check,0,yes,no,0,1,0,112,yes,south,no
T06562,1,49.7,month-to-month,dsl,no,no,no,yes,mailed check,0,no,no,2,2,0,42,no,centre,no
T05897,48,100.3,month-to-month,fibre,no,yes,yes,no,e-check,0,yes,no,3,1,0,90,no,centre,no
T05211,4,57.2,two-year,none,no,no,yes,no,bank transfer,0,yes,no,2,0,1,33,no,south,no
T05120,68,98.4,month-to-month,fibre,no,yes,yes,no,e-check,1,no,no,2,0,0,42,no,centre,yes
T00675,35,75.2,two-year,none,yes,no,yes,yes,mailed check,0,yes,no,2,0,0,148,no,islands,no
T05206,3,104.6,two-year,dsl,yes,yes,no,yes,e-check,0,yes,no,1,3,0,47,no,centre,no
T01658,38,67,month-to-month,dsl,no,yes,no,no,card,0,yes,no,1,2,1,77,yes,islands,no
T04880,25,64.7,month-to-month,dsl,yes,no,no,no,bank transfer,0,no,no,1,0,0,97,no,south,no
T03557,40,60.1,month-to-month,fibre,no,yes,yes,yes,card,0,no,no,1,1,0,22,no,centre,no
T02459,7,79.7,two-year,dsl,no,yes,no,yes,card,0,yes,no,1,1,2,125,no,islands,no
T03011,46,42.4,one-year,none,no,no,no,yes,mailed check,0,yes,no,1,0,0,45,no,north,no
T02116,195,54.7,two-year,fibre,yes,yes,no,yes,e-check,0,yes,no,1,1,1,51,no,islands,no
T02875,29,23.3,month-to-month,fibre,yes,no,no,no,card,0,yes,no,3,0,0,52,no,north,no
T05214,19,56.4,month-to-month,fibre,no,yes,no,no,e-check,0,no,no,2,0,0,37,no,south,yes
T03142,2,31.4,month-to-month,fibre,no,no,no,yes,card,1,yes,no,3,0,0,83,no,north,no
T00609,20,97.7,month-to-month,dsl,no,yes,yes,no,card,0,yes,yes,1,4,1,56,no,islands,yes
T04611,78,28,one-year,fibre,yes,no,yes,yes,mailed check,0,yes,no,1,0,0,85,no,south,no
T02758,151,32.9,month-to-month,fibre,no,yes,no,yes,bank transfer,0,yes,yes,1,1,0,110,no,north,no
T02262,10,44.2,two-year,fibre,no,no,yes,yes,card,0,no,yes,3,0,0,65,yes,centre,no
T06318,34,96,one-year,fibre,yes,no,yes,yes,e-check,1,yes,yes,1,0,0,151,yes,south,no
T01580,82,101,month-to-month,dsl,no,no,yes,yes,e-check,0,no,no,1,2,1,23,yes,centre,yes
T00965,8,56.7,month-to-month,fibre,yes,no,no,yes,mailed check,0,yes,yes,2,0,0,189,no,south,yes
T02598,33,109,month-to-month,fibre,yes,yes,yes,no,mailed check,0,no,no,2,0,0,51,no,north,no
T03968,2,101.3,one-year,dsl,no,no,no,yes,bank transfer,0,no,no,0,1,2,15,no,centre,no
T06365,80,52.3,two-year,dsl,no,no,no,yes,mailed check,0,yes,no,2,3,0,25,no,south,no
T01748,1,48.6,two-year,dsl,no,yes,no,yes,bank transfer,0,yes,yes,0,1,1,82,yes,north,no
T02403,9,43.5,month-to-month,fibre,yes,yes,no,yes,e-check,0,no,no,1,0,0,195,no,south,yes
T03919,15,39.5,two-year,dsl,no,no,yes,yes,card,0,no,yes,3,0,0,166,yes,north,no
T05405,14,58.1,month-to-month,fibre,no,no,no,no,card,0,yes,no,1,0,2,38,no,centre,no
T05011,67,60.8,one-year,fibre,yes,no,no,yes,bank transfer,1,no,no,3,0,1,91,no,south,no
T00822,35,56.3,one-year,none,no,no,yes,yes,e-check,1,no,no,1,0,1,35,no,north,no
T05149,1,73,one-year,dsl,yes,yes,no,yes,mailed check,0,no,yes,2,0,0,24,yes,north,no
T04256,3,33.1,one-year,dsl,yes,no,no,no,e-check,0,no,no,2,1,0,86,no,islands,no
T02898,37,65.8,one-year,fibre,yes,no,no,yes,mailed check,0,no,no,1,0,2,19,no,south,no
T06125,6,23.2,month-to-month,none,no,no,yes,yes,mailed check,0,no,no,0,1,0,32,no,centre,yes
T05719,14,55.5,one-year,dsl,yes,no,yes,yes,card,0,no,no,1,0,0,17,no,islands,no
T00353,54,107.5,month-to-month,fibre,no,no,yes,yes,bank transfer,0,no,no,3,0,2,189,no,south,no
T05512,5,21.6,two-year,none,no,no,no,yes,mailed check,0,no,no,3,0,0,68,yes,islands,yes
T06231,58,40.7,month-to-month,dsl,no,no,no,yes,e-check,0,yes,no,2,0,1,15,yes,islands,no
T06379,4,36.5,month-to-month,dsl,no,no,no,yes,mailed check,0,yes,yes,1,0,3,19,yes,centre,no
T02635,20,31.8,one-year,fibre,no,no,no,no,e-check,1,yes,no,1,0,1,58,no,islands,no
T00439,16,66.6,one-year,fibre,no,no,no,yes,mailed check,0,yes,yes,0,0,0,27,yes,north,no
T04217,33,54.5,one-year,none,no,yes,no,yes,card,0,yes,no,1,2,0,105,no,north,no
T05353,6,61.2,month-to-month,dsl,yes,yes,no,no,bank transfer,1,yes,no,1,1,0,159,no,centre,yes
T04479,126,106,two-year,dsl,yes,no,no,yes,e-check,0,no,no,1,1,1,18,no,south,no
T01721,43,101,one-year,fibre,no,no,yes,no,card,1,yes,no,1,2,0,118,no,south,no
T02285,22,59.1,month-to-month,fibre,yes,no,yes,yes,card,0,yes,yes,1,0,0,175,no,north,no
T06866,31,30.6,month-to-month,fibre,yes,no,no,yes,bank transfer,0,no,no,3,0,0,85,no,south,yes
T01040,1,20.8,month-to-month,none,no,yes,no,yes,bank transfer,0,no,yes,1,1,2,166,yes,north,yes
T05964,5,43.3,one-year,dsl,no,yes,yes,yes,card,0,no,no,1,1,0,33,no,south,no
T01911,18,73.6,two-year,fibre,no,no,no,no,card,0,no,yes,1,1,0,39,yes,south,no
T00840,38,77.1,two-year,fibre,no,yes,yes,no,e-check,0,yes,yes,2,0,1,14,no,north,no
T00976,2,93.4,month-to-month,fibre,no,no,no,yes,e-check,0,no,yes,1,0,0,85,no,centre,no
T02295,4,93.4,one-year,dsl,no,no,yes,yes,e-check,0,yes,no,1,1,0,5,no,south,no
T04634,12,55.9,month-to-month,fibre,no,no,no,no,card,0,no,no,0,1,0,65,no,north,yes
T03411,12,97.3,two-year,fibre,yes,no,no,yes,bank transfer,0,no,no,1,0,1,253,no,centre,no
T05595,5,101.2,month-to-month,fibre,yes,no,no,yes,card,0,no,no,1,1,1,92,yes,south,yes
T01840,33,32.1,month-to-month,fibre,no,no,yes,yes,bank transfer,0,no,no,2,0,1,41,no,centre,no
T01946,7,68.9,month-to-month,none,no,no,yes,no,card,0,no,no,1,0,1,131,no,south,yes
T01751,8,32,month-to-month,fibre,no,no,no,yes,bank transfer,0,no,yes,2,0,0,10,no,islands,no
T05768,5,95.9,month-to-month,dsl,no,no,yes,yes,card,0,yes,no,2,0,2,129,no,south,yes
T04378,39,97.8,month-to-month,fibre,no,no,no,yes,e-check,0,yes,no,1,2,1,14,no,islands,yes
T05498,90,43.2,month-to-month,fibre,no,yes,no,no,card,0,no,no,2,1,0,310,yes,north,yes
T01889,7,80.7,two-year,dsl,yes,yes,yes,yes,card,0,yes,yes,3,1,0,281,no,islands,no
T03910,12,74.9,month-to-month,none,no,yes,no,yes,mailed check,0,no,no,1,1,1,74,no,south,no
T02036,3,79.3,two-year,fibre,yes,no,yes,no,bank transfer,0,no,yes,2,1,1,109,no,north,no
T06757,2,59.7,month-to-month,none,yes,yes,no,yes,e-check,0,no,no,1,3,0,116,no,north,yes
T01776,3,88.4,one-year,fibre,no,no,yes,no,e-check,0,yes,no,1,2,1,18,no,north,yes
T03055,27,90.3,month-to-month,fibre,yes,yes,no,yes,e-check,1,no,no,1,0,1,78,no,centre,no
T05471,18,96.1,month-to-month,none,no,yes,yes,yes,e-check,0,no,no,0,1,0,154,no,north,yes
T03879,26,77.7,month-to-month,none,no,yes,yes,no,bank transfer,0,no,no,3,0,1,77,yes,south,no
T03467,2,54.8,one-year,fibre,yes,yes,no,no,e-check,0,no,no,2,1,0,55,no,south,yes
T02881,30,89.1,two-year,dsl,no,no,yes,yes,e-check,0,no,no,1,0,0,126,no,south,no
T04564,10,94.3,one-year,dsl,no,no,yes,no,e-check,0,no,no,1,0,0,49,no,north,no
T05061,62,74.1,two-year,dsl,no,no,no,no,e-check,1,yes,yes,1,1,0,28,no,islands,no
T06891,66,34.9,month-to-month,dsl,yes,yes,no,yes,mailed check,0,yes,no,2,1,0,70,no,south,no
T01780,37,65.7,one-year,fibre,no,no,yes,no,card,0,no,no,1,1,1,98,no,north,no
T05832,28,59.6,month-to-month,fibre,no,no,no,yes,card,0,no,yes,0,1,0,46,no,centre,yes
T01334,133,89,one-year,dsl,no,yes,no,no,bank transfer,0,no,yes,2,1,1,66,no,north,no
T04851,6,72,two-year,none,no,no,yes,yes,card,1,yes,no,1,0,1,23,no,south,no
T03680,4,60.6,two-year,none,no,no,yes,yes,bank transfer,0,yes,yes,2,2,1,9,no,centre,no
T02800,6,56.5,two-year,fibre,no,yes,yes,no,card,0,no,no,1,1,1,32,no,north,no
T00385,5,59.9,two-year,fibre,no,no,no,yes,card,1,yes,yes,0,0,0,104,yes,centre,no
T00931,12,56.2,month-to-month,dsl,no,no,yes,yes,mailed check,0,yes,no,2,1,1,17,no,south,no
T03405,20,96.5,month-to-month,dsl,yes,no,no,no,card,0,yes,no,0,0,1,66,no,north,no
T03495,101,109.5,month-to-month,dsl,no,yes,no,yes,e-check,0,yes,no,1,0,0,39,no,islands,yes
T04770,5,75.9,month-to-month,dsl,no,no,no,no,e-check,0,no,no,1,1,0,133,no,south,yes
T06073,70,56.9,month-to-month,fibre,no,no,yes,yes,card,0,no,yes,0,0,1,234,no,islands,yes
T06456,30,54.5,two-year,dsl,yes,no,yes,no,mailed check,0,no,no,2,0,0,24,no,centre,no
T02350,70,91.3,month-to-month,dsl,no,no,no,no,bank transfer,0,no,yes,1,1,1,99,no,north,no
T03778,65,51.1,month-to-month,dsl,yes,no,no,yes,bank transfer,0,yes,no,0,1,0,108,no,north,no
T00970,23,85.9,month-to-month,dsl,no,yes,yes,no,card,0,yes,no,1,5,1,11,no,north,yes
T06272,21,26.7,one-year,dsl,no,no,yes,yes,e-check,0,no,no,1,0,0,270,no,centre,no
T02567,69,42,month-to-month,dsl,no,no,no,yes,e-check,0,yes,no,0,1,1,54,yes,islands,yes
T00132,41,55.3,month-to-month,dsl,no,yes,yes,yes,mailed check,0,yes,yes,1,2,0,12,no,north,no
T06993,12,86.1,month-to-month,fibre,yes,yes,yes,yes,bank transfer,0,no,no,1,1,0,201,yes,islands,no
T03825,21,21.5,month-to-month,dsl,no,no,no,yes,mailed check,0,yes,no,2,1,1,71,no,north,no
T03994,33,108.7,month-to-month,dsl,no,yes,no,yes,mailed check,0,no,no,2,1,1,52,no,centre,no
T00728,2,79.4,one-year,fibre,no,yes,no,yes,e-check,0,yes,yes,3,1,0,17,yes,centre,no
T03339,28,78.3,month-to-month,dsl,no,yes,no,yes,card,0,no,no,2,0,1,25,no,north,no
T04087,70,40.9,one-year,fibre,yes,no,yes,no,mailed check,1,no,yes,1,0,1,6,no,south,no
T06610,38,55.1,one-year,dsl,no,no,yes,yes,card,0,yes,no,1,0,1,50,no,north,no
T00717,1,76.9,month-to-month,none,no,no,yes,no,bank transfer,0,yes,no,2,0,0,87,yes,south,no
T03168,30,62.6,one-year,fibre,yes,no,no,yes,mailed check,0,yes,no,1,1,1,21,no,centre,no
T01004,3,97.6,one-year,fibre,no,no,no,yes,bank transfer,0,yes,yes,1,1,0,81,yes,islands,no
T01826,50,81.1,one-year,dsl,no,yes,no,yes,e-check,0,no,no,1,0,2,7,no,islands,no
T00565,21,94.8,two-year,dsl,no,no,yes,no,card,0,no,no,1,2,0,190,no,north,no
T04723,15,39.6,one-year,dsl,no,no,no,yes,bank transfer,0,yes,no,1,2,0,43,yes,centre,no
T02281,43,33,month-to-month,none,no,no,no,yes,e-check,0,no,no,1,0,0,5,no,centre,yes
T02583,1,93,month-to-month,none,yes,no,no,yes,mailed check,0,no,no,1,1,0,97,no,south,no
T03285,5,60.4,two-year,dsl,yes,yes,no,no,bank transfer,0,no,no,2,0,0,61,no,north,no
T02665,45,65.7,month-to-month,none,no,no,yes,no,mailed check,0,no,no,1,2,1,14,no,north,no
T02707,46,57.1,month-to-month,none,yes,no,no,no,bank transfer,0,yes,no,1,0,0,98,yes,south,no
T04788,80,36.6,one-year,fibre,no,no,yes,no,bank transfer,0,yes,yes,2,0,1,71,no,north,no
T01999,10,94.7,one-year,fibre,no,no,yes,no,e-check,0,yes,yes,2,1,0,79,no,centre,no
T05088,2,28.3,month-to-month,dsl,no,no,no,yes,card,0,yes,yes,1,0,1,49,no,islands,yes
T05381,3,55.3,month-to-month,none,no,no,no,yes,e-check,0,yes,yes,0,1,0,60,no,north,no
T00716,32,22.9,one-year,none,yes,no,no,no,bank transfer,0,yes,no,1,3,0,44,yes,south,no
T01801,8,40.1,one-year,fibre,no,no,no,yes,card,0,no,no,2,2,1,108,no,islands,yes
T03946,78,93.4,two-year,fibre,yes,no,no,yes,e-check,0,yes,no,1,1,0,87,no,islands,no
T01581,30,67,two-year,fibre,no,yes,yes,yes,bank transfer,1,yes,yes,2,0,0,15,no,centre,yes
T05440,9,96.3,one-year,dsl,no,no,no,no,card,1,yes,no,3,0,1,30,no,centre,yes
T05401,48,45.4,one-year,none,yes,no,yes,yes,card,0,yes,no,1,2,1,121,no,south,no
T06127,2,29.9,one-year,fibre,no,yes,yes,yes,mailed check,0,no,no,1,1,1,41,no,south,yes
T04573,2,31.6,month-to-month,fibre,no,yes,no,no,e-check,0,yes,yes,1,0,0,60,no,centre,yes
T02585,21,40.7,month-to-month,dsl,yes,no,yes,no,bank transfer,0,yes,yes,1,0,0,71,no,south,no
T02181,24,63.2,month-to-month,dsl,no,yes,no,yes,mailed check,0,no,no,1,0,0,158,no,north,yes
T00019,96,28.2,two-year,dsl,no,no,no,no,mailed check,0,no,no,0,2,0,95,yes,south,yes
T03264,1,69.1,month-to-month,fibre,no,no,yes,yes,card,0,no,no,2,2,2,140,no,centre,yes
T06246,30,29.6,two-year,fibre,no,yes,no,no,mailed check,0,yes,no,1,3,0,40,no,centre,no
T02022,12,28.1,two-year,none,no,no,yes,yes,bank transfer,0,no,no,1,3,0,70,yes,islands,no
T02339,7,86.4,month-to-month,dsl,yes,no,yes,no,mailed check,1,no,yes,1,0,0,42,no,centre,yes
T02614,23,84.6,month-to-month,fibre,no,no,no,no,e-check,0,no,no,1,0,0,79,no,islands,no
T05937,1,80.5,month-to-month,fibre,no,yes,no,yes,e-check,0,yes,yes,2,0,0,59,no,islands,no
T05267,11,23,one-year,fibre,no,no,yes,yes,bank transfer,0,yes,yes,3,2,0,136,no,centre,no
T04448,15,32.7,two-year,fibre,no,no,no,no,e-check,0,yes,no,1,1,0,113,no,south,yes
T02617,95,49.1,month-to-month,dsl,no,no,yes,yes,e-check,0,no,no,0,2,0,44,no,islands,no
T04387,21,83.4,one-year,dsl,no,no,no,yes,e-check,0,no,yes,3,0,0,42,yes,south,no
T05739,18,38.4,one-year,dsl,no,no,yes,yes,e-check,0,no,no,3,0,0,4,no,centre,no
T06012,28,27.2,month-to-month,none,yes,yes,no,yes,bank transfer,0,no,no,2,2,0,74,no,centre,no
T02756,17,43.4,month-to-month,fibre,no,no,no,yes,card,0,no,no,2,0,0,35,no,islands,no
T04326,7,77,two-year,fibre,no,no,yes,yes,bank transfer,0,yes,yes,1,1,1,86,yes,south,no
T03176,45,105.3,month-to-month,dsl,no,yes,yes,no,e-check,0,yes,no,1,0,0,150,no,islands,no
T05501,12,23.4,month-to-month,fibre,no,no,yes,no,mailed check,1,yes,yes,1,1,0,182,yes,centre,no
T03123,3,70.5,one-year,none,no,no,no,yes,bank transfer,1,yes,no,2,1,0,48,yes,north,no
T01573,63,66.2,month-to-month,fibre,yes,yes,no,yes,e-check,0,no,no,2,1,0,34,no,islands,no
T00079,113,42.9,one-year,fibre,no,no,yes,no,card,0,yes,no,1,1,0,57,no,south,no
T04031,25,104.3,month-to-month,fibre,no,yes,no,yes,card,0,yes,no,0,1,1,131,no,south,yes
T03461,14,65.8,month-to-month,fibre,no,no,no,yes,card,0,no,yes,1,1,0,67,no,north,no
T01444,57,59.4,month-to-month,fibre,no,no,yes,yes,card,1,yes,no,2,1,0,94,no,north,no
T05728,63,105.4,month-to-month,dsl,no,no,no,yes,e-check,1,no,yes,2,1,0,40,no,islands,no
T03471,7,26.5,month-to-month,fibre,yes,no,yes,yes,e-check,0,yes,yes,3,0,0,75,no,north,no
T04247,109,27,month-to-month,none,yes,no,yes,yes,mailed check,0,yes,no,1,1,0,16,no,centre,no
T00053,126,36.4,one-year,fibre,yes,no,yes,no,mailed check,0,no,yes,3,2,1,72,no,islands,no
T00371,70,93.2,month-to-month,dsl,no,no,no,yes,bank transfer,0,yes,no,3,2,1,19,no,islands,yes
T06167,1,23.5,two-year,dsl,no,no,yes,yes,card,1,yes,no,0,0,1,90,no,islands,no
T02923,12,28.3,one-year,fibre,no,no,no,yes,e-check,0,no,no,3,1,1,41,no,north,yes
T05632,16,61.4,month-to-month,dsl,no,no,yes,yes,card,0,no,no,0,1,1,67,no,north,no
T00830,27,100.9,month-to-month,dsl,yes,yes,yes,yes,e-check,0,no,no,1,2,1,42,yes,islands,no
T02880,3,61.5,two-year,none,no,no,yes,no,e-check,0,yes,no,1,2,0,23,yes,north,no
T05147,11,59.5,one-year,fibre,yes,no,yes,no,mailed check,0,yes,no,1,2,1,68,no,centre,yes
T02994,3,106.2,one-year,fibre,no,no,no,no,card,0,no,no,1,2,0,162,no,north,yes
T04781,32,65.3,month-to-month,dsl,no,no,no,yes,e-check,0,yes,no,1,0,1,87,no,north,no
T04133,37,78.6,one-year,none,no,no,yes,yes,mailed check,1,yes,no,1,2,0,74,no,north,no
T02186,32,27.8,month-to-month,none,no,yes,no,no,bank transfer,0,yes,no,3,0,0,48,no,islands,no
T02709,4,46.6,month-to-month,dsl,no,no,yes,no,card,0,yes,no,1,0,0,67,yes,centre,no
T02726,7,42.8,two-year,dsl,yes,no,no,yes,e-check,1,no,no,1,1,0,50,no,north,yes
T02846,57,81,two-year,none,no,yes,yes,no,e-check,1,yes,no,1,0,0,20,no,islands,no
T03373,22,85.2,month-to-month,dsl,no,yes,yes,yes,card,0,no,yes,1,1,0,27,yes,south,no
T02442,1,106.4,one-year,none,yes,no,yes,no,bank transfer,0,no,no,1,3,0,49,no,south,yes
T02359,7,105.9,month-to-month,dsl,no,no,no,no,card,0,no,yes,1,0,1,18,no,islands,no
T03839,56,31.6,one-year,none,yes,no,yes,no,card,0,yes,yes,1,0,1,63,no,centre,no
T04630,77,32.9,month-to-month,dsl,no,yes,yes,yes,card,0,yes,no,0,1,0,138,no,centre,no
T00672,6,26.7,month-to-month,dsl,no,yes,no,yes,bank transfer,0,yes,no,2,1,0,119,yes,north,yes
T00960,15,77.4,month-to-month,fibre,no,no,no,no,mailed check,0,yes,yes,2,0,1,154,yes,centre,yes
T03406,8,52.6,two-year,fibre,no,no,yes,yes,e-check,0,no,no,2,1,1,101,no,islands,no
T03188,9,80.3,month-to-month,fibre,no,yes,no,yes,card,0,no,no,0,2,0,132,yes,north,no
T02260,150,44.9,month-to-month,fibre,yes,yes,yes,no,bank transfer,1,no,no,1,1,1,24,no,islands,no
T02095,16,59.4,month-to-month,fibre,no,yes,no,yes,e-check,0,no,no,1,0,2,87,no,south,no
T00740,19,64.6,month-to-month,fibre,no,no,no,yes,e-check,0,no,yes,1,0,0,48,no,north,yes
T03642,25,101.6,one-year,fibre,no,yes,yes,yes,mailed check,0,yes,no,0,1,0,137,no,south,yes
T00820,1,76,one-year,fibre,no,no,yes,yes,e-check,0,yes,yes,2,0,0,52,no,south,no
T04222,1,52.7,month-to-month,fibre,yes,no,yes,yes,card,0,no,yes,0,1,1,101,no,north,no
T04315,34,88.8,one-year,dsl,yes,no,yes,yes,card,0,yes,yes,1,1,2,21,no,north,no
T02803,15,29.7,two-year,dsl,no,no,yes,no,mailed check,1,yes,no,1,1,2,127,no,north,no
T05138,7,103.5,month-to-month,none,no,no,yes,no,mailed check,0,yes,yes,2,0,0,123,no,islands,no
T03312,15,91.7,month-to-month,dsl,no,yes,yes,yes,e-check,0,no,yes,1,1,1,92,no,south,no
T06697,24,27.5,one-year,dsl,no,no,yes,yes,bank transfer,0,no,no,1,1,1,4,no,centre,yes
T03977,2,52.2,two-year,none,yes,no,yes,yes,e-check,0,no,no,2,1,1,56,no,islands,no
T04753,16,48.6,month-to-month,fibre,yes,yes,yes,no,bank transfer,0,no,no,1,2,0,114,no,south,no
T03755,170,40.7,one-year,dsl,yes,no,no,no,e-check,0,yes,yes,2,0,0,70,yes,islands,no
T04395,11,77.1,month-to-month,none,no,no,no,yes,bank transfer,0,no,no,2,0,0,48,no,south,yes
T02163,15,59,month-to-month,dsl,yes,yes,yes,no,bank transfer,0,yes,no,1,0,0,130,no,islands,yes
T01934,7,29.5,one-year,dsl,no,yes,yes,yes,bank transfer,0,yes,no,1,1,0,182,no,centre,no
T00552,19,104.4,one-year,none,no,yes,no,yes,mailed check,0,yes,no,2,2,1,37,no,south,no
T03547,11,96.8,one-year,dsl,no,yes,yes,yes,bank transfer,0,yes,no,0,0,0,74,no,south,no
T00606,15,59.2,month-to-month,dsl,yes,no,no,no,mailed check,0,yes,no,2,2,0,46,no,north,no
T04215,19,69.2,month-to-month,dsl,no,yes,no,yes,mailed check,0,no,no,2,1,1,136,no,islands,yes
T03489,86,73.1,one-year,none,no,no,yes,no,card,0,yes,no,0,0,1,47,no,north,no
T01048,76,49.5,month-to-month,dsl,yes,no,yes,yes,card,0,yes,no,1,2,1,99,no,centre,no
T01368,24,60.2,month-to-month,dsl,yes,yes,yes,yes,mailed check,1,no,no,1,1,2,44,no,centre,yes
T03808,108,75.4,month-to-month,dsl,no,no,no,no,bank transfer,0,no,no,3,3,0,149,no,centre,yes
T01936,76,56.6,month-to-month,fibre,no,no,no,no,mailed check,0,yes,no,2,1,0,26,no,north,no
T00980,18,27.9,month-to-month,fibre,no,yes,no,yes,bank transfer,1,yes,no,2,3,3,141,no,centre,yes
T03398,110,58.3,two-year,none,no,no,yes,no,mailed check,0,no,no,1,0,0,118,no,north,no
T01417,14,47.3,month-to-month,none,no,no,yes,no,bank transfer,1,no,no,1,0,2,15,no,islands,no
T05136,15,78.6,month-to-month,fibre,no,yes,yes,yes,bank transfer,0,no,no,0,0,0,76,yes,north,no
T01659,22,39.3,month-to-month,none,no,yes,no,yes,e-check,0,yes,yes,1,0,0,164,no,islands,no
T02179,25,105.7,one-year,dsl,no,no,yes,yes,bank transfer,0,yes,no,2,0,0,125,no,north,no
T00479,88,47,one-year,fibre,no,no,yes,yes,card,0,no,yes,1,0,0,48,no,centre,no
T01494,4,79.5,month-to-month,fibre,no,no,no,yes,mailed check,1,no,no,1,0,0,123,no,centre,yes
T04794,10,64.5,two-year,dsl,no,no,yes,no,bank transfer,0,yes,yes,2,0,1,114,no,south,no
T00579,33,55.2,month-to-month,dsl,yes,no,yes,yes,bank transfer,1,yes,no,1,0,1,53,no,centre,no
T03517,22,35.5,month-to-month,fibre,yes,yes,yes,no,e-check,0,no,no,1,1,1,43,no,islands,no
T00948,47,79.5,one-year,dsl,yes,no,yes,no,e-check,0,no,no,2,0,0,42,no,centre,no
T03730,67,73.6,one-year,fibre,no,no,yes,yes,e-check,0,no,yes,2,2,0,132,no,north,no
T04525,34,45.8,month-to-month,dsl,no,no,yes,yes,mailed check,0,no,no,0,0,0,39,no,north,yes
T03024,8,96.3,one-year,dsl,no,no,yes,yes,e-check,0,yes,no,1,1,0,242,no,north,no
T02824,45,24,month-to-month,dsl,no,no,no,yes,e-check,0,no,yes,1,1,0,149,yes,north,no
T02601,30,81.4,month-to-month,dsl,no,yes,no,yes,e-check,0,yes,no,1,1,0,19,no,south,yes
T06070,61,56.3,month-to-month,none,yes,no,yes,yes,bank transfer,0,yes,no,1,0,0,117,no,north,no
T02446,20,55.7,one-year,fibre,no,no,no,no,bank transfer,0,no,no,1,1,1,102,yes,north,no
T06372,23,58.7,month-to-month,dsl,yes,no,yes,no,card,0,no,no,1,1,0,152,yes,centre,yes
T03442,58,105.1,month-to-month,dsl,no,no,no,yes,mailed check,0,yes,no,2,1,1,33,no,centre,no
T01136,199,72.7,month-to-month,none,yes,no,yes,yes,card,0,no,no,3,0,1,197,no,centre,no
T05663,43,82.9,month-to-month,none,no,no,no,yes,bank transfer,0,no,no,1,1,1,26,yes,south,yes
T05431,2,101.7,month-to-month,dsl,yes,yes,yes,yes,e-check,0,yes,no,1,2,0,116,no,centre,yes
T06615,15,106.4,month-to-month,dsl,no,no,no,yes,e-check,0,no,yes,1,1,0,90,yes,south,no
T04093,72,36.2,one-year,fibre,no,no,no,no,e-check,0,no,yes,1,1,0,261,no,centre,no
T00666,45,99.1,month-to-month,fibre,no,yes,yes,yes,bank transfer,1,yes,no,2,1,0,87,yes,south,no
T00566,6,107.1,month-to-month,none,no,yes,no,yes,bank transfer,0,no,no,0,1,1,48,no,south,yes
T04067,7,50.7,one-year,dsl,no,no,yes,yes,mailed check,0,no,no,3,0,1,136,no,north,no
T02182,43,93.1,month-to-month,dsl,no,yes,no,yes,mailed check,0,no,no,1,0,0,94,no,south,no
T06013,113,77,month-to-month,dsl,no,no,yes,no,mailed check,0,yes,no,1,0,0,96,no,north,no
T03315,1,53.9,two-year,fibre,no,no,yes,no,mailed check,0,yes,yes,0,1,2,108,no,north,yes
T00947,56,106.1,one-year,none,no,no,yes,no,bank transfer,0,yes,yes,0,1,0,58,yes,north,no
T02265,8,58.8,month-to-month,dsl,yes,no,yes,yes,card,0,no,no,2,3,0,255,yes,north,no
T00733,11,51.2,month-to-month,dsl,yes,yes,yes,no,bank transfer,0,no,no,0,1,1,16,no,islands,yes
T01269,28,98.2,month-to-month,dsl,no,no,yes,yes,e-check,0,no,yes,1,0,0,61,no,islands,no
T02479,27,51.3,two-year,none,no,no,yes,yes,bank transfer,0,yes,no,0,0,0,1,no,islands,no
T05594,7,102.3,month-to-month,fibre,no,yes,yes,no,e-check,0,no,no,2,0,2,61,yes,centre,yes
T06621,74,47.6,month-to-month,fibre,no,yes,yes,yes,e-check,0,no,no,1,1,0,128,yes,islands,no
T01968,9,36.3,month-to-month,dsl,no,yes,yes,yes,mailed check,0,yes,yes,1,1,1,94,no,south,yes
T02613,17,84.5,month-to-month,dsl,no,no,no,no,card,1,no,no,2,1,0,99,no,north,no
T06437,1,108.1,one-year,fibre,no,yes,yes,yes,e-check,0,no,no,3,0,2,40,no,north,yes
T06120,23,100.5,month-to-month,dsl,no,no,yes,yes,e-check,0,no,yes,1,0,0,25,no,centre,no
T03544,16,43,month-to-month,none,no,yes,yes,yes,card,0,yes,no,1,0,1,28,no,centre,no
T05927,16,46.2,month-to-month,fibre,yes,no,no,no,bank transfer,0,yes,yes,1,0,0,81,no,south,no
T06751,40,81.2,month-to-month,fibre,yes,no,yes,no,bank transfer,1,yes,yes,2,0,1,15,no,south,no
T03619,6,55.1,one-year,fibre,no,no,yes,yes,bank transfer,1,no,no,1,0,2,129,yes,centre,yes
T01646,5,78,month-to-month,none,yes,no,yes,yes,mailed check,0,yes,no,1,0,1,57,yes,islands,yes
T05080,2,87.1,one-year,dsl,no,yes,yes,no,bank transfer,0,yes,no,1,0,1,143,no,south,no
T01675,54,90.6,month-to-month,dsl,yes,no,yes,yes,e-check,0,yes,yes,2,1,0,117,no,centre,no
T06129,82,46.3,month-to-month,none,yes,no,yes,no,card,0,yes,no,1,3,0,93,no,north,no
T02472,11,37.3,month-to-month,none,yes,yes,no,yes,card,0,no,no,1,0,1,67,no,centre,no
T04664,42,23.3,two-year,fibre,no,yes,yes,yes,bank transfer,0,yes,no,2,0,1,142,no,islands,no
T06548,88,60.3,one-year,fibre,yes,no,yes,yes,e-check,1,no,no,3,0,0,13,yes,centre,no
T00402,85,72.1,one-year,dsl,yes,no,no,yes,bank transfer,0,yes,no,1,0,0,48,no,north,no
T06057,27,29.8,month-to-month,fibre,yes,no,no,no,bank transfer,1,no,no,0,0,1,242,yes,south,yes
T00271,29,91.3,month-to-month,none,yes,yes,yes,yes,bank transfer,0,yes,yes,2,0,0,58,no,south,yes
T03414,11,63.6,two-year,fibre,no,no,yes,yes,mailed check,0,yes,no,1,0,0,14,yes,centre,no
T01341,87,87.6,month-to-month,dsl,no,no,no,yes,bank transfer,0,no,no,1,0,0,99,yes,islands,yes
T04894,22,75,one-year,fibre,no,yes,yes,no,e-check,0,no,no,1,0,0,10,yes,north,no
T04349,1,50.3,month-to-month,none,yes,no,no,no,mailed check,0,no,yes,0,0,0,59,no,centre,no
T02000,1,84.2,month-to-month,none,yes,no,yes,yes,bank transfer,0,no,no,2,0,0,69,no,north,yes
T02170,23,56,two-year,dsl,no,no,yes,yes,card,0,yes,yes,0,1,1,199,no,south,no
T01465,41,61.9,month-to-month,dsl,no,no,no,yes,mailed check,0,no,yes,1,0,0,102,no,south,yes
T04261,5,56.3,one-year,fibre,no,yes,no,yes,bank transfer,1,no,no,2,0,0,42,no,south,no
T02671,17,94.8,month-to-month,none,yes,no,no,no,card,0,no,no,3,0,1,138,no,north,no
T02822,7,24.3,one-year,none,no,yes,yes,no,card,1,no,yes,0,0,0,98,no,north,no
T01980,7,38.3,month-to-month,none,yes,no,no,yes,e-check,0,no,yes,2,0,1,92,no,islands,yes
T06407,19,97.8,month-to-month,fibre,yes,no,no,no,mailed check,1,no,no,2,2,0,252,no,centre,no
T01556,53,71.1,month-to-month,none,no,no,yes,yes,card,0,no,yes,0,0,2,33,no,north,no
T00842,79,84.4,month-to-month,fibre,no,no,no,no,mailed check,0,yes,no,1,1,0,17,no,centre,no
T01471,1,79.1,month-to-month,none,no,no,no,yes,card,0,yes,no,2,1,0,95,no,north,yes
T03187,28,36,month-to-month,fibre,no,no,yes,yes,mailed check,1,no,yes,2,1,1,10,no,islands,yes
T01767,5,101.7,two-year,fibre,yes,no,yes,no,card,0,yes,no,1,0,0,188,no,south,no
T06000,4,82.5,month-to-month,none,no,no,yes,yes,e-check,0,yes,no,1,2,2,95,no,islands,yes
T05114,14,73.2,month-to-month,dsl,no,yes,yes,yes,mailed check,1,no,no,1,1,0,121,no,centre,no
T04268,31,94.4,month-to-month,none,no,yes,yes,no,mailed check,0,yes,yes,3,2,0,185,yes,centre,no
T00427,53,57.4,month-to-month,dsl,no,no,yes,no,bank transfer,1,no,no,3,0,1,71,no,north,no
T02823,9,66.6,one-year,fibre,no,no,yes,no,bank transfer,0,no,no,1,2,0,130,no,islands,no
T04574,7,85.5,one-year,fibre,yes,yes,no,yes,card,0,yes,no,1,1,1,37,no,north,no
T01929,21,53.1,month-to-month,none,yes,no,yes,yes,e-check,0,no,no,2,0,0,143,no,centre,no
T05925,13,91.4,month-to-month,fibre,no,yes,no,no,e-check,0,yes,yes,2,2,0,57,no,centre,yes
T06510,26,32.6,month-to-month,fibre,yes,no,yes,yes,e-check,1,yes,yes,1,0,0,140,no,north,no
T05098,44,95.4,month-to-month,dsl,no,no,yes,no,e-check,1,yes,no,2,0,0,200,no,centre,yes
T02940,8,69.2,month-to-month,fibre,yes,yes,no,yes,card,0,no,no,1,0,0,180,no,islands,no
T03679,54,59.3,month-to-month,dsl,no,no,yes,yes,mailed check,0,no,no,1,3,0,20,no,north,no
T02858,21,75.1,month-to-month,fibre,no,no,no,no,bank transfer,0,no,no,1,1,1,90,no,south,yes
T06555,26,79.9,two-year,fibre,no,yes,yes,yes,e-check,0,no,yes,2,0,2,5,no,centre,no
T04014,52,50.2,one-year,none,no,yes,yes,yes,e-check,0,yes,no,1,1,1,32,no,islands,no
T03226,19,38.1,month-to-month,fibre,yes,no,no,no,card,0,yes,no,2,0,1,186,no,south,yes
T03484,19,63.8,month-to-month,dsl,no,yes,no,yes,bank transfer,0,no,no,3,0,0,89,no,islands,yes
T06744,48,81.9,two-year,none,no,yes,yes,yes,e-check,0,yes,no,2,0,0,101,no,centre,no
T00102,53,25.9,one-year,fibre,yes,no,no,yes,card,0,no,no,1,1,0,76,no,islands,no
T05486,12,105.3,month-to-month,none,no,yes,no,yes,bank transfer,0,yes,no,1,3,0,140,no,centre,no
T02586,7,79.5,two-year,dsl,yes,yes,yes,yes,card,0,no,yes,2,2,2,47,no,south,no
T05848,17,94.4,two-year,fibre,no,no,yes,yes,bank transfer,0,yes,no,2,2,1,54,yes,centre,no
T01249,28,87.5,month-to-month,dsl,yes,no,no,yes,e-check,0,no,no,1,0,0,56,no,centre,no
T00048,1,102.5,one-year,none,no,no,no,no,bank transfer,0,no,no,2,0,1,36,yes,islands,no
T05784,35,30,one-year,fibre,no,no,no,yes,mailed check,0,no,no,1,0,1,69,no,south,no
T01028,2,75.7,month-to-month,none,yes,yes,no,no,e-check,0,yes,no,2,1,0,59,yes,islands,no
T01868,7,28.9,two-year,none,no,no,no,no,bank transfer,0,yes,yes,1,1,1,35,no,south,no
T00829,104,62.3,month-to-month,dsl,no,no,yes,yes,mailed check,0,yes,no,2,0,0,83,no,islands,yes
T04949,47,64.1,two-year,dsl,no,no,yes,no,bank transfer,0,yes,no,1,1,1,72,no,centre,yes
T02028,8,90.9,month-to-month,fibre,no,no,yes,yes,e-check,0,yes,no,1,0,0,31,no,north,no
T06409,4,100.7,one-year,dsl,no,no,yes,yes,e-check,0,no,no,2,2,0,119,no,south,yes
T04494,3,25.5,month-to-month,fibre,no,no,no,no,mailed check,1,yes,yes,3,0,0,71,no,south,yes
T03105,10,73.6,one-year,none,no,yes,no,no,card,0,no,no,1,4,0,115,no,centre,yes
T05430,4,108.2,month-to-month,dsl,yes,yes,yes,yes,bank transfer,0,no,no,2,2,0,71,no,centre,no
T02396,7,41.2,one-year,dsl,no,yes,no,no,mailed check,0,no,yes,1,1,2,98,no,north,no
T02135,65,37.2,two-year,dsl,no,no,no,no,card,0,yes,no,1,0,0,42,no,islands,no
T05493,16,45.8,month-to-month,dsl,yes,yes,no,no,e-check,0,no,no,1,0,1,69,no,islands,no
T06434,14,41.8,month-to-month,none,no,no,yes,yes,e-check,0,no,no,2,0,1,29,no,islands,no
T06780,23,106.4,month-to-month,dsl,yes,yes,no,yes,mailed check,0,yes,yes,1,0,1,79,no,islands,no
T04228,22,105,month-to-month,dsl,no,no,no,no,e-check,0,yes,no,2,0,0,17,no,centre,no
T01749,2,67.6,month-to-month,dsl,no,no,no,no,e-check,0,yes,yes,1,1,1,85,no,south,yes
T04730,21,77,one-year,none,yes,no,no,yes,bank transfer,0,yes,no,3,0,0,144,no,north,no
T03279,47,32.6,one-year,dsl,no,no,yes,no,mailed check,0,yes,no,1,2,0,37,no,islands,no
T03629,12,99.4,month-to-month,fibre,no,no,yes,yes,mailed check,0,yes,no,1,1,0,93,no,centre,yes
T06022,13,109.1,two-year,none,yes,no,no,no,bank transfer,0,no,no,1,1,2,90,no,islands,yes
T04696,7,51.8,two-year,dsl,yes,no,no,no,e-check,0,no,no,2,0,0,120,no,south,no
T00426,16,77.8,month-to-month,dsl,yes,no,yes,no,bank transfer,0,yes,no,1,1,0,46,yes,north,no
T05713,11,24.8,two-year,fibre,no,no,no,yes,bank transfer,0,no,yes,1,0,1,125,no,centre,no
T00403,61,79.2,one-year,fibre,yes,yes,no,yes,card,0,no,no,1,3,0,32,no,islands,no
T01187,26,40.1,month-to-month,fibre,yes,yes,no,yes,card,0,yes,yes,1,0,0,104,no,south,yes
T00182,19,105.3,month-to-month,none,no,no,yes,yes,mailed check,0,no,no,0,1,0,89,no,islands,yes
T06590,33,104.3,two-year,none,no,no,yes,yes,e-check,1,no,yes,0,1,0,26,no,south,no
T02082,10,101.1,one-year,dsl,no,yes,no,yes,bank transfer,0,yes,no,2,2,0,99,yes,islands,no
T06344,3,45.2,month-to-month,dsl,no,yes,no,yes,card,0,no,no,1,1,0,142,yes,islands,no
T05192,7,27.1,month-to-month,dsl,yes,yes,no,yes,bank transfer,0,yes,no,1,0,1,46,no,north,no
T03958,18,109,two-year,dsl,no,no,yes,no,card,0,yes,no,3,0,0,137,no,north,yes
T01186,2,79.8,two-year,none,no,no,no,no,bank transfer,0,no,no,2,0,1,73,no,north,no
T05237,9,31.8,month-to-month,fibre,no,no,no,yes,card,1,no,no,1,1,2,13,no,centre,yes
T03988,66,65.4,month-to-month,none,no,yes,no,no,bank transfer,0,no,no,1,0,1,64,no,north,no
T01532,10,79.7,month-to-month,fibre,no,no,no,yes,e-check,0,yes,no,2,2,0,67,yes,south,yes
T03779,48,76.5,one-year,dsl,yes,no,no,no,card,0,no,no,1,1,0,42,no,islands,no
T02384,18,51.4,one-year,dsl,no,yes,no,no,mailed check,0,yes,no,2,0,0,73,no,south,no
T02206,9,82.7,month-to-month,dsl,yes,yes,yes,yes,mailed check,1,no,no,3,1,0,52,no,north,yes
T03899,9,104.9,one-year,dsl,no,yes,no,no,card,1,no,no,2,0,1,56,yes,centre,no
T05577,20,98.9,month-to-month,none,no,yes,no,yes,mailed check,0,yes,no,3,0,0,46,yes,islands,yes
T00777,6,77.2,one-year,none,no,no,no,yes,bank transfer,0,no,no,1,0,1,79,no,centre,yes
T06560,124,56.4,one-year,none,no,no,no,yes,bank transfer,0,no,yes,2,1,0,126,yes,south,no
T00305,141,108.5,month-to-month,dsl,yes,no,yes,no,bank transfer,0,yes,no,1,0,0,25,no,islands,no
T04925,19,54.1,month-to-month,dsl,yes,yes,yes,yes,mailed check,1,no,no,3,0,0,87,yes,islands,no
T04879,38,107.3,month-to-month,dsl,no,no,no,yes,bank transfer,0,yes,no,2,1,1,77,no,centre,yes
T01486,61,102.3,one-year,dsl,yes,no,no,yes,card,0,no,no,1,0,1,10,no,north,no
T02051,36,95.5,two-year,fibre,no,yes,yes,yes,bank transfer,0,yes,no,2,1,2,182,no,north,no
T02871,11,87.2,month-to-month,fibre,no,no,no,no,card,0,no,yes,3,0,1,48,no,islands,yes
T03172,101,41.6,two-year,dsl,no,yes,no,no,card,0,yes,no,3,2,0,81,no,centre,no
T03807,18,79.4,month-to-month,none,no,no,yes,no,card,0,no,no,1,1,0,90,no,south,no
T03942,1,28.5,month-to-month,fibre,no,no,no,no,e-check,1,yes,no,1,1,0,49,yes,north,no
T00288,1,102,month-to-month,fibre,yes,no,no,no,e-check,0,no,no,2,0,0,101,yes,islands,no
T00849,2,40.3,month-to-month,fibre,yes,no,yes,yes,card,0,yes,no,0,1,1,334,no,south,yes
T02588,1,88.8,month-to-month,fibre,yes,yes,no,yes,bank transfer,1,no,yes,0,0,0,27,no,centre,yes
T04712,4,75.6,two-year,fibre,no,no,yes,no,mailed check,1,yes,yes,1,1,1,97,no,islands,yes
T03733,17,109.4,two-year,none,yes,no,yes,yes,e-check,0,no,no,2,1,0,115,yes,islands,no
T02148,30,73.9,month-to-month,dsl,yes,no,yes,no,e-check,0,no,no,1,0,1,26,no,south,no
T06346,7,74.2,two-year,fibre,no,no,yes,yes,e-check,0,yes,yes,2,2,0,47,no,islands,no
T06498,1,71.6,two-year,none,no,yes,no,no,bank transfer,0,no,yes,1,1,0,31,no,centre,no
T01096,36,68.5,month-to-month,fibre,no,yes,no,no,bank transfer,0,yes,no,0,0,1,154,no,islands,no
T06454,22,61.2,two-year,fibre,no,no,yes,no,e-check,1,yes,no,0,0,0,39,no,centre,no
T05291,3,103.1,month-to-month,dsl,yes,yes,yes,yes,e-check,0,yes,yes,1,2,0,45,no,centre,no
T00767,13,99,two-year,dsl,yes,yes,yes,yes,e-check,0,yes,no,1,0,0,79,no,north,no
T05287,13,83.5,one-year,fibre,no,no,no,yes,card,0,no,no,1,1,2,101,no,centre,yes
T01742,39,31.2,month-to-month,fibre,no,yes,yes,no,e-check,0,no,no,2,0,0,46,no,north,yes
T00950,15,94,one-year,fibre,yes,no,yes,yes,card,0,yes,yes,2,1,0,43,no,south,no
T01858,19,94.4,month-to-month,dsl,yes,no,no,yes,bank transfer,0,yes,no,2,0,1,197,no,south,yes
T04619,54,73.7,month-to-month,dsl,no,no,yes,no,bank transfer,0,no,no,2,2,0,51,no,centre,no
T03790,11,90.9,month-to-month,dsl,no,yes,yes,no,mailed check,0,no,no,1,1,0,91,no,islands,yes
T06808,65,57.1,month-to-month,fibre,yes,no,yes,no,e-check,0,yes,no,2,0,2,63,no,centre,no
T02247,77,61.7,month-to-month,dsl,yes,no,yes,yes,card,0,yes,yes,1,2,0,67,no,south,no
T04699,25,80.8,month-to-month,fibre,no,no,no,yes,bank transfer,0,yes,yes,1,4,0,23,no,north,no
T00417,38,47.7,month-to-month,none,yes,no,no,yes,e-check,0,no,yes,1,0,0,69,no,islands,no
T03747,101,37.9,two-year,dsl,no,no,yes,yes,bank transfer,0,yes,no,2,0,0,166,no,islands,no
T02119,8,87.9,month-to-month,none,no,no,no,no,bank transfer,0,no,no,2,1,0,81,no,south,yes
T01652,184,102.6,two-year,fibre,no,yes,no,yes,bank transfer,0,yes,yes,1,1,0,18,no,south,no
T03434,16,88.9,two-year,dsl,no,no,yes,yes,e-check,0,yes,no,1,1,1,68,no,islands,no
T06927,12,103.1,two-year,fibre,no,no,yes,yes,bank transfer,1,yes,no,1,0,0,62,no,south,no
T02919,9,83.6,two-year,dsl,yes,yes,no,yes,bank transfer,0,yes,no,1,0,0,29,no,centre,no
T00974,14,105.5,month-to-month,none,no,no,yes,yes,mailed check,0,no,no,2,0,0,50,yes,islands,no
T04369,64,72.8,month-to-month,none,no,yes,no,no,card,0,no,yes,2,2,1,38,yes,south,yes
T02589,27,63.7,one-year,fibre,yes,yes,yes,yes,e-check,0,yes,no,2,3,0,148,no,centre,yes
T00429,14,58.6,two-year,dsl,yes,no,yes,no,mailed check,0,no,yes,2,0,0,41,no,north,no
T04452,34,45,two-year,fibre,yes,yes,yes,yes,mailed check,0,no,yes,1,0,2,76,yes,south,no
T00389,20,61.3,month-to-month,none,no,no,yes,no,bank transfer,0,yes,no,1,0,4,22,no,islands,yes
T02759,9,62.1,one-year,dsl,no,no,no,no,e-check,0,yes,no,1,0,1,44,no,north,no
T06904,76,34.2,one-year,dsl,no,no,no,yes,card,0,yes,no,1,0,1,71,no,islands,no
T06121,37,85.4,two-year,fibre,yes,no,no,yes,card,0,yes,yes,1,1,1,32,yes,islands,no
T00494,46,71.6,one-year,fibre,no,no,yes,yes,bank transfer,0,no,no,2,1,1,46,no,south,yes
T04821,14,53.7,two-year,none,yes,yes,no,yes,e-check,0,yes,no,2,0,0,79,no,centre,no
T04943,59,47.4,two-year,fibre,no,yes,yes,yes,mailed check,0,no,yes,1,0,0,88,no,north,no
T01607,2,94.2,month-to-month,dsl,yes,no,no,yes,mailed check,0,yes,no,1,1,0,56,no,centre,no
T04134,1,29.8,one-year,fibre,yes,no,yes,no,card,1,yes,no,3,0,1,52,no,north,no
T06580,10,95.6,one-year,dsl,no,no,no,yes,card,0,no,no,2,2,2,93,no,centre,yes
T00837,6,21.3,two-year,fibre,yes,yes,no,yes,mailed check,0,yes,no,3,0,0,102,yes,north,no
T01032,6,69.4,two-year,none,no,no,no,yes,e-check,0,yes,no,1,0,0,41,no,islands,no
T00228,26,98.6,month-to-month,dsl,yes,no,yes,no,bank transfer,0,yes,no,1,0,1,23,no,centre,no
T01289,23,98.6,month-to-month,fibre,no,no,yes,yes,e-check,0,yes,no,2,2,0,58,yes,north,yes
T05319,16,64.9,month-to-month,fibre,no,no,no,yes,e-check,0,yes,no,1,1,0,32,no,south,no
T03049,2,54,month-to-month,none,no,yes,no,yes,mailed check,0,no,no,3,0,1,67,no,south,no
T04481,31,58.5,month-to-month,fibre,no,no,yes,no,e-check,1,yes,yes,2,0,0,43,no,south,yes
T03667,8,49.4,month-to-month,dsl,no,no,yes,yes,mailed check,1,yes,yes,0,0,0,13,yes,south,yes
T03485,9,43.3,month-to-month,dsl,no,no,yes,no,mailed check,0,no,no,1,0,0,53,yes,centre,no
T06428,25,97.3,month-to-month,dsl,no,yes,no,no,mailed check,0,yes,no,0,1,0,232,no,north,yes
T03836,18,46,month-to-month,fibre,no,no,yes,yes,e-check,0,no,no,2,0,0,53,no,centre,yes
T04503,6,45.7,month-to-month,dsl,no,no,yes,no,e-check,0,no,no,1,1,1,17,yes,centre,yes
T04115,42,25.3,one-year,fibre,no,no,yes,yes,e-check,1,yes,no,2,2,0,130,yes,centre,yes
T04562,34,52,one-year,dsl,no,yes,yes,no,mailed check,0,no,yes,1,1,2,277,no,south,no
T00047,1,94.5,two-year,dsl,no,yes,no,no,mailed check,1,yes,no,1,0,0,46,no,north,no
T05530,37,46.9,two-year,dsl,yes,yes,no,no,bank transfer,0,no,no,1,1,0,142,no,islands,no
T03456,18,47.5,two-year,fibre,yes,no,no,no,bank transfer,1,yes,no,3,0,1,70,no,centre,no
T04250,36,59.8,month-to-month,fibre,yes,yes,no,no,card,0,no,no,1,0,0,95,no,south,yes
T06414,18,63.4,month-to-month,fibre,yes,no,no,no,bank transfer,0,no,yes,3,4,0,42,no,centre,yes
T01072,73,94.1,month-to-month,fibre,no,yes,yes,yes,bank transfer,0,no,no,1,1,0,73,no,north,no
T05324,2,49,one-year,dsl,no,no,yes,yes,bank transfer,0,yes,no,1,1,0,34,yes,north,no
T02634,19,20.1,month-to-month,dsl,yes,yes,yes,no,e-check,0,yes,yes,2,0,0,17,no,south,no
T06533,39,78.2,month-to-month,fibre,no,no,yes,no,mailed check,0,no,no,1,0,0,55,no,south,no
T01953,31,84.1,one-year,fibre,no,no,no,no,bank transfer,0,no,yes,3,2,0,84,no,centre,yes
T06446,7,45.4,one-year,dsl,no,no,no,yes,e-check,0,no,no,2,1,0,45,no,south,no
T03796,115,31.8,month-to-month,fibre,yes,no,yes,yes,e-check,0,yes,yes,1,1,0,22,no,south,yes
T06251,12,61.5,month-to-month,none,yes,no,no,no,mailed check,0,no,yes,1,2,3,68,no,north,no
T06738,34,85,one-year,dsl,no,no,yes,yes,e-check,0,no,yes,1,1,0,84,yes,north,yes
T03850,14,49.6,one-year,dsl,no,no,yes,yes,mailed check,1,no,no,1,2,1,158,no,centre,no
T04021,7,102.4,month-to-month,fibre,yes,no,yes,yes,bank transfer,0,no,yes,1,1,0,55,no,north,no
T00294,68,34.9,month-to-month,fibre,no,no,yes,no,e-check,0,yes,no,2,0,0,37,no,north,no
T00474,53,59.1,month-to-month,none,no,yes,no,yes,e-check,0,no,no,0,0,0,37,no,north,no
T04059,35,59.4,one-year,dsl,no,no,yes,no,card,0,no,no,2,2,0,91,no,north,no
T02194,58,101.8,two-year,dsl,no,no,no,yes,card,0,yes,yes,2,2,0,54,no,islands,no
T01193,81,80.8,month-to-month,none,no,no,no,no,e-check,1,yes,no,1,0,1,83,no,islands,no
T03634,6,96.3,month-to-month,dsl,no,yes,yes,yes,card,0,yes,no,2,0,1,73,no,north,no
T06189,13,99.6,one-year,dsl,no,no,yes,no,mailed check,0,yes,yes,1,1,0,44,yes,north,yes
T06040,13,96.1,one-year,fibre,no,no,no,yes,bank transfer,1,yes,no,2,2,0,53,no,centre,yes
T01485,42,86.9,one-year,fibre,no,no,yes,no,bank transfer,0,no,yes,1,1,1,94,no,north,no
T03841,33,85.9,two-year,fibre,yes,no,yes,no,card,0,no,no,0,0,0,15,yes,south,no
T04717,5,53.2,month-to-month,fibre,no,yes,no,yes,e-check,1,yes,no,0,0,0,130,yes,south,no
T00660,42,61.6,month-to-month,fibre,no,no,yes,no,mailed check,0,yes,no,1,0,1,41,no,south,no
T02853,23,52.4,one-year,fibre,no,no,no,yes,mailed check,0,yes,no,0,0,0,22,yes,north,no
T03794,33,99.1,one-year,fibre,no,no,no,yes,mailed check,0,no,no,0,0,0,106,no,centre,no
T00383,1,89.4,one-year,fibre,no,no,yes,no,bank transfer,0,no,no,2,0,0,178,no,north,yes
T01347,14,101.7,month-to-month,fibre,yes,yes,yes,no,card,0,yes,no,2,2,0,34,no,centre,yes
T01338,88,80.3,month-to-month,fibre,yes,no,no,yes,mailed check,1,no,no,3,0,0,167,no,south,no
T01931,15,97.5,two-year,dsl,no,no,no,yes,card,0,yes,yes,3,0,0,50,no,north,yes
T04233,24,71,month-to-month,dsl,yes,no,no,yes,e-check,0,yes,no,1,0,1,106,yes,south,no
T06611,13,87.1,one-year,fibre,yes,no,no,no,bank transfer,0,no,yes,2,4,0,80,no,islands,yes
T00072,55,72,month-to-month,none,yes,no,no,yes,e-check,0,no,yes,2,0,1,58,no,islands,no
T06237,54,27.2,two-year,none,no,yes,yes,yes,bank transfer,0,yes,no,2,0,0,30,no,centre,no
T05887,1,20.4,month-to-month,none,yes,yes,yes,no,e-check,1,yes,yes,1,1,0,294,no,islands,yes
T02886,14,33.4,one-year,dsl,no,yes,no,yes,mailed check,0,no,no,1,1,0,39,yes,south,no
T06667,90,21.8,one-year,dsl,yes,yes,yes,no,mailed check,0,yes,no,1,2,1,26,yes,south,no
T05976,24,62.5,one-year,dsl,no,no,no,no,card,0,no,yes,1,0,0,248,no,centre,no
T06084,4,41.9,month-to-month,fibre,no,yes,no,no,bank transfer,0,yes,no,1,1,1,115,no,north,no
T03844,20,51.6,two-year,none,no,no,no,yes,bank transfer,0,no,yes,2,0,2,231,no,islands,no
T03319,1,20.2,one-year,fibre,no,no,yes,yes,bank transfer,0,yes,no,2,1,0,110,no,north,no
T06061,42,22.4,month-to-month,dsl,yes,no,yes,no,e-check,0,yes,no,1,0,1,171,no,south,no
T05482,3,44,one-year,fibre,no,no,yes,yes,bank transfer,0,yes,yes,2,2,0,79,no,islands,no
T05277,14,41.4,month-to-month,dsl,no,yes,no,no,e-check,0,yes,no,2,0,0,46,no,islands,no
T00954,26,94.9,month-to-month,none,yes,no,no,yes,e-check,0,no,no,1,0,0,43,yes,north,no
T00883,31,50.2,one-year,none,yes,yes,no,no,e-check,0,no,no,1,1,0,70,no,islands,no
T00112,12,40.3,month-to-month,dsl,no,yes,no,no,mailed check,0,no,no,1,0,2,166,yes,south,yes
T02363,12,107.7,two-year,none,no,no,no,yes,e-check,0,yes,no,2,1,0,65,no,south,no
T03222,18,25.8,two-year,none,no,no,yes,yes,card,0,yes,no,1,0,0,152,no,south,no
T05293,23,61.3,month-to-month,dsl,no,no,yes,no,mailed check,0,yes,yes,0,1,0,79,no,islands,yes
T02447,37,102.7,one-year,dsl,no,no,yes,yes,card,0,yes,yes,1,4,1,57,no,islands,no
T01441,1,84.4,one-year,none,yes,yes,no,yes,mailed check,0,no,no,1,1,0,98,no,centre,no
T04689,48,106.2,month-to-month,fibre,no,no,no,no,mailed check,1,no,yes,3,1,0,56,no,north,no
T02564,90,28.3,one-year,fibre,no,no,yes,no,e-check,1,yes,yes,2,0,0,70,no,centre,no
T03131,14,26.7,month-to-month,dsl,no,no,yes,yes,mailed check,0,no,no,1,1,1,112,yes,islands,no
T03511,15,76.2,two-year,dsl,yes,no,yes,yes,card,1,no,no,0,1,1,19,no,north,no
T02787,1,67,two-year,dsl,no,no,no,no,e-check,0,yes,no,1,2,0,65,no,north,no
T00585,3,41.8,month-to-month,fibre,yes,no,no,no,bank transfer,0,no,no,1,0,0,59,no,south,no
T00789,11,65.6,month-to-month,dsl,yes,no,no,yes,bank transfer,0,yes,no,1,1,0,33,yes,north,yes
T02468,47,26.6,two-year,dsl,yes,yes,yes,yes,card,0,yes,yes,0,0,0,83,no,centre,no
T03514,18,82.4,month-to-month,dsl,yes,yes,yes,no,e-check,0,yes,no,1,1,0,123,no,north,yes
T05125,22,41,month-to-month,fibre,no,yes,yes,yes,mailed check,0,no,yes,3,2,1,169,no,south,yes
T05531,40,20.9,month-to-month,fibre,no,yes,yes,no,mailed check,1,no,no,3,4,0,121,yes,south,no
T02605,11,43.6,two-year,fibre,no,no,yes,no,card,1,no,no,1,2,1,102,no,south,no
T05483,27,31.6,one-year,fibre,no,yes,no,no,bank transfer,0,no,yes,1,1,0,25,no,north,no
T05269,1,49.1,month-to-month,dsl,no,no,no,no,e-check,0,yes,no,0,0,3,20,no,north,yes
T01014,11,66.7,month-to-month,fibre,no,no,yes,no,e-check,0,no,no,2,0,2,31,no,centre,yes
T03596,53,80.1,month-to-month,fibre,no,yes,yes,yes,e-check,0,yes,no,1,0,0,87,no,centre,no
T03766,16,79.2,two-year,dsl,yes,no,yes,no,card,0,no,yes,0,3,0,85,yes,centre,no
T02488,59,106.9,month-to-month,fibre,no,yes,yes,yes,bank transfer,0,yes,yes,2,1,1,18,no,south,yes
T03857,58,56.2,month-to-month,fibre,no,no,no,yes,card,0,no,no,2,0,1,145,no,islands,yes
T05377,20,103.4,month-to-month,fibre,no,no,yes,no,card,0,yes,yes,2,2,1,104,no,south,yes
T04001,31,105.6,one-year,dsl,no,no,yes,no,mailed check,0,yes,yes,1,0,0,19,no,north,no
T04523,10,58,one-year,fibre,no,no,yes,no,mailed check,0,no,no,0,1,1,140,no,south,no
T03210,37,49.6,month-to-month,dsl,no,no,no,yes,bank transfer,0,yes,no,1,0,1,70,yes,north,no
T01829,28,61.4,month-to-month,none,yes,no,yes,no,e-check,0,yes,yes,1,1,1,127,no,south,yes
T05980,18,67.7,two-year,dsl,no,no,yes,yes,mailed check,0,no,yes,1,1,1,118,no,islands,no
T04296,4,107.3,month-to-month,dsl,yes,no,no,no,e-check,0,yes,yes,2,0,0,46,no,islands,no
T05709,8,51.8,month-to-month,dsl,no,no,no,no,mailed check,0,no,no,2,1,1,152,no,islands,yes
T04988,2,77,two-year,fibre,yes,no,yes,no,bank transfer,0,yes,no,1,0,1,12,yes,north,no
T01372,35,59.1,month-to-month,none,no,no,no,yes,e-check,0,yes,no,1,0,0,64,no,south,yes
T01029,44,52.1,month-to-month,fibre,no,no,yes,yes,card,0,yes,no,2,2,2,66,yes,islands,yes
T02984,41,86.9,month-to-month,dsl,no,no,no,no,e-check,0,no,no,1,0,1,168,no,centre,no
T02794,12,58.3,one-year,dsl,no,no,yes,no,bank transfer,0,no,no,2,2,0,48,yes,centre,no
T00944,78,21.4,two-year,fibre,yes,yes,no,no,e-check,0,no,no,2,2,0,111,yes,centre,no
T06924,38,65.2,one-year,fibre,no,yes,yes,no,e-check,0,no,no,1,0,0,12,yes,centre,no
T05599,40,38.5,two-year,dsl,no,no,no,yes,bank transfer,1,no,yes,3,0,1,51,yes,islands,no
T04109,5,42.8,one-year,none,yes,no,yes,yes,mailed check,0,yes,no,1,0,0,35,yes,islands,no
T03652,49,82,one-year,dsl,no,no,yes,yes,mailed check,0,yes,no,0,1,0,71,no,south,no
T03658,52,45.4,month-to-month,fibre,yes,no,yes,no,bank transfer,0,no,no,1,1,0,36,no,north,no
T00663,24,41.7,month-to-month,dsl,yes,no,no,yes,e-check,1,no,no,0,1,0,102,no,centre,yes
T04227,8,59.9,month-to-month,dsl,yes,no,yes,yes,mailed check,0,no,yes,2,1,1,167,no,south,yes
T02283,46,89.9,month-to-month,none,no,no,no,no,mailed check,1,no,no,1,1,1,52,no,south,yes
T02960,12,92.9,month-to-month,dsl,no,no,yes,no,card,0,yes,no,2,0,0,40,no,centre,yes
T02071,39,62.6,one-year,fibre,no,no,yes,no,bank transfer,0,yes,no,2,0,0,35,no,south,no
T03377,2,73,two-year,fibre,no,yes,no,yes,mailed check,0,yes,no,2,1,0,50,no,north,no
T04319,53,72.3,month-to-month,dsl,yes,no,yes,yes,mailed check,0,yes,yes,1,0,1,16,no,islands,no
T05180,56,31.2,month-to-month,none,no,yes,no,yes,bank transfer,1,yes,no,2,0,2,47,no,centre,yes
T01505,23,57.8,month-to-month,dsl,no,no,yes,yes,mailed check,0,yes,no,2,0,0,49,no,north,no
T06110,37,74.8,month-to-month,fibre,yes,no,yes,no,card,0,no,no,1,0,1,39,no,south,no
T00221,4,96.8,one-year,dsl,no,yes,no,no,bank transfer,1,no,no,1,4,0,139,no,north,yes
T02042,49,95.1,two-year,dsl,no,no,no,yes,bank transfer,0,yes,no,0,0,0,156,no,islands,yes
T04219,28,55.8,month-to-month,fibre,yes,yes,no,yes,e-check,1,no,yes,1,1,1,146,no,south,yes
T02577,18,53.3,month-to-month,dsl,no,no,yes,no,e-check,0,yes,yes,1,1,1,146,no,islands,yes
T00441,2,87.6,month-to-month,fibre,yes,no,yes,yes,card,0,no,no,1,1,1,81,no,centre,yes
T03955,55,107.9,month-to-month,none,yes,no,yes,yes,bank transfer,0,no,yes,1,1,2,82,no,islands,no
T06260,27,52.8,one-year,dsl,yes,no,yes,yes,e-check,0,yes,no,2,0,0,127,yes,islands,no
T02340,3,57.8,month-to-month,dsl,yes,no,yes,yes,bank transfer,0,yes,no,1,1,0,118,no,islands,no
T01900,29,53.5,month-to-month,fibre,no,yes,no,yes,card,0,yes,yes,2,0,0,122,no,south,no
T06135,9,41.5,two-year,fibre,no,no,no,no,mailed check,0,yes,no,2,0,1,43,no,islands,yes
T06901,18,72.9,month-to-month,dsl,yes,no,yes,no,card,0,no,no,2,1,0,66,no,centre,no
T04563,23,53.4,one-year,dsl,no,no,yes,no,bank transfer,0,no,yes,0,1,1,60,no,centre,no
T01379,26,94.4,month-to-month,dsl,no,no,no,no,mailed check,0,yes,no,1,1,1,160,no,centre,no
T01407,4,31,month-to-month,none,yes,no,no,no,e-check,0,yes,yes,1,1,0,21,yes,south,no
T03184,108,21.8,month-to-month,dsl,no,no,no,yes,bank transfer,0,yes,no,1,2,0,160,no,south,no
T06577,102,37.5,two-year,dsl,no,no,yes,yes,card,0,no,no,1,1,1,107,no,islands,no
T01081,20,28.5,two-year,dsl,no,yes,yes,yes,card,0,yes,yes,2,2,2,15,no,islands,no
T03553,27,51.3,one-year,dsl,no,no,yes,yes,bank transfer,0,yes,no,2,2,0,130,yes,south,no
T03817,3,63.1,one-year,dsl,yes,yes,yes,yes,mailed check,0,yes,no,2,0,0,66,yes,north,no
T00002,8,51.2,month-to-month,fibre,yes,no,no,yes,card,0,no,no,2,2,1,63,no,islands,no
T03608,32,40.8,one-year,fibre,yes,yes,yes,no,mailed check,0,no,yes,2,1,0,57,no,islands,no
T01647,1,70.3,month-to-month,none,no,no,no,no,card,0,yes,no,2,0,0,129,no,north,no
T05082,4,33.9,one-year,fibre,yes,no,yes,no,bank transfer,0,no,no,2,0,2,24,no,north,no
T05729,21,75.8,one-year,fibre,no,yes,yes,yes,bank transfer,1,yes,no,3,5,0,90,no,south,no
T03223,1,54.9,one-year,none,no,yes,yes,yes,card,0,no,no,1,1,0,222,no,north,yes
T05840,46,66.3,one-year,dsl,no,no,no,yes,e-check,0,yes,no,1,2,1,94,yes,north,no
T03014,26,86.7,one-year,dsl,yes,no,yes,yes,bank transfer,0,yes,no,1,1,1,57,yes,islands,no
T01854,28,51.7,month-to-month,fibre,no,no,yes,yes,bank transfer,0,yes,no,3,1,0,51,no,islands,no
T04888,19,101.6,one-year,fibre,no,yes,yes,yes,bank transfer,1,no,yes,1,1,0,39,no,north,yes
T06396,34,23,month-to-month,none,no,yes,no,yes,e-check,0,no,no,1,0,0,36,no,centre,no
T04626,17,73,one-year,fibre,no,no,yes,yes,card,0,yes,no,3,2,2,36,no,centre,yes
T04674,3,68.8,month-to-month,fibre,yes,no,yes,no,e-check,0,no,yes,2,0,0,25,no,islands,no
T03027,12,28.8,two-year,dsl,no,yes,yes,no,card,0,no,no,1,0,0,131,yes,centre,no
T05881,94,97.2,month-to-month,fibre,no,no,no,no,card,1,no,no,1,0,0,36,yes,south,yes
T03346,6,95.3,month-to-month,dsl,yes,yes,no,yes,bank transfer,0,no,no,2,0,0,47,no,centre,no
T05417,80,109.9,two-year,fibre,yes,no,no,no,mailed check,0,no,no,1,0,0,82,no,centre,no
T00298,7,23.6,two-year,fibre,yes,no,yes,no,mailed check,0,no,no,1,0,0,55,yes,islands,no
T05344,6,97.9,month-to-month,dsl,no,no,no,no,mailed check,0,yes,no,2,1,2,61,yes,centre,yes
T02510,23,106.6,month-to-month,fibre,no,no,yes,yes,card,0,yes,yes,2,0,0,31,no,centre,yes
T04778,12,106.3,one-year,none,no,yes,no,yes,card,0,yes,no,1,2,1,95,no,south,no
T00326,9,93.2,month-to-month,fibre,yes,no,yes,yes,e-check,0,no,no,2,3,2,88,no,north,yes
T02572,1,99.6,two-year,fibre,yes,no,yes,no,e-check,0,no,no,2,5,2,99,no,south,no
T04293,35,41.6,month-to-month,dsl,no,no,yes,no,e-check,1,yes,no,1,0,0,64,no,south,no
T01034,16,45.4,two-year,none,no,yes,yes,no,card,0,no,no,1,0,1,36,no,south,no
T06752,13,38,one-year,fibre,no,no,no,yes,e-check,1,no,no,1,1,0,151,no,south,no
T02270,15,106.8,month-to-month,fibre,yes,no,no,yes,card,0,no,no,1,0,2,133,no,centre,yes
T02973,61,96.6,two-year,none,yes,yes,no,yes,mailed check,0,yes,no,1,1,0,62,no,islands,no
T05355,59,43,month-to-month,fibre,no,no,yes,yes,card,0,no,no,2,1,0,19,yes,islands,no
T03669,6,37.9,two-year,dsl,no,no,no,yes,bank transfer,0,no,yes,1,1,0,65,yes,north,no
T00200,29,43.8,month-to-month,none,yes,yes,no,yes,mailed check,0,no,no,1,4,0,73,no,south,yes
T00347,29,40,one-year,fibre,no,no,yes,no,mailed check,0,yes,no,1,0,2,24,no,centre,no
T03633,201,102.3,two-year,none,no,yes,no,no,card,0,yes,no,1,1,1,128,yes,north,no
T02795,14,99.3,month-to-month,dsl,yes,yes,no,yes,card,0,yes,no,1,1,1,47,no,islands,yes
T01473,2,37.4,month-to-month,fibre,no,no,yes,yes,bank transfer,0,yes,no,0,1,0,41,no,south,no
T06526,5,107.3,month-to-month,fibre,no,no,no,no,bank transfer,0,yes,no,1,1,0,150,yes,north,no
T01517,45,96.8,one-year,dsl,no,no,no,yes,card,1,yes,yes,2,1,1,96,yes,north,no
T05527,4,20.5,one-year,none,no,yes,no,yes,card,1,yes,no,2,0,0,64,no,centre,no
T01198,69,96.6,month-to-month,fibre,no,no,yes,no,card,0,no,no,1,3,1,43,no,centre,yes
T02501,134,20.5,month-to-month,fibre,yes,no,no,yes,mailed check,0,yes,no,2,4,1,184,no,south,yes
T03759,29,48.6,month-to-month,none,no,yes,no,yes,e-check,0,no,yes,1,0,2,114,no,south,yes
T00170,14,63.1,month-to-month,none,no,no,yes,yes,mailed check,0,no,no,1,0,0,37,no,islands,yes
T02411,15,51.4,two-year,dsl,yes,no,no,no,card,1,yes,no,0,0,1,65,no,north,no
T03007,46,25.9,month-to-month,fibre,no,no,no,no,mailed check,0,yes,yes,0,1,0,68,no,centre,yes
T03727,33,36,month-to-month,none,no,yes,no,no,e-check,0,no,yes,3,0,1,17,no,islands,no
T06539,66,98.7,month-to-month,dsl,yes,yes,no,no,card,0,no,no,3,2,0,79,yes,south,no
T03951,1,75.7,one-year,fibre,yes,no,yes,yes,e-check,0,no,no,0,0,1,90,no,south,no
T00032,9,76.3,month-to-month,dsl,yes,no,yes,no,mailed check,1,yes,yes,1,3,1,112,no,centre,yes
T04813,14,41.8,one-year,fibre,yes,yes,no,no,bank transfer,0,yes,yes,1,0,2,38,no,centre,no
T04297,4,46.4,two-year,fibre,no,no,no,no,bank transfer,1,yes,no,1,1,1,99,no,islands,yes
T03376,3,86.6,month-to-month,dsl,yes,yes,no,yes,card,0,yes,no,2,3,1,6,no,islands,yes
T06684,36,63.5,month-to-month,none,yes,yes,yes,yes,e-check,0,no,yes,2,0,1,97,no,centre,no
T04718,24,44.1,two-year,none,no,no,yes,yes,e-check,0,no,no,2,2,0,149,no,north,no
T01830,38,90.1,one-year,none,yes,yes,yes,yes,e-check,1,yes,no,1,0,0,19,no,islands,no
T03538,24,43.1,month-to-month,fibre,no,yes,yes,yes,card,0,no,yes,2,1,1,36,no,centre,yes
T03104,25,57.4,month-to-month,fibre,no,yes,yes,yes,bank transfer,0,no,no,2,1,1,33,no,centre,yes
T04983,118,30.1,one-year,none,yes,no,yes,no,mailed check,0,yes,no,1,2,0,64,no,islands,no
T04773,40,90.4,month-to-month,fibre,no,no,yes,no,bank transfer,0,yes,no,3,0,1,47,no,south,no
T05542,27,93.4,month-to-month,none,no,yes,yes,no,card,0,yes,no,3,2,1,82,no,north,yes
T00548,104,69.6,one-year,dsl,no,yes,no,yes,bank transfer,0,no,no,1,0,1,12,no,south,no
T06385,2,24.5,month-to-month,fibre,no,yes,yes,no,e-check,0,no,no,3,0,0,24,no,south,no
T00087,4,28.7,two-year,fibre,no,no,yes,yes,mailed check,0,yes,no,1,1,0,24,yes,north,no
T06271,12,72.4,one-year,dsl,no,yes,no,yes,card,0,no,no,0,0,3,115,no,centre,no
T03298,153,66.8,month-to-month,dsl,no,no,no,no,e-check,1,no,no,1,1,0,90,no,south,yes
T00067,2,89.4,month-to-month,fibre,no,yes,no,no,e-check,0,no,no,1,0,0,48,no,north,yes
T00793,15,82.4,one-year,fibre,no,no,yes,yes,bank transfer,0,no,no,3,0,2,35,yes,centre,no
T02847,30,77.2,one-year,none,yes,no,no,yes,card,0,yes,no,3,0,0,185,no,centre,no
T06600,34,79.5,month-to-month,dsl,no,no,yes,yes,e-check,0,yes,no,1,4,2,60,no,islands,yes
T02414,10,85.4,month-to-month,fibre,yes,no,no,no,card,0,yes,yes,3,2,1,107,yes,islands,no
T01590,60,50.9,month-to-month,dsl,no,no,no,yes,e-check,0,no,no,1,0,0,60,no,islands,no
T00739,14,108,one-year,fibre,no,no,no,yes,mailed check,0,yes,no,2,0,0,23,no,islands,no
T03883,29,25.8,month-to-month,dsl,no,yes,yes,no,e-check,0,yes,yes,0,0,0,167,no,centre,no
T04289,66,46.2,two-year,none,no,yes,no,yes,card,0,yes,no,2,2,0,44,no,south,no
T06181,51,51.3,two-year,fibre,no,no,no,yes,bank transfer,0,no,yes,2,0,1,42,no,islands,no
T04061,1,58.1,one-year,none,yes,no,yes,yes,mailed check,0,yes,no,1,1,2,114,no,north,no
T02570,2,90,two-year,fibre,no,yes,yes,yes,bank transfer,0,no,no,2,1,1,47,no,islands,no
T04501,44,33.1,two-year,none,yes,no,no,no,mailed check,0,yes,no,1,1,0,86,no,centre,no
T01316,3,22.7,month-to-month,fibre,no,yes,no,no,card,0,no,yes,2,0,0,103,no,islands,no
T03742,11,73.8,month-to-month,dsl,no,no,yes,yes,mailed check,0,yes,yes,1,3,0,48,no,centre,yes
T03266,45,57.2,two-year,dsl,no,no,yes,yes,e-check,0,no,no,2,1,1,133,no,centre,no
T00692,16,71.9,month-to-month,dsl,yes,no,no,yes,card,1,yes,no,1,0,0,109,no,north,no
T01077,16,109,month-to-month,none,yes,no,no,yes,card,0,no,no,2,2,2,76,yes,south,no
T06887,16,42.1,one-year,dsl,yes,no,no,yes,card,0,no,no,1,1,0,100,no,islands,no
T05304,42,45.3,one-year,none,no,yes,yes,no,mailed check,0,no,yes,1,1,0,24,no,islands,no
T02215,13,34.7,one-year,dsl,no,no,no,yes,bank transfer,0,yes,no,3,1,1,94,no,islands,yes
T06520,1,104,two-year,fibre,yes,yes,yes,yes,bank transfer,0,no,no,3,3,1,21,no,islands,no
T02112,27,37.1,month-to-month,fibre,no,yes,no,yes,mailed check,0,yes,no,1,0,0,125,no,islands,no
T04055,2,63,month-to-month,dsl,yes,no,no,no,mailed check,0,no,yes,1,0,0,31,yes,north,no
T05057,5,86.3,month-to-month,fibre,yes,yes,no,yes,card,0,yes,yes,2,2,0,119,no,centre,no
T06960,39,81.4,month-to-month,dsl,no,no,no,yes,e-check,0,no,yes,1,0,0,40,no,islands,no
T00484,14,23.8,two-year,fibre,no,no,no,no,mailed check,0,yes,yes,3,1,0,61,no,south,no
T05590,22,37.1,month-to-month,none,yes,no,no,no,e-check,0,yes,no,0,1,1,43,no,islands,no
T05225,32,26.2,one-year,fibre,no,no,yes,no,mailed check,0,yes,yes,2,2,2,62,no,centre,no
T01518,32,50.7,one-year,none,no,no,no,no,e-check,0,no,no,1,2,0,44,no,north,no
T00175,37,86.2,one-year,fibre,no,yes,no,no,e-check,0,yes,no,2,0,1,89,no,islands,no
T02185,73,61.9,month-to-month,fibre,no,no,no,yes,card,0,yes,no,3,2,1,93,no,centre,yes
T04726,249,55.6,month-to-month,dsl,yes,no,yes,yes,bank transfer,1,yes,no,2,3,1,40,yes,north,yes
T04104,119,31.3,month-to-month,none,yes,no,no,yes,card,1,yes,no,1,0,0,39,no,north,no
T01560,15,71.5,month-to-month,dsl,no,yes,no,yes,card,0,yes,yes,1,1,0,201,yes,north,no
T05359,7,92.3,two-year,dsl,yes,no,no,no,e-check,0,yes,no,2,1,0,165,yes,south,no
T06229,1,67.4,two-year,none,no,no,no,no,mailed check,0,yes,no,1,1,3,30,no,islands,yes
T05500,4,41.2,one-year,fibre,no,yes,yes,no,bank transfer,0,no,yes,2,2,0,265,no,islands,no
T02666,7,102.6,two-year,dsl,no,yes,yes,yes,bank transfer,0,no,no,1,0,0,60,no,islands,no
T01069,14,74.4,month-to-month,dsl,no,no,yes,yes,mailed check,0,yes,no,1,0,1,52,no,islands,no
T06556,13,22.4,one-year,fibre,no,no,yes,yes,bank transfer,0,yes,no,1,1,0,68,no,centre,no
T00158,20,38.1,month-to-month,fibre,no,yes,no,yes,card,0,yes,no,1,0,0,18,no,south,no
T05341,1,46.5,month-to-month,dsl,yes,no,yes,yes,bank transfer,0,yes,yes,1,1,0,163,yes,south,no
T04907,82,109.1,month-to-month,dsl,yes,no,no,yes,bank transfer,0,no,no,1,0,0,12,no,north,no
T03843,39,27.1,month-to-month,fibre,no,no,yes,yes,card,0,yes,no,1,1,1,94,no,islands,yes
T05016,27,26.5,month-to-month,fibre,no,yes,no,yes,bank transfer,0,yes,yes,1,2,1,76,no,south,yes
T03229,3,103.2,month-to-month,fibre,no,yes,yes,yes,e-check,0,no,no,1,0,0,25,yes,south,yes
T05141,3,103.2,month-to-month,dsl,no,yes,no,yes,mailed check,0,no,no,1,0,0,59,no,islands,no
T04473,3,36.4,month-to-month,dsl,yes,no,yes,yes,card,0,no,yes,1,0,0,42,no,centre,no
T05441,1,85.1,one-year,none,no,no,no,yes,mailed check,0,no,yes,2,0,1,37,no,south,yes
T01326,8,24,month-to-month,fibre,yes,yes,yes,yes,bank transfer,0,yes,no,3,0,0,63,no,centre,no
T01781,17,73,two-year,dsl,no,no,no,yes,card,0,no,no,0,0,1,49,no,north,no
T02254,42,45.7,month-to-month,fibre,yes,yes,yes,yes,e-check,0,yes,yes,2,2,0,171,no,centre,no
T00714,12,36.1,month-to-month,fibre,no,yes,no,yes,mailed check,0,yes,no,2,1,0,23,no,north,no
T01279,80,97.5,month-to-month,none,no,no,no,no,mailed check,0,yes,no,3,3,1,28,no,centre,yes
T06945,3,68.7,one-year,dsl,no,no,no,no,mailed check,1,yes,no,0,1,0,87,no,centre,no
T00400,64,45.7,one-year,dsl,yes,no,no,yes,e-check,0,no,no,1,0,0,74,no,south,no
T01514,14,105.2,month-to-month,none,no,no,no,no,card,0,no,no,2,1,0,112,yes,islands,yes
T02238,46,61,month-to-month,dsl,yes,no,yes,yes,mailed check,0,yes,no,2,0,0,88,no,islands,no
T00882,1,91.2,two-year,dsl,no,no,no,no,mailed check,0,no,no,0,0,1,57,no,south,no
T04045,4,50.9,month-to-month,dsl,yes,no,yes,no,e-check,0,yes,no,1,0,0,177,no,south,yes
T05229,7,68.4,month-to-month,dsl,yes,no,no,yes,bank transfer,1,no,no,1,0,0,24,no,centre,no
T00148,84,76.3,month-to-month,dsl,yes,no,yes,no,e-check,0,no,no,1,0,0,116,no,islands,yes
T00633,109,70.7,month-to-month,none,yes,yes,yes,yes,bank transfer,0,yes,no,1,3,0,33,no,islands,no
T02193,82,108,two-year,dsl,no,no,yes,no,e-check,0,yes,yes,2,0,0,130,no,south,no
T03639,10,109.3,month-to-month,none,no,no,yes,yes,bank transfer,0,yes,no,1,0,0,135,no,centre,yes
T05209,27,76.4,month-to-month,fibre,no,no,yes,yes,mailed check,1,yes,no,1,0,0,199,no,centre,yes
T05253,2,39,one-year,fibre,no,yes,no,yes,bank transfer,1,yes,no,1,1,0,19,no,south,no
T00543,52,69.3,month-to-month,none,no,no,no,no,mailed check,0,no,no,1,2,1,21,yes,south,no
T06470,5,50.4,month-to-month,dsl,no,yes,no,yes,mailed check,0,no,no,2,1,1,34,no,south,no
T02729,1,53.2,month-to-month,fibre,yes,yes,yes,yes,e-check,0,yes,yes,2,1,1,94,yes,south,no
T03253,25,39.4,month-to-month,none,yes,no,no,no,mailed check,0,yes,no,0,1,2,21,no,south,no
T02114,31,89.9,one-year,fibre,no,yes,no,yes,e-check,0,no,no,3,1,1,50,yes,north,yes
T00859,6,23.9,month-to-month,dsl,yes,no,no,yes,bank transfer,0,yes,yes,2,1,1,32,no,north,no
T05655,7,66.9,month-to-month,dsl,yes,yes,yes,no,card,0,yes,yes,0,0,0,66,no,south,no
T06394,45,35.4,month-to-month,fibre,no,no,yes,yes,card,1,yes,no,1,0,1,15,yes,islands,yes
T03474,1,66.7,one-year,fibre,no,yes,no,yes,bank transfer,0,no,no,1,1,1,123,no,islands,no
T02735,33,39.4,month-to-month,none,no,yes,no,yes,mailed check,1,no,yes,1,0,2,112,yes,south,yes
T06488,103,38,month-to-month,fibre,yes,yes,yes,yes,e-check,1,yes,no,3,1,0,30,no,north,no
T04004,44,41.3,two-year,dsl,no,yes,no,yes,mailed check,0,yes,no,2,0,0,33,no,islands,no
T01967,16,45.6,month-to-month,dsl,yes,no,yes,yes,e-check,0,no,no,1,1,2,119,no,south,no
T01653,43,44.9,one-year,fibre,no,yes,yes,yes,card,0,no,no,1,0,0,87,no,centre,no
T04266,12,53.1,one-year,dsl,no,yes,yes,yes,e-check,1,yes,yes,2,0,0,92,yes,north,no
T06439,14,72.4,one-year,dsl,no,no,no,yes,mailed check,0,yes,no,0,3,1,102,no,islands,no
T06557,2,41.6,two-year,fibre,no,no,no,yes,card,0,no,no,2,2,2,55,no,south,no
T05424,15,72.6,one-year,none,yes,no,yes,yes,e-check,1,yes,no,2,0,1,259,no,south,no
T01744,49,99.3,one-year,none,no,no,yes,no,mailed check,0,yes,no,1,0,0,98,yes,north,no
T02877,31,46.7,two-year,fibre,yes,yes,yes,yes,bank transfer,1,no,no,3,0,0,35,no,north,no
T06354,14,34.9,month-to-month,fibre,no,no,yes,yes,e-check,0,no,no,3,2,1,7,no,north,yes
T05343,94,106.6,two-year,none,yes,yes,yes,yes,mailed check,0,no,no,1,1,1,41,no,islands,no
T06308,15,88.3,one-year,fibre,yes,yes,yes,yes,card,0,no,no,1,1,0,24,no,south,no
T02249,58,75.8,one-year,fibre,yes,no,no,yes,bank transfer,1,no,yes,1,0,0,60,no,centre,no
T00306,25,42.8,month-to-month,dsl,no,no,no,no,mailed check,0,no,no,1,5,1,47,no,north,yes
T05737,15,86.2,one-year,dsl,no,no,no,no,bank transfer,0,yes,no,0,3,1,24,no,centre,yes
T05397,15,81.1,two-year,none,yes,no,yes,yes,mailed check,0,yes,no,1,0,0,75,no,islands,no
T06172,12,44.2,two-year,none,yes,no,no,yes,card,0,yes,yes,2,0,0,118,yes,centre,no
T00998,2,45.6,month-to-month,dsl,yes,no,no,yes,card,0,no,no,2,0,0,60,no,centre,no
T04867,13,60.6,one-year,fibre,no,no,yes,no,e-check,0,no,no,2,1,0,109,no,centre,no
T05812,44,93.7,one-year,dsl,no,yes,no,no,card,0,no,yes,1,1,1,19,no,centre,no
T01668,15,57.9,one-year,fibre,yes,no,yes,yes,bank transfer,0,no,no,1,0,1,40,no,north,no
T03472,14,37.4,month-to-month,dsl,no,no,no,yes,e-check,0,yes,yes,1,0,1,37,no,centre,yes
T01899,3,69.7,one-year,dsl,no,no,no,yes,bank transfer,0,no,no,2,1,1,32,no,centre,no
T06836,50,89.3,month-to-month,fibre,no,no,no,no,bank transfer,0,no,no,0,0,0,76,no,north,no
T04424,23,52.8,month-to-month,none,yes,no,no,yes,mailed check,0,no,yes,2,0,0,59,no,north,no
T01336,12,24.6,month-to-month,fibre,yes,no,no,yes,card,1,yes,no,1,4,1,101,no,centre,yes
T06391,16,97.6,two-year,dsl,no,yes,no,yes,bank transfer,1,no,no,1,1,0,38,no,islands,yes
T00528,14,83.5,one-year,none,no,no,yes,no,bank transfer,0,yes,yes,1,0,1,48,no,north,no
T05968,15,51.2,month-to-month,none,yes,no,yes,yes,e-check,0,yes,no,2,1,1,31,no,south,no
T01247,74,64.6,one-year,fibre,no,no,no,no,mailed check,0,yes,no,3,1,2,38,no,islands,no
T02894,27,27.2,month-to-month,fibre,no,no,yes,no,e-check,0,no,no,3,0,1,81,yes,centre,yes
T01164,64,47.7,one-year,fibre,no,no,yes,yes,bank transfer,0,yes,no,1,0,0,17,no,centre,no
T05819,87,58.1,month-to-month,fibre,no,no,no,yes,e-check,0,yes,yes,2,1,1,43,yes,centre,yes
T02518,23,59.7,one-year,fibre,no,no,yes,yes,mailed check,1,yes,no,1,0,0,101,yes,north,no
T04122,68,62.9,one-year,fibre,no,yes,yes,yes,card,1,no,no,1,0,1,62,no,south,no
T02332,3,88.6,month-to-month,dsl,no,yes,no,no,mailed check,0,yes,yes,1,1,0,52,no,north,no
T04941,79,90.7,month-to-month,none,no,yes,yes,yes,mailed check,1,yes,no,3,0,0,28,no,centre,no
T05215,89,95.5,month-to-month,fibre,no,no,no,no,e-check,0,yes,yes,1,0,0,29,no,south,no
T05731,7,25.9,one-year,dsl,no,no,no,yes,bank transfer,0,no,yes,1,1,1,51,no,south,no
T04410,5,109.4,two-year,fibre,yes,no,no,yes,bank transfer,0,yes,no,1,0,1,119,no,centre,no
T00885,8,63.4,month-to-month,fibre,yes,yes,no,no,bank transfer,0,no,yes,0,1,3,209,no,north,yes
T02279,36,54.8,month-to-month,fibre,no,no,yes,yes,bank transfer,0,no,yes,2,0,2,120,no,north,no
T03941,4,38,month-to-month,dsl,no,no,yes,yes,mailed check,0,yes,yes,1,0,0,22,yes,centre,no
T06118,28,28.5,two-year,fibre,no,no,no,no,e-check,0,yes,no,2,1,0,33,no,islands,no
T03985,67,64.7,one-year,none,no,yes,yes,no,mailed check,0,yes,no,1,2,0,128,yes,centre,no
T03016,102,42.2,month-to-month,none,yes,no,yes,no,bank transfer,0,no,yes,2,1,1,12,yes,islands,no
T02626,28,89.7,month-to-month,fibre,no,no,no,no,bank transfer,0,no,yes,0,0,1,48,no,north,yes
T00177,78,80.5,month-to-month,fibre,no,yes,yes,yes,mailed check,0,yes,no,1,0,0,113,no,south,no
T05862,4,106,one-year,dsl,no,yes,no,no,e-check,0,no,no,1,2,0,19,no,north,yes
T05370,2,92,month-to-month,dsl,yes,no,yes,yes,card,0,no,no,2,1,0,41,no,islands,no
T03321,2,57.3,two-year,dsl,no,yes,yes,yes,card,0,no,no,1,0,1,175,no,north,no
T06807,1,68.3,month-to-month,fibre,no,no,no,yes,mailed check,0,no,yes,2,0,0,135,no,islands,yes
T04824,7,75.5,two-year,dsl,no,yes,no,no,e-check,0,yes,yes,1,0,1,41,no,south,no
T01714,13,60,month-to-month,fibre,no,yes,no,no,bank transfer,0,yes,yes,2,1,0,78,yes,south,yes
T06613,26,93.8,month-to-month,dsl,yes,no,yes,yes,card,0,no,yes,1,1,3,24,no,centre,yes
T02019,31,68.4,two-year,fibre,no,yes,yes,yes,e-check,0,no,yes,2,1,0,41,no,islands,no
T00904,1,93.6,month-to-month,none,yes,no,yes,yes,mailed check,0,no,no,0,1,0,46,no,islands,yes
T01937,1,46.4,two-year,none,no,no,yes,yes,card,0,yes,yes,2,0,0,141,no,islands,no
T06920,17,50.6,month-to-month,none,no,no,no,yes,e-check,1,no,no,1,0,0,29,no,north,yes
T01195,8,63.5,month-to-month,dsl,yes,yes,no,yes,e-check,0,no,no,1,2,0,258,yes,south,yes
T04909,11,79.9,month-to-month,fibre,yes,no,no,no,bank transfer,0,yes,no,3,0,0,56,no,islands,no
T01483,3,79.8,month-to-month,none,no,no,no,no,card,0,yes,yes,3,1,0,27,no,north,no
T02278,6,47.3,two-year,fibre,no,no,yes,yes,card,0,no,no,1,0,0,33,yes,north,no
T06305,10,68.8,one-year,none,no,no,no,no,bank transfer,1,yes,yes,1,0,0,59,no,south,no
T02659,7,103,month-to-month,dsl,no,no,yes,no,mailed check,1,no,yes,1,3,0,33,no,south,yes
T04325,17,66,one-year,dsl,no,no,no,yes,e-check,0,yes,no,0,0,1,24,no,north,yes
T03581,1,107.3,one-year,dsl,yes,yes,yes,no,card,0,no,no,1,2,1,8,no,islands,no
T01331,14,99.8,month-to-month,dsl,yes,no,yes,no,mailed check,0,yes,yes,1,1,0,10,yes,centre,yes
T02571,71,107.2,month-to-month,dsl,no,no,no,no,bank transfer,0,yes,yes,2,2,0,115,no,centre,yes
T05456,1,90.2,month-to-month,dsl,yes,no,yes,no,e-check,0,yes,no,1,1,1,18,no,south,yes
T01218,27,60.5,month-to-month,fibre,no,no,no,yes,card,0,yes,no,1,0,1,183,no,islands,no
T06786,28,57.2,one-year,fibre,yes,yes,no,no,mailed check,0,yes,no,0,1,1,34,no,islands,no
T00265,106,77.8,two-year,dsl,no,yes,no,no,mailed check,0,no,no,2,2,0,82,no,south,no
T03890,42,93,month-to-month,fibre,no,no,no,yes,e-check,0,yes,yes,3,2,2,138,no,south,yes
T04357,18,77.7,two-year,dsl,no,no,no,yes,bank transfer,0,no,no,1,0,0,234,no,north,no
T06516,1,51.3,one-year,fibre,no,yes,no,yes,mailed check,0,yes,no,2,2,2,26,no,islands,yes
T04790,11,47.1,month-to-month,fibre,no,no,no,no,bank transfer,0,no,yes,1,3,1,107,yes,islands,yes
T03382,8,95.5,month-to-month,fibre,no,no,yes,no,bank transfer,0,yes,no,2,0,0,54,no,north,yes
T01930,6,92.7,month-to-month,none,no,yes,no,yes,card,0,no,no,2,5,1,101,no,south,yes
T05629,12,99.6,one-year,none,no,yes,yes,no,mailed check,0,yes,no,1,0,0,49,no,south,no
T03763,27,95.1,one-year,fibre,no,yes,no,no,e-check,0,yes,no,1,0,0,51,no,south,yes
T02933,23,65.5,one-year,dsl,yes,yes,yes,yes,mailed check,0,yes,yes,1,0,0,96,no,islands,no
T04164,14,90,two-year,fibre,yes,yes,yes,yes,mailed check,0,no,yes,2,3,2,147,no,north,yes
T06779,12,45.5,two-year,dsl,yes,no,no,yes,card,0,no,no,1,1,1,22,no,south,no
T01845,47,61.2,one-year,dsl,no,no,no,yes,e-check,0,yes,yes,1,3,1,101,no,islands,yes
T03193,128,59.1,two-year,dsl,no,yes,no,yes,e-check,0,no,no,1,1,1,15,yes,islands,no
T05204,10,95.9,one-year,fibre,no,yes,no,yes,mailed check,0,yes,no,1,1,1,10,no,north,no
T04991,40,89,month-to-month,fibre,no,no,yes,no,e-check,0,no,no,2,1,0,144,yes,north,yes
T01847,112,49.1,month-to-month,fibre,no,no,no,yes,card,0,no,no,2,0,0,25,no,centre,no
T06284,36,20,one-year,fibre,no,no,no,yes,e-check,0,yes,no,1,1,0,109,no,centre,yes
T06156,107,90.9,month-to-month,none,no,no,no,yes,card,0,yes,no,2,1,0,41,no,islands,yes
T01156,5,68.7,month-to-month,fibre,no,no,yes,yes,bank transfer,1,no,no,1,1,0,103,yes,north,yes
T01818,7,50.3,one-year,fibre,yes,no,no,yes,e-check,0,no,no,1,0,1,37,no,centre,no
T00943,11,38,month-to-month,fibre,no,no,no,yes,mailed check,0,yes,yes,3,0,1,27,no,islands,no
T01102,5,33.4,month-to-month,dsl,no,no,yes,yes,e-check,0,yes,yes,1,0,0,34,no,north,yes
T01389,46,91.5,one-year,fibre,yes,no,no,no,card,0,no,yes,2,1,2,71,no,islands,yes
T04186,5,47.2,two-year,fibre,yes,yes,yes,yes,mailed check,0,yes,no,1,1,2,118,no,centre,no
T03571,8,40.7,one-year,dsl,no,no,yes,yes,bank transfer,0,yes,yes,1,1,0,107,no,centre,no
T06171,4,26.8,month-to-month,dsl,no,no,yes,yes,card,0,yes,no,2,0,0,82,no,south,no
T03638,58,71.9,one-year,none,no,no,yes,no,mailed check,1,yes,no,1,0,1,44,yes,centre,no
T05387,29,50.7,one-year,fibre,no,no,yes,no,bank transfer,0,yes,no,1,0,0,107,no,south,no
T03458,20,56.6,month-to-month,fibre,no,no,no,yes,mailed check,0,yes,no,1,0,1,188,no,islands,no
T01760,2,107.2,month-to-month,none,no,yes,no,yes,e-check,0,yes,no,2,1,0,136,yes,islands,yes
T01933,11,92.5,one-year,none,yes,no,yes,no,card,0,no,yes,2,2,0,82,yes,islands,no
T00051,19,21.3,month-to-month,none,yes,yes,yes,yes,bank transfer,0,yes,no,3,0,1,64,no,centre,no
T05490,2,80.3,month-to-month,dsl,no,no,yes,no,mailed check,0,yes,no,1,4,0,107,no,south,yes
T01474,32,73.6,one-year,dsl,no,no,no,no,bank transfer,0,yes,no,1,0,0,112,yes,centre,no
T01752,46,78.4,two-year,fibre,no,no,yes,yes,mailed check,0,yes,no,1,1,0,16,no,centre,no
T05295,45,30.2,month-to-month,fibre,no,yes,no,no,card,0,yes,no,3,1,0,63,no,north,no
T04892,8,100.9,month-to-month,fibre,no,no,yes,yes,card,0,no,no,1,1,0,124,no,islands,no
T00452,9,65.3,two-year,none,no,yes,yes,no,card,0,no,no,2,1,0,69,no,north,no
T05183,33,86.3,month-to-month,none,no,no,yes,yes,e-check,0,no,no,2,1,0,268,no,centre,yes
T01410,7,84.8,month-to-month,dsl,no,no,yes,yes,mailed check,0,no,no,2,2,0,20,yes,north,yes
T06739,2,27.7,two-year,fibre,yes,no,no,yes,e-check,0,yes,no,1,0,0,107,yes,islands,no
T01866,29,81.2,month-to-month,dsl,yes,yes,yes,yes,mailed check,0,yes,yes,1,0,1,124,no,south,no
T04958,43,34.6,one-year,dsl,no,no,yes,no,mailed check,1,no,no,0,2,0,9,no,centre,no
T00395,43,75.5,month-to-month,fibre,yes,no,yes,no,mailed check,0,yes,no,1,0,1,26,no,centre,yes
T03498,12,26,two-year,none,no,no,no,no,mailed check,0,no,no,1,0,0,70,no,north,no
T00045,17,28.8,one-year,none,yes,no,yes,yes,e-check,1,yes,no,3,2,1,97,no,south,no
T05392,31,82.7,two-year,dsl,yes,no,yes,yes,e-check,0,yes,no,2,2,0,114,no,centre,no
T03525,13,67.8,one-year,fibre,yes,no,no,yes,card,0,no,yes,2,2,0,192,no,centre,yes
T00550,4,85.3,one-year,none,no,yes,yes,yes,e-check,1,no,yes,1,1,0,86,no,centre,no
T02220,91,85.7,one-year,fibre,no,no,yes,yes,e-check,1,yes,no,1,0,1,53,no,south,no
T02767,36,82.3,month-to-month,none,yes,no,yes,no,card,0,no,no,0,0,0,169,yes,centre,no
T02130,25,31,one-year,dsl,yes,no,no,yes,e-check,0,yes,no,1,0,0,48,no,south,no
T05791,11,24.6,two-year,none,no,yes,no,yes,card,0,yes,no,2,1,0,198,no,centre,no
T02568,3,91.2,two-year,dsl,no,no,no,no,mailed check,0,yes,no,1,0,0,23,no,islands,no
T00061,12,108.2,two-year,fibre,no,yes,yes,yes,card,0,yes,no,1,0,2,146,yes,north,yes
T02653,100,45.9,month-to-month,fibre,yes,no,yes,no,card,0,no,no,1,1,2,26,no,centre,no
T01768,40,28.3,one-year,dsl,no,no,no,yes,e-check,0,yes,no,0,1,0,104,no,north,no
T04132,10,95.4,one-year,fibre,no,no,yes,no,e-check,0,yes,no,2,3,0,39,no,north,yes
T03459,20,70.6,one-year,fibre,no,yes,yes,yes,mailed check,0,yes,no,1,0,1,47,yes,north,no
T01146,54,26.7,two-year,none,yes,no,no,yes,e-check,0,no,no,2,0,1,79,no,islands,no
T04184,14,38.3,month-to-month,dsl,yes,no,no,no,mailed check,1,yes,no,2,0,1,78,no,south,no
T04016,46,106.1,two-year,dsl,no,no,no,no,e-check,0,yes,no,1,1,0,7,yes,centre,no
T04356,33,50.7,month-to-month,fibre,yes,no,yes,no,card,1,no,no,1,0,0,81,no,centre,no
T00309,74,74.2,one-year,dsl,no,no,no,no,e-check,1,yes,no,1,0,0,64,no,north,yes
T01053,2,33.3,month-to-month,fibre,no,no,yes,yes,card,1,no,no,1,0,0,238,no,south,no
T01420,5,69.7,month-to-month,fibre,no,no,no,yes,bank transfer,0,yes,yes,1,1,0,35,no,islands,no
T00091,159,71,month-to-month,dsl,no,no,yes,yes,card,0,no,yes,3,1,0,237,no,centre,no
T01278,8,22.9,one-year,fibre,yes,yes,no,no,bank transfer,0,no,no,2,0,1,66,no,south,no
T04719,11,26.8,month-to-month,fibre,yes,yes,no,yes,mailed check,0,no,yes,2,0,1,97,no,islands,yes
T04193,34,68.3,month-to-month,dsl,no,no,no,no,e-check,0,no,no,2,1,2,44,yes,north,no
T03410,31,50.2,two-year,dsl,no,no,no,yes,card,0,no,yes,3,0,2,78,no,north,no
T00096,36,86.5,month-to-month,fibre,no,yes,yes,no,bank transfer,0,yes,no,1,2,1,38,no,islands,yes
T02780,7,91.7,one-year,none,no,no,yes,yes,e-check,0,yes,yes,1,1,0,84,no,south,no
T04216,13,41,month-to-month,dsl,no,no,no,no,e-check,0,yes,no,2,0,3,83,no,north,no
T06895,36,64.7,month-to-month,none,yes,yes,yes,no,mailed check,0,no,yes,3,0,0,120,yes,islands,no
T06968,9,67.2,month-to-month,fibre,yes,no,yes,yes,card,0,yes,no,1,0,0,125,yes,centre,no
T06097,1,104,one-year,fibre,no,yes,no,yes,e-check,0,yes,no,2,1,2,86,no,north,no
T06153,18,94.3,two-year,dsl,no,no,yes,no,mailed check,0,no,no,0,0,0,29,no,centre,no
T05055,41,100.9,two-year,none,no,no,yes,no,mailed check,0,no,no,1,1,0,69,no,centre,yes
T03130,31,20.2,month-to-month,none,no,yes,no,yes,e-check,0,no,no,3,1,0,71,yes,islands,no
T04895,1,60.3,month-to-month,fibre,no,no,yes,no,bank transfer,0,yes,no,1,0,0,213,yes,south,yes
T03038,15,72.1,one-year,fibre,no,no,no,no,bank transfer,0,yes,yes,1,0,4,277,no,north,no
T05497,18,109.6,two-year,none,yes,no,no,yes,card,1,yes,yes,1,0,0,78,no,islands,no
T04725,4,36.8,month-to-month,fibre,no,no,yes,yes,mailed check,0,yes,no,3,1,0,79,no,south,no
T03506,42,30.7,month-to-month,fibre,no,yes,yes,no,bank transfer,0,no,no,1,0,1,0,no,islands,no
T03291,51,44.6,month-to-month,fibre,no,no,yes,no,bank transfer,0,no,no,2,1,0,52,no,north,yes
T01177,26,22.9,month-to-month,fibre,no,no,yes,yes,card,0,no,no,3,1,1,89,no,north,yes
T06941,14,27.8,month-to-month,dsl,no,no,no,no,card,0,yes,yes,1,3,0,119,no,north,yes
T04072,22,46.7,two-year,dsl,no,no,yes,yes,bank transfer,0,no,yes,1,2,0,51,no,south,no
T02855,17,107.4,month-to-month,fibre,no,yes,no,no,bank transfer,0,yes,no,2,1,0,53,yes,centre,no
T05686,8,79.7,one-year,none,yes,no,no,no,e-check,0,yes,no,3,1,1,219,no,islands,no
T06334,9,85.7,one-year,dsl,yes,no,yes,yes,card,0,yes,no,1,2,1,132,no,islands,no
T04191,29,20.2,one-year,dsl,no,no,yes,yes,mailed check,0,yes,no,1,0,0,54,no,south,no
T04658,27,81.7,one-year,dsl,no,no,yes,no,e-check,0,yes,no,0,0,0,155,no,south,no
T00833,12,47.6,month-to-month,none,no,no,no,no,bank transfer,0,no,no,1,1,2,72,yes,north,no
T04454,50,68,month-to-month,fibre,no,yes,no,yes,card,0,yes,no,1,1,0,43,no,south,no
T05411,103,38.4,two-year,fibre,yes,yes,no,yes,mailed check,0,no,no,0,0,1,218,no,islands,no
T05135,6,64.2,one-year,dsl,yes,no,yes,no,card,0,yes,yes,1,1,1,69,no,centre,no
T02052,67,106.6,month-to-month,none,yes,no,yes,no,e-check,1,yes,no,0,1,3,87,no,north,yes
T05049,8,64.8,one-year,fibre,no,no,yes,yes,mailed check,1,yes,yes,2,0,1,36,no,north,no
T01217,34,101.1,month-to-month,dsl,no,yes,no,yes,bank transfer,0,no,yes,1,2,2,122,no,islands,yes
T04226,2,79.6,month-to-month,fibre,no,no,no,yes,e-check,0,yes,yes,0,0,0,22,no,north,yes
T06005,5,90.3,month-to-month,dsl,no,no,yes,yes,card,0,yes,yes,0,0,1,61,no,islands,yes
T01268,5,28,two-year,none,no,no,no,no,card,1,no,no,1,0,1,39,no,north,no
T00280,62,28.4,one-year,fibre,no,no,yes,no,bank transfer,0,yes,yes,2,1,0,261,no,centre,no
T06847,4,68,one-year,dsl,no,no,yes,no,card,0,no,no,1,1,0,53,no,north,no
T05978,20,101.8,month-to-month,dsl,no,no,yes,no,mailed check,0,no,no,1,0,0,69,no,islands,no
T04535,149,79.8,month-to-month,fibre,no,no,no,no,bank transfer,0,yes,yes,2,0,1,166,yes,centre,no
T02294,16,69.7,month-to-month,none,yes,yes,no,yes,e-check,1,no,yes,0,0,0,197,yes,centre,no
T03374,9,44.6,month-to-month,dsl,no,no,no,no,bank transfer,0,yes,no,3,1,0,51,no,islands,yes
T00899,7,48.1,month-to-month,fibre,no,no,no,no,bank transfer,0,yes,no,0,0,1,122,no,centre,yes
T02213,13,97.2,one-year,none,no,no,yes,no,card,0,no,no,1,1,0,96,yes,north,no
T06652,15,48.3,month-to-month,fibre,yes,yes,yes,yes,bank transfer,0,no,no,2,2,0,41,no,north,no
T05231,41,90.9,month-to-month,fibre,no,no,yes,yes,bank transfer,1,yes,no,0,0,1,32,yes,centre,yes
T04518,2,33.5,month-to-month,fibre,yes,no,no,yes,e-check,0,no,no,2,0,1,49,yes,south,yes
T04285,61,105,month-to-month,dsl,no,yes,no,yes,card,0,yes,no,0,1,0,76,no,south,yes
T04160,119,46.6,month-to-month,fibre,yes,yes,no,yes,bank transfer,0,yes,no,1,1,1,151,yes,south,no
T02840,71,37.3,month-to-month,dsl,no,no,yes,yes,mailed check,0,yes,no,1,3,2,15,no,north,no
T04254,9,75.1,month-to-month,dsl,no,no,no,no,e-check,0,yes,yes,2,1,0,43,no,islands,yes
T02734,58,37.1,one-year,fibre,no,yes,yes,yes,bank transfer,0,yes,yes,2,3,0,47,no,south,no
T00827,14,101.3,month-to-month,fibre,no,yes,no,yes,bank transfer,0,yes,no,1,0,1,20,no,centre,yes
T00615,3,68.7,one-year,fibre,no,no,yes,no,card,1,yes,no,1,1,2,56,no,north,yes
T05829,5,69.6,month-to-month,none,no,yes,yes,yes,card,0,no,no,2,3,0,69,yes,south,yes
T02922,5,88.9,month-to-month,fibre,no,no,no,yes,bank transfer,0,yes,no,2,5,1,121,yes,centre,yes
T03646,90,27.1,one-year,fibre,yes,no,no,no,card,0,no,no,1,2,0,101,no,north,no
T01489,31,96.9,month-to-month,none,no,yes,yes,yes,e-check,0,no,no,1,1,1,96,no,north,yes
T01496,40,57.4,month-to-month,dsl,no,no,yes,no,bank transfer,0,no,no,2,2,0,50,yes,islands,no
T06416,1,72.3,month-to-month,dsl,no,no,yes,yes,e-check,0,yes,yes,1,1,1,22,no,south,yes
T02580,42,68.9,month-to-month,fibre,yes,no,no,yes,e-check,0,no,yes,1,1,0,95,no,centre,no
T01757,4,61.8,month-to-month,fibre,yes,yes,yes,no,e-check,0,no,no,0,1,0,118,yes,islands,yes
T01051,5,60.9,two-year,fibre,no,yes,no,yes,e-check,1,no,yes,2,1,0,84,yes,centre,yes
T01317,63,55.7,two-year,dsl,no,no,no,yes,bank transfer,0,yes,no,1,0,0,19,no,centre,no
T04203,22,77.3,two-year,fibre,no,no,no,yes,mailed check,0,no,yes,1,1,1,119,no,south,no
T00891,1,38.4,two-year,none,no,no,no,yes,bank transfer,1,yes,yes,3,2,0,33,no,south,no
T03907,10,69.4,one-year,dsl,no,no,no,yes,card,0,yes,no,1,1,0,28,no,south,no
T06079,8,100.8,one-year,fibre,no,yes,yes,yes,e-check,1,no,yes,1,0,0,94,no,north,yes
T05578,47,49.7,month-to-month,fibre,no,no,no,yes,mailed check,0,yes,no,1,1,1,181,no,north,yes
T02020,35,31.1,month-to-month,fibre,no,yes,yes,yes,card,0,yes,no,0,1,1,93,no,north,no
T05995,22,97.9,two-year,fibre,no,yes,no,yes,mailed check,0,yes,no,1,1,1,60,yes,south,no
T03009,5,59.5,month-to-month,dsl,no,no,no,yes,card,0,yes,no,2,0,1,21,no,south,yes
T00745,10,49.5,month-to-month,dsl,no,no,no,no,e-check,0,no,no,1,0,1,120,no,islands,no
T00662,64,77.9,month-to-month,none,no,no,yes,yes,bank transfer,0,no,no,1,1,0,36,no,centre,yes
T04394,26,20.8,month-to-month,fibre,yes,no,no,no,e-check,0,yes,no,2,0,0,133,no,islands,no
T05208,21,102.4,two-year,dsl,no,no,no,no,mailed check,0,no,no,1,2,0,121,yes,centre,no
T05662,23,39.1,one-year,dsl,no,yes,no,yes,card,1,yes,yes,1,1,1,128,no,south,no
T03103,1,44.3,two-year,fibre,no,no,no,yes,bank transfer,0,no,no,1,0,0,212,no,centre,no
T04956,20,28.2,one-year,dsl,yes,no,no,yes,e-check,0,yes,no,1,3,0,18,no,north,no
T01961,5,52.2,two-year,dsl,yes,yes,yes,no,mailed check,1,no,no,1,0,1,102,no,centre,no
T06863,4,34.6,two-year,fibre,no,yes,yes,no,bank transfer,1,no,no,2,0,0,85,yes,islands,no
T02195,1,86.1,two-year,dsl,no,no,yes,yes,mailed check,0,no,no,1,0,1,21,yes,centre,yes
T00483,1,77.6,one-year,fibre,yes,no,yes,no,bank transfer,0,yes,no,1,0,1,31,no,centre,no
T00334,4,95.4,two-year,fibre,no,no,yes,no,bank transfer,0,yes,yes,1,0,2,158,yes,south,yes
T03452,47,20.9,month-to-month,dsl,yes,no,no,no,e-check,0,no,no,2,0,0,22,no,centre,no
T03501,1,84,two-year,fibre,yes,no,yes,yes,card,0,yes,yes,2,0,0,23,no,centre,no
T00043,6,67.9,one-year,none,no,no,yes,no,e-check,0,no,yes,1,1,0,14,no,centre,no
T05216,79,39.8,month-to-month,none,no,no,yes,yes,e-check,0,no,no,0,4,1,96,no,north,yes
T02600,1,40.4,month-to-month,dsl,no,no,no,no,bank transfer,0,no,no,3,0,1,118,yes,islands,no
T03116,56,87.8,one-year,fibre,no,no,no,no,e-check,0,no,no,1,1,0,281,no,islands,yes
T03911,25,29.6,month-to-month,fibre,no,no,no,yes,mailed check,0,no,no,1,0,2,101,no,south,yes
T03601,155,98,month-to-month,none,no,yes,no,yes,card,1,no,yes,2,0,0,79,no,north,no
T01159,28,24.2,one-year,fibre,yes,yes,no,no,mailed check,0,yes,no,1,2,0,92,yes,centre,no
T04953,13,56.9,one-year,fibre,no,no,yes,yes,bank transfer,1,yes,yes,1,0,0,44,no,north,no
T04937,6,72.7,one-year,dsl,no,no,no,no,card,0,yes,no,2,0,1,184,no,south,no
T04976,8,38.9,month-to-month,fibre,no,no,no,yes,mailed check,0,yes,no,3,0,1,106,no,north,no
T06356,4,46.9,month-to-month,none,yes,yes,yes,yes,card,0,no,yes,1,1,0,75,no,centre,no
T01842,6,77,month-to-month,fibre,no,no,yes,yes,card,0,yes,no,3,0,0,57,no,centre,yes
T05774,38,52.5,two-year,dsl,yes,yes,no,yes,e-check,0,no,no,1,0,1,64,no,south,no
T05797,27,92.4,month-to-month,fibre,no,no,yes,yes,card,0,yes,no,0,0,1,34,no,south,no
T06984,12,79.6,two-year,none,no,yes,yes,no,mailed check,0,no,no,2,0,0,22,no,islands,no
T01919,49,26.1,one-year,none,no,yes,yes,yes,e-check,0,yes,no,2,0,0,124,yes,north,no
T02323,15,77.6,one-year,none,no,yes,yes,no,card,0,no,no,1,3,1,67,no,south,yes
T04257,13,25,month-to-month,fibre,no,no,no,yes,mailed check,0,yes,no,1,1,1,114,no,south,yes
T01076,1,75.1,month-to-month,fibre,no,yes,no,yes,mailed check,0,yes,no,3,1,2,41,no,centre,yes
T06375,53,97.9,month-to-month,dsl,no,no,yes,yes,e-check,0,no,no,2,2,0,8,no,centre,no
T04679,4,49.3,two-year,dsl,no,no,yes,yes,e-check,0,yes,yes,3,1,1,43,yes,centre,yes
T03450,11,44.4,month-to-month,dsl,no,yes,yes,yes,bank transfer,0,no,yes,1,0,2,43,no,centre,yes
T06400,10,82.9,one-year,fibre,no,no,no,yes,mailed check,0,no,no,3,0,0,89,no,centre,no
T04567,17,100.1,two-year,none,no,yes,no,yes,card,0,no,no,0,2,1,50,yes,islands,no
T05302,72,25.9,month-to-month,fibre,yes,yes,no,yes,card,0,yes,no,1,1,0,68,no,north,no
T02061,46,71.1,two-year,dsl,yes,no,no,no,card,0,no,no,0,3,0,109,yes,islands,no
T01794,20,84.8,two-year,none,no,yes,no,yes,bank transfer,0,yes,yes,0,0,0,207,yes,centre,no
T00050,23,23.3,one-year,none,yes,no,no,yes,e-check,0,no,yes,1,2,0,206,no,islands,no
T03075,1,42.8,two-year,dsl,yes,yes,yes,yes,bank transfer,0,yes,no,1,1,0,69,no,north,no
T04695,34,42.8,month-to-month,fibre,no,yes,yes,yes,card,0,no,no,2,0,0,34,no,centre,yes
T05654,14,85.5,month-to-month,fibre,no,no,no,yes,e-check,0,no,no,1,3,0,44,no,centre,no
T00290,9,106.8,month-to-month,none,no,no,yes,yes,bank transfer,0,yes,no,1,0,0,36,no,islands,yes
T06809,24,77.2,month-to-month,fibre,no,no,yes,no,mailed check,1,no,yes,1,0,1,66,no,north,yes
T04872,28,96.9,month-to-month,none,yes,no,no,yes,e-check,0,yes,no,2,1,0,69,no,south,yes
T03816,30,109.4,month-to-month,fibre,no,no,no,yes,card,0,yes,no,0,0,1,7,no,north,yes
T06732,24,68.1,two-year,none,yes,no,no,yes,bank transfer,0,yes,no,1,3,0,82,no,north,no
T02622,57,54.9,month-to-month,fibre,no,yes,no,no,mailed check,1,no,no,1,2,0,62,no,islands,no
T00094,11,100.8,two-year,fibre,no,no,no,yes,mailed check,0,yes,no,1,0,0,62,no,islands,yes
T00268,29,105.2,month-to-month,fibre,yes,yes,no,no,bank transfer,0,no,no,2,2,1,81,no,centre,yes
T04588,76,93,two-year,dsl,no,yes,no,yes,bank transfer,1,no,yes,2,2,1,26,no,north,no
T05911,33,106.9,month-to-month,none,no,yes,yes,no,bank transfer,0,no,no,2,0,1,64,yes,centre,yes
T05105,8,68.5,two-year,dsl,no,yes,yes,yes,e-check,0,yes,no,1,2,0,86,no,south,no
T01210,38,59.1,one-year,dsl,no,yes,no,yes,card,0,no,no,1,0,0,32,yes,south,no
T01843,8,75.7,month-to-month,none,yes,no,yes,no,e-check,1,yes,yes,1,2,1,48,no,south,yes
T00447,2,73.1,two-year,none,no,no,no,yes,e-check,1,yes,no,1,0,1,110,no,centre,no
T02818,58,56.8,month-to-month,fibre,yes,no,yes,no,e-check,1,yes,no,2,1,1,65,no,north,yes
T01416,2,69.2,one-year,fibre,no,no,no,yes,card,1,no,no,1,0,0,18,no,centre,no
T03696,92,81.6,month-to-month,dsl,no,no,no,yes,card,0,no,yes,1,2,0,42,no,islands,no
T03351,8,55.6,month-to-month,fibre,yes,yes,yes,yes,mailed check,0,yes,no,1,0,0,65,no,centre,no
T01677,1,59.8,month-to-month,fibre,yes,no,no,yes,card,1,yes,no,1,3,0,39,no,south,no
T06827,8,83.1,one-year,fibre,no,no,yes,no,mailed check,0,no,no,1,0,1,73,no,south,no
T04096,104,107.7,one-year,none,no,no,yes,yes,bank transfer,0,yes,yes,1,0,2,42,no,islands,no
T00202,28,30.7,one-year,dsl,yes,no,no,yes,mailed check,0,yes,no,2,1,0,66,no,south,no
T02345,30,58.6,month-to-month,none,yes,no,no,yes,card,0,no,no,2,1,2,38,no,centre,yes
T02352,32,92.6,month-to-month,dsl,no,no,no,yes,e-check,0,yes,no,3,0,1,248,no,centre,no
T01680,8,68,month-to-month,none,yes,yes,yes,no,card,0,no,no,3,0,2,54,no,south,no
T03887,16,61,month-to-month,none,no,no,yes,yes,mailed check,0,no,yes,1,1,1,151,no,north,no
T04703,10,26.8,month-to-month,fibre,no,no,yes,yes,e-check,0,yes,yes,1,0,1,192,no,north,yes
T06660,22,68,month-to-month,fibre,no,yes,no,yes,card,1,no,yes,2,1,2,63,no,south,yes
T05865,30,21,one-year,fibre,yes,no,no,no,bank transfer,0,yes,no,1,0,0,88,yes,south,no
T03182,45,66.2,month-to-month,fibre,yes,yes,yes,yes,e-check,0,yes,yes,1,2,0,74,no,south,no
T03775,48,91.8,month-to-month,fibre,no,no,yes,yes,e-check,0,no,yes,0,1,0,65,no,south,yes
T06169,42,43.7,month-to-month,dsl,no,no,yes,yes,bank transfer,0,yes,yes,1,2,0,127,no,centre,yes
T01894,24,50.3,one-year,fibre,no,no,no,yes,mailed check,0,yes,no,1,2,0,17,no,islands,yes
T03719,38,45.5,month-to-month,fibre,no,no,yes,yes,bank transfer,0,no,yes,2,0,0,91,no,north,no
T02708,4,107.7,one-year,none,no,no,yes,no,card,0,yes,no,1,2,0,112,no,south,no
T03944,124,30.1,one-year,dsl,yes,no,yes,no,mailed check,0,no,no,2,0,2,34,yes,south,no
T06998,33,31.2,one-year,dsl,yes,yes,no,no,card,0,yes,yes,0,2,0,43,yes,centre,no
T04877,9,83,one-year,fibre,no,no,no,no,card,0,yes,yes,1,0,0,224,no,islands,no
T05515,12,80.7,one-year,dsl,no,no,no,no,mailed check,0,yes,no,1,0,0,216,yes,south,no
T02054,11,95.2,one-year,none,yes,no,yes,yes,card,0,no,no,2,1,1,26,no,islands,no
T05076,2,41.1,month-to-month,fibre,yes,no,no,yes,mailed check,0,no,no,1,1,0,24,no,islands,no
T06558,10,65.7,month-to-month,fibre,yes,yes,no,yes,bank transfer,0,no,yes,1,0,0,104,no,north,no
T06469,7,73.3,month-to-month,none,no,no,no,yes,bank transfer,1,no,yes,0,1,0,102,no,north,yes
T05477,4,74.6,month-to-month,fibre,no,yes,yes,yes,mailed check,0,no,no,1,0,0,84,yes,south,yes
T02024,4,33.7,one-year,none,yes,yes,no,no,mailed check,0,no,yes,1,2,0,54,no,centre,no
T04172,2,106.1,month-to-month,fibre,yes,yes,no,no,mailed check,0,yes,no,1,1,0,80,no,south,no
T01480,51,74,month-to-month,none,no,no,no,no,card,0,no,yes,0,0,0,127,no,north,no
T04094,23,36.9,one-year,none,no,no,yes,no,card,1,no,yes,1,0,0,66,no,south,no
T02716,6,62.9,month-to-month,none,yes,no,yes,yes,mailed check,0,yes,no,2,1,0,31,yes,centre,no
T05056,24,107.2,one-year,none,no,yes,yes,yes,e-check,0,yes,no,1,0,0,43,yes,centre,no
T01301,34,57.4,one-year,fibre,yes,yes,yes,no,bank transfer,0,no,no,1,1,1,23,no,centre,no
T00262,4,31.7,month-to-month,fibre,no,no,yes,no,e-check,0,yes,no,2,0,0,108,yes,islands,yes
T01358,108,29.2,month-to-month,dsl,yes,no,yes,yes,mailed check,0,yes,no,1,1,1,89,no,north,no
T03616,79,62,two-year,dsl,yes,no,yes,no,bank transfer,0,yes,yes,1,1,0,85,no,islands,no
T06085,53,47.5,month-to-month,dsl,yes,yes,no,no,bank transfer,0,yes,no,1,2,1,222,yes,islands,no
T01966,13,93.5,month-to-month,none,no,yes,yes,yes,e-check,0,no,no,1,0,0,133,yes,north,no
T05802,48,60,two-year,dsl,no,yes,yes,yes,e-check,0,no,no,1,0,1,26,no,islands,yes
T03758,38,96.8,month-to-month,fibre,yes,no,yes,no,card,0,yes,yes,3,0,0,33,no,south,no
T06149,83,36,two-year,dsl,yes,no,no,yes,card,1,no,no,1,1,1,5,no,north,no
T01657,44,27.6,month-to-month,fibre,no,yes,yes,yes,bank transfer,0,yes,yes,2,1,0,36,no,north,no
T01260,16,76.2,one-year,fibre,yes,no,no,yes,e-check,0,yes,yes,1,0,0,129,no,north,yes
T04864,16,109.1,month-to-month,fibre,no,yes,no,yes,bank transfer,0,no,no,3,0,0,32,yes,centre,no
T04507,31,36.3,month-to-month,dsl,no,yes,no,no,bank transfer,0,no,no,1,0,0,43,no,centre,no
T00558,9,70.2,month-to-month,fibre,no,no,no,no,e-check,0,yes,no,1,1,0,97,no,centre,yes
T06027,64,22.2,month-to-month,dsl,no,yes,yes,yes,mailed check,0,yes,yes,0,3,0,116,no,north,no
T05002,2,37.4,month-to-month,dsl,yes,yes,no,yes,card,1,yes,no,1,1,1,18,no,north,no
T02428,25,77.8,two-year,fibre,no,no,no,no,mailed check,0,yes,no,2,0,1,94,no,south,no
T01799,23,24.3,one-year,fibre,yes,no,no,yes,mailed check,0,yes,no,2,0,0,62,no,centre,no
T01600,5,36.3,two-year,none,no,yes,yes,no,e-check,0,yes,no,1,0,0,9,no,centre,no
T00086,13,94.9,two-year,dsl,no,yes,no,yes,card,1,yes,no,1,0,0,53,no,centre,no
T02436,59,58.8,two-year,dsl,no,no,yes,yes,card,0,yes,no,1,1,0,83,no,islands,no
T02466,35,89.6,two-year,fibre,yes,yes,no,yes,bank transfer,0,yes,yes,2,2,1,30,yes,north,no
T00357,1,51.3,month-to-month,dsl,yes,yes,yes,yes,bank transfer,1,yes,yes,1,1,0,75,no,south,no
T06753,30,34.9,one-year,dsl,yes,no,no,yes,mailed check,0,yes,yes,2,0,0,71,no,north,no
T00945,15,21.7,one-year,fibre,yes,yes,no,no,mailed check,0,yes,yes,2,3,0,266,no,islands,no
T00490,32,31.4,two-year,fibre,no,yes,yes,no,card,0,no,yes,2,0,1,54,yes,north,no
T03214,28,78.9,month-to-month,fibre,no,yes,no,yes,card,0,yes,no,2,1,1,87,no,north,yes
T00972,4,58.6,month-to-month,dsl,no,no,no,no,bank transfer,0,no,no,1,0,0,67,yes,south,yes
T02234,16,21.6,month-to-month,fibre,no,no,no,yes,e-check,0,yes,no,1,1,1,33,no,north,yes
T03194,19,89,month-to-month,none,no,no,yes,no,bank transfer,0,no,no,2,1,0,60,no,centre,no
T00301,27,70.5,month-to-month,fibre,yes,no,yes,yes,mailed check,0,no,no,1,1,0,34,no,islands,no
T05296,38,27,month-to-month,fibre,no,no,no,yes,e-check,0,no,no,1,0,1,17,no,north,yes
T00968,2,76.9,month-to-month,none,no,no,no,no,mailed check,0,no,no,2,0,1,15,yes,south,no
T00867,3,102.7,month-to-month,none,no,yes,yes,yes,card,0,no,no,1,0,1,35,no,north,yes
T00591,55,36.5,one-year,fibre,no,yes,yes,no,e-check,0,no,no,1,0,1,90,no,islands,no
T02141,87,66.7,one-year,none,no,no,yes,yes,e-check,1,no,yes,2,3,1,107,yes,islands,yes
T04686,26,25,two-year,dsl,no,no,no,yes,mailed check,0,yes,no,1,0,0,133,yes,centre,no
T01484,10,27.8,one-year,none,yes,no,yes,yes,e-check,0,yes,no,1,1,1,89,no,islands,no
T03455,1,102.7,month-to-month,fibre,no,no,yes,yes,bank transfer,0,yes,no,1,1,0,43,no,south,yes
T00373,4,92.6,month-to-month,dsl,no,no,no,yes,card,0,no,no,1,2,1,9,yes,islands,yes
T04258,10,107.4,two-year,fibre,no,yes,no,yes,e-check,1,no,no,3,0,0,115,yes,north,no
T02067,74,33.9,two-year,none,no,no,yes,no,mailed check,0,yes,no,1,1,0,95,no,islands,no
T00172,8,43.1,two-year,fibre,yes,no,no,yes,bank transfer,0,yes,no,1,0,1,43,no,north,no
T02306,36,78.8,month-to-month,fibre,yes,no,yes,yes,bank transfer,1,yes,yes,1,0,0,56,no,south,no
T01718,12,98.4,month-to-month,none,no,no,no,no,mailed check,0,no,yes,1,2,0,187,no,south,yes
T05854,9,27.3,one-year,none,no,no,yes,yes,mailed check,0,yes,no,3,1,0,95,yes,islands,no
T05697,75,84.4,one-year,none,no,no,no,yes,e-check,1,yes,yes,2,0,1,65,no,centre,no
T01995,3,48.6,month-to-month,fibre,no,no,no,yes,bank transfer,0,yes,yes,1,0,1,58,no,south,no
T00743,13,32.8,one-year,dsl,no,yes,yes,yes,card,0,yes,yes,1,1,0,114,no,centre,no
T02836,5,94.1,month-to-month,dsl,no,yes,no,yes,e-check,0,yes,no,0,0,1,98,no,south,yes
T01142,5,61.8,month-to-month,dsl,no,yes,yes,yes,card,0,no,no,1,1,0,112,no,centre,no
T01115,7,108.8,month-to-month,none,no,yes,no,yes,card,0,no,yes,1,1,2,43,yes,centre,yes
T01008,37,73.6,month-to-month,none,no,yes,no,yes,mailed check,0,no,yes,1,0,1,73,yes,south,no
T04628,5,68.8,month-to-month,fibre,no,no,yes,no,card,0,yes,yes,1,0,2,101,no,islands,yes
T01228,144,89.7,two-year,none,no,yes,yes,yes,e-check,0,no,yes,2,0,0,17,no,islands,no
T02159,41,97.3,one-year,none,yes,no,yes,no,e-check,0,no,yes,3,0,1,15,no,south,no
T02888,7,65.9,one-year,dsl,no,no,yes,no,bank transfer,0,no,no,1,0,0,87,yes,south,no
T06965,49,61.3,month-to-month,dsl,yes,no,yes,no,e-check,0,yes,no,1,0,0,99,yes,centre,yes
T01324,32,98.7,month-to-month,none,yes,no,yes,yes,card,0,no,yes,1,0,2,59,no,south,no
T03996,10,70.3,two-year,none,no,yes,yes,yes,mailed check,0,yes,no,1,0,2,90,no,centre,no
T05628,36,51.5,month-to-month,dsl,no,no,no,yes,bank transfer,0,yes,no,2,0,0,48,no,islands,no
T06527,28,55.9,two-year,dsl,no,no,no,no,card,0,no,no,0,2,0,35,no,islands,no
T02559,9,45.2,two-year,none,no,yes,yes,yes,card,0,no,no,2,0,0,117,no,south,no
T03119,26,40.6,month-to-month,fibre,no,no,yes,no,card,0,no,no,2,0,0,99,yes,north,no
T01528,37,45.4,month-to-month,dsl,no,yes,no,yes,card,1,yes,no,1,0,1,111,no,south,yes
T01112,22,109.2,month-to-month,fibre,no,no,yes,yes,e-check,0,no,no,1,2,0,50,no,centre,yes
T03500,21,38.9,month-to-month,fibre,yes,yes,yes,yes,e-check,1,yes,no,0,0,0,108,no,islands,yes
T06550,14,88.4,month-to-month,fibre,yes,yes,yes,yes,mailed check,1,no,yes,1,0,1,18,no,south,yes
T06186,10,95.9,two-year,fibre,no,yes,no,yes,mailed check,0,yes,yes,2,0,0,32,yes,centre,no
T02862,12,104.8,month-to-month,dsl,no,no,no,yes,mailed check,1,yes,yes,1,0,0,41,yes,north,yes
T05690,16,76.3,two-year,dsl,no,no,yes,no,mailed check,0,no,no,2,2,0,20,no,south,no
T01192,36,38.2,month-to-month,dsl,yes,yes,yes,yes,bank transfer,0,no,no,1,1,0,80,no,north,no
T00386,31,58.2,one-year,fibre,no,no,no,yes,e-check,0,yes,no,1,1,1,122,no,centre,no
T06269,218,89.8,two-year,dsl,yes,no,yes,no,card,0,no,no,3,0,0,116,no,north,no
T04710,9,89.6,two-year,dsl,no,yes,no,yes,card,0,no,no,1,0,0,190,no,south,no
T06764,25,95.1,one-year,fibre,no,no,yes,yes,e-check,0,no,no,1,1,0,16,yes,islands,no
T03036,58,58.7,two-year,fibre,no,yes,no,no,card,0,yes,yes,1,4,1,89,no,south,no
T06410,18,80.4,two-year,fibre,no,no,yes,yes,bank transfer,1,yes,no,1,1,0,59,no,islands,no
T01720,9,64.5,two-year,dsl,no,no,yes,no,card,0,no,yes,1,0,0,109,no,north,no
T03443,1,91.9,two-year,fibre,no,no,yes,no,card,1,no,yes,1,0,1,120,no,islands,no
T04638,4,49,month-to-month,fibre,yes,yes,no,no,bank transfer,1,no,yes,1,0,3,50,yes,centre,no
T01736,38,100.5,month-to-month,fibre,no,no,no,no,e-check,0,yes,no,3,2,1,237,no,south,yes
T06868,10,80.8,month-to-month,fibre,no,no,yes,no,card,0,no,no,1,0,0,81,no,centre,no
T01691,14,78.5,month-to-month,fibre,no,no,yes,yes,card,0,yes,no,1,0,0,81,no,centre,yes
T05722,86,46,one-year,fibre,no,yes,yes,no,bank transfer,0,yes,no,1,1,1,67,no,north,no
T05823,3,93.5,month-to-month,fibre,yes,no,no,no,mailed check,0,yes,no,2,0,0,95,no,north,yes
T05841,66,54.3,month-to-month,dsl,no,yes,yes,no,card,0,yes,no,2,0,1,88,no,centre,no
T05776,10,98.4,month-to-month,none,no,no,yes,yes,e-check,0,yes,no,1,1,0,14,no,north,no
T03708,4,106.3,two-year,fibre,no,no,no,yes,bank transfer,0,no,no,1,0,0,33,no,islands,no
T01759,100,22.8,month-to-month,dsl,no,no,no,no,bank transfer,1,no,yes,3,0,0,32,yes,south,no
T04520,45,72,month-to-month,fibre,no,no,yes,no,bank transfer,0,no,no,1,1,2,76,no,north,yes
T03630,18,105,one-year,fibre,yes,no,no,yes,card,0,no,no,2,0,0,148,no,islands,yes
T03588,26,70.7,month-to-month,none,no,no,yes,yes,mailed check,0,yes,yes,1,2,0,121,no,centre,no
T06708,30,35.6,month-to-month,none,yes,yes,yes,yes,bank transfer,0,yes,no,2,1,0,95,no,islands,no
T06419,3,91.3,two-year,none,no,yes,no,yes,card,0,yes,yes,3,0,0,122,no,islands,no
T01037,1,40.5,one-year,fibre,yes,no,yes,no,mailed check,1,yes,no,1,2,0,245,yes,south,yes
T06854,4,71.7,month-to-month,none,no,yes,yes,yes,bank transfer,0,yes,no,1,3,1,82,yes,south,yes
T06531,43,99.7,one-year,dsl,yes,yes,yes,yes,mailed check,0,no,no,2,3,2,66,no,south,no
T05110,30,49.6,month-to-month,fibre,no,no,yes,yes,bank transfer,0,yes,no,2,0,0,58,yes,islands,no
T00601,1,99.3,month-to-month,fibre,yes,no,no,yes,card,0,no,no,0,0,1,16,no,islands,no
T00291,30,40.4,two-year,dsl,no,yes,yes,yes,e-check,0,no,no,1,0,0,136,no,centre,no
T03741,28,68.1,two-year,fibre,yes,no,yes,yes,mailed check,1,yes,no,1,0,0,6,no,north,no
T05422,8,101.4,one-year,fibre,no,yes,no,no,card,1,no,no,1,0,2,43,yes,south,yes
T01106,6,82.4,month-to-month,dsl,no,no,no,no,card,0,no,no,2,3,0,34,no,south,no
T01648,7,61.8,one-year,fibre,no,no,yes,yes,mailed check,0,no,no,2,1,1,193,no,centre,no
T05883,33,56.1,one-year,none,no,no,yes,yes,card,0,no,yes,2,1,0,33,no,south,no
T03914,41,102.6,one-year,dsl,yes,no,yes,yes,e-check,0,no,no,2,3,1,224,no,centre,no
T04446,72,20.2,month-to-month,none,yes,no,yes,yes,bank transfer,0,no,no,2,1,3,68,no,south,no
T03297,31,63.4,month-to-month,fibre,no,yes,yes,no,bank transfer,0,yes,no,2,0,0,26,no,north,yes
T03862,28,25,month-to-month,dsl,yes,yes,no,yes,mailed check,0,yes,no,1,0,1,65,no,south,no
T03786,32,27.8,month-to-month,none,yes,no,yes,no,e-check,0,no,no,2,0,1,38,no,islands,no
T06049,16,38.5,month-to-month,none,no,yes,no,no,e-check,0,no,no,2,1,0,32,no,islands,yes
T06511,12,108.1,one-year,fibre,no,no,yes,no,e-check,1,yes,no,2,0,0,96,no,islands,yes
T00085,83,40.6,one-year,dsl,yes,no,yes,yes,bank transfer,0,yes,no,1,2,0,31,yes,islands,no
T06267,82,48.7,two-year,fibre,no,yes,no,no,card,0,no,no,2,0,0,66,no,south,no
T05492,57,54.3,month-to-month,none,no,no,no,yes,bank transfer,0,no,yes,1,0,0,67,no,north,no
T04754,1,21.3,month-to-month,fibre,no,yes,no,yes,bank transfer,0,no,no,1,1,0,44,no,south,yes
T01240,38,104.8,month-to-month,dsl,yes,no,no,yes,mailed check,0,no,yes,2,1,0,25,no,islands,no
T00652,23,58.5,month-to-month,none,no,no,yes,yes,e-check,1,yes,no,2,2,0,67,yes,north,yes
T04439,18,79.7,two-year,fibre,yes,yes,no,yes,e-check,0,yes,no,0,1,0,195,no,south,no
T05024,94,87.4,month-to-month,fibre,no,no,no,no,e-check,0,no,no,1,2,2,114,no,islands,yes
T03528,13,92.7,month-to-month,fibre,no,yes,no,yes,card,0,no,no,0,1,0,43,no,islands,yes
T01090,17,73.5,two-year,dsl,yes,no,yes,no,mailed check,0,no,yes,2,2,0,30,no,islands,no
T06442,37,71.7,two-year,dsl,yes,no,yes,yes,e-check,0,no,no,2,2,1,48,no,north,no
T02788,9,58,one-year,dsl,no,no,yes,no,e-check,0,yes,no,2,0,0,94,no,islands,no
T04982,72,106.7,month-to-month,fibre,no,yes,yes,yes,e-check,0,no,yes,1,0,2,37,no,south,yes
T03257,16,20.9,one-year,fibre,no,no,no,yes,e-check,0,yes,no,2,0,0,112,yes,centre,no
T02367,15,105.9,one-year,none,no,yes,yes,yes,card,1,yes,no,2,2,1,57,no,islands,yes
T06880,6,50.4,one-year,dsl,yes,no,yes,yes,mailed check,0,no,no,1,0,1,138,no,south,no
T06343,16,108.1,one-year,fibre,no,yes,yes,yes,card,0,yes,yes,2,0,0,74,no,north,no
T06213,20,90.4,month-to-month,fibre,no,no,yes,yes,mailed check,0,yes,no,0,1,0,72,yes,islands,no
T06476,7,23.1,month-to-month,dsl,no,yes,no,yes,bank transfer,0,no,yes,1,2,0,87,no,north,yes
T06230,48,76.9,two-year,fibre,no,yes,yes,yes,card,1,yes,no,1,2,0,40,no,islands,no
T02033,97,106.1,month-to-month,fibre,no,no,yes,yes,e-check,1,yes,no,1,0,0,30,no,centre,yes
T00146,30,104.9,month-to-month,dsl,no,no,no,no,e-check,0,yes,no,2,3,0,32,no,islands,yes
T03814,16,93.7,month-to-month,dsl,no,no,no,no,card,0,yes,no,2,1,0,24,yes,islands,yes
T06484,3,105.3,one-year,fibre,yes,yes,yes,yes,card,0,yes,no,2,2,0,71,no,south,yes
T06455,23,40.3,two-year,fibre,yes,no,yes,no,card,0,no,no,0,0,0,43,yes,south,no
T02946,16,86.3,month-to-month,fibre,yes,yes,no,yes,e-check,0,yes,no,3,1,0,225,yes,south,no
T03314,131,30,month-to-month,none,no,no,no,no,mailed check,0,yes,no,2,1,1,49,no,north,no
T00058,3,79.9,one-year,none,no,no,yes,yes,e-check,0,no,no,2,1,0,89,no,islands,no
T00486,43,107.7,month-to-month,dsl,no,no,no,yes,card,0,yes,no,2,0,0,109,no,centre,no
T02686,9,23.9,two-year,fibre,no,yes,yes,yes,e-check,0,no,no,0,0,0,46,no,north,no
T05317,26,50.7,month-to-month,dsl,no,no,yes,yes,mailed check,1,yes,yes,1,0,0,39,no,north,no
T04993,47,59.9,month-to-month,dsl,no,yes,yes,no,e-check,0,no,no,1,1,1,135,no,south,no
T01630,18,104.4,one-year,fibre,yes,no,no,no,mailed check,0,yes,no,1,1,0,44,no,south,no
T04078,18,28.5,one-year,fibre,no,no,no,yes,mailed check,0,no,yes,0,0,0,56,no,centre,no
T06188,4,104.4,month-to-month,fibre,yes,yes,yes,yes,mailed check,0,no,no,2,2,0,98,no,islands,no
T01344,13,58.1,one-year,dsl,no,no,no,no,bank transfer,0,no,yes,2,0,0,48,no,north,no
T03798,81,72,one-year,dsl,no,no,no,yes,card,0,yes,no,2,1,0,18,no,islands,no
T04899,62,23.5,two-year,none,no,yes,yes,yes,mailed check,0,no,no,1,1,0,100,no,islands,no
T04276,24,63.1,one-year,fibre,yes,no,no,no,mailed check,0,no,no,1,0,1,69,no,north,no
T03570,19,42.3,two-year,none,no,yes,no,no,bank transfer,0,yes,yes,2,0,0,128,no,south,no
T03821,59,95,month-to-month,none,no,no,no,no,card,0,yes,no,1,0,2,127,no,south,yes
T03504,58,48.9,month-to-month,fibre,no,no,yes,no,bank transfer,0,yes,yes,1,1,0,139,no,north,no
T06818,22,69.3,one-year,fibre,no,no,no,yes,card,0,yes,no,0,1,0,337,no,south,no
T05969,37,25.1,month-to-month,fibre,yes,no,yes,no,card,1,yes,yes,1,0,0,57,no,centre,no
T05859,56,49.6,month-to-month,none,no,yes,yes,no,mailed check,0,no,no,2,0,0,50,no,south,no
T02813,47,40.5,two-year,none,no,yes,no,no,bank transfer,0,yes,no,1,0,2,60,no,centre,no
T06605,77,64.3,month-to-month,none,no,no,yes,yes,card,0,no,no,1,3,0,207,yes,north,no
T06942,9,74.5,month-to-month,fibre,no,no,yes,no,mailed check,1,yes,no,0,0,1,37,no,north,yes
T01690,17,97.1,two-year,dsl,yes,no,no,yes,bank transfer,1,yes,yes,3,0,0,70,no,islands,no
T03008,26,39.3,two-year,none,no,no,no,no,bank transfer,0,yes,no,2,2,0,76,no,centre,no
T01698,30,48.9,two-year,fibre,no,no,no,no,bank transfer,0,no,yes,1,0,1,91,no,centre,no
T01013,30,65,one-year,dsl,yes,no,yes,no,e-check,0,no,yes,2,2,0,71,no,south,no
T03997,4,84.2,month-to-month,dsl,no,no,no,yes,e-check,0,no,no,1,0,1,12,no,centre,no
T01527,46,57,one-year,none,no,no,yes,yes,card,0,yes,no,3,0,0,76,yes,south,no
T03898,10,84.3,month-to-month,dsl,no,no,yes,no,bank transfer,0,no,no,1,1,0,76,no,centre,no
T04118,12,28.9,month-to-month,dsl,no,no,yes,no,card,0,no,no,1,0,0,94,no,south,no
T04654,35,27.6,month-to-month,dsl,no,no,yes,yes,bank transfer,1,yes,yes,2,0,0,14,yes,islands,yes
T04435,6,56.8,month-to-month,dsl,no,yes,yes,yes,bank transfer,0,no,no,0,0,1,123,no,north,no
T06495,13,76.1,month-to-month,none,no,no,no,yes,mailed check,1,no,no,3,2,0,105,no,north,no
T04641,8,32,two-year,fibre,yes,no,no,no,card,0,no,yes,2,0,0,63,yes,south,no
T05144,76,102.3,month-to-month,fibre,no,no,yes,yes,card,0,no,no,1,0,0,58,no,south,no
T05257,80,59.9,month-to-month,dsl,no,yes,no,no,e-check,0,yes,no,1,1,0,56,yes,south,no
T00911,21,84.9,month-to-month,dsl,no,no,yes,no,e-check,0,no,no,2,0,0,80,no,islands,no
T00098,17,55.1,month-to-month,fibre,no,yes,no,no,bank transfer,0,yes,no,3,1,0,35,no,islands,yes
T02190,70,47.4,month-to-month,dsl,no,no,yes,yes,card,1,yes,no,1,0,0,20,yes,north,no
T01479,24,75.5,one-year,fibre,no,yes,yes,yes,mailed check,0,no,no,2,1,0,62,no,south,no
T05250,13,92.3,month-to-month,dsl,no,no,yes,no,e-check,1,no,no,1,1,0,39,no,centre,no
T01493,9,71.6,one-year,dsl,no,yes,yes,yes,mailed check,0,yes,yes,1,2,0,67,no,south,no
T00515,21,47.8,month-to-month,fibre,no,no,no,no,e-check,0,no,yes,2,0,1,7,no,south,yes
T00127,12,68.2,month-to-month,none,no,no,yes,no,mailed check,0,yes,no,0,0,0,21,no,south,no
T06015,13,75.8,month-to-month,fibre,no,no,no,yes,bank transfer,0,no,no,0,0,1,100,no,south,no
T01782,12,95.5,month-to-month,fibre,yes,no,no,no,e-check,0,no,no,1,0,0,250,no,islands,no
T04022,12,28.4,month-to-month,none,yes,yes,yes,yes,card,0,no,no,1,0,1,24,no,islands,no
T06913,6,92.7,one-year,none,no,no,no,no,e-check,0,yes,yes,1,1,1,135,yes,islands,no
T02527,5,27,one-year,fibre,no,no,no,no,mailed check,0,no,yes,1,1,1,49,no,north,no
T02835,23,93.8,one-year,dsl,yes,yes,yes,yes,card,0,no,no,2,1,1,34,yes,south,no
T01823,1,104.7,one-year,fibre,yes,yes,yes,no,card,0,yes,no,1,0,0,50,no,centre,no
T02749,18,39.6,two-year,none,yes,no,no,yes,card,0,no,no,1,2,1,95,no,north,no
T01387,12,29.6,month-to-month,fibre,no,yes,yes,no,mailed check,0,no,no,3,1,0,61,no,south,yes
T04151,5,27.6,month-to-month,fibre,no,no,no,no,bank transfer,0,yes,no,3,1,1,115,no,centre,yes
T06668,12,27,month-to-month,fibre,yes,yes,no,yes,card,0,yes,yes,1,1,0,91,no,islands,no
T03234,5,71.4,two-year,none,no,no,yes,no,card,0,yes,yes,2,0,0,44,no,south,no
T02419,20,44.6,two-year,fibre,no,yes,no,no,card,1,no,no,1,2,3,142,no,north,no
T03132,4,73.1,one-year,fibre,no,no,no,no,e-check,0,yes,no,1,1,1,166,no,centre,yes
T00630,12,47.7,month-to-month,dsl,no,no,no,yes,mailed check,0,no,yes,2,0,1,87,no,centre,yes
T04866,22,101.7,month-to-month,fibre,no,no,yes,yes,card,0,no,no,1,0,1,119,yes,north,no
T03143,12,95.4,two-year,dsl,no,no,no,no,mailed check,0,yes,no,1,2,1,60,no,centre,no
T01819,41,37.7,two-year,dsl,no,no,yes,yes,card,0,yes,yes,2,1,0,181,no,islands,no
T01754,5,43.8,one-year,dsl,yes,no,no,no,e-check,0,yes,no,0,0,0,65,no,centre,no
T01697,16,73.2,two-year,fibre,no,no,yes,yes,mailed check,0,no,yes,3,0,0,63,no,islands,no
T06972,5,106,one-year,dsl,yes,no,yes,no,bank transfer,0,yes,no,2,2,0,95,no,north,no
T06907,24,62.6,month-to-month,dsl,no,yes,no,no,card,0,no,no,3,1,0,123,yes,north,no
T04833,1,21.9,month-to-month,dsl,no,yes,no,yes,e-check,0,yes,no,2,0,0,86,no,north,no
T06139,55,54.9,month-to-month,dsl,no,no,no,yes,e-check,0,no,no,1,0,0,46,yes,north,no
T04468,25,91.1,month-to-month,none,yes,yes,yes,no,bank transfer,0,no,no,2,1,0,44,no,islands,no
T03026,4,35.2,month-to-month,none,no,no,yes,no,e-check,0,no,no,3,0,0,147,yes,islands,yes
T02968,7,39.3,month-to-month,fibre,no,no,yes,no,card,1,yes,yes,2,1,0,11,no,north,yes
T01248,4,46.8,one-year,fibre,yes,yes,no,no,mailed check,0,yes,no,1,1,0,48,no,north,no
T00629,75,56.1,one-year,fibre,no,no,no,no,e-check,1,yes,no,1,0,0,41,no,south,no
T02150,47,31,one-year,fibre,yes,no,yes,no,bank transfer,0,no,yes,1,2,1,55,no,centre,no
T05219,13,106.1,one-year,dsl,no,yes,yes,yes,card,0,yes,no,1,1,0,88,yes,south,no
T00283,12,60.3,one-year,fibre,no,yes,yes,no,mailed check,1,no,yes,0,1,0,75,no,south,no
T01222,37,25.5,month-to-month,fibre,yes,yes,no,no,bank transfer,0,yes,yes,3,0,0,9,yes,centre,no
T04011,65,68.9,month-to-month,dsl,no,yes,no,no,e-check,0,yes,no,2,2,0,57,yes,centre,no
T02467,10,79.9,one-year,fibre,yes,no,yes,no,mailed check,0,yes,no,1,0,1,12,no,north,no
T01063,27,93.8,month-to-month,fibre,yes,no,no,no,e-check,0,no,no,0,0,0,55,no,islands,no
T03838,111,61.5,month-to-month,dsl,yes,no,yes,no,mailed check,0,no,yes,2,3,1,30,no,south,no
T05349,18,93.2,month-to-month,fibre,yes,no,no,yes,bank transfer,0,no,no,0,1,1,49,no,north,yes
T02892,30,49,one-year,none,yes,no,no,yes,mailed check,0,yes,yes,2,3,0,21,no,islands,no
T01472,18,103.2,month-to-month,dsl,no,yes,yes,no,card,0,no,yes,1,0,0,179,yes,islands,no
T03196,13,31.7,month-to-month,dsl,yes,no,no,yes,bank transfer,0,yes,no,0,0,1,29,no,centre,no
T02439,112,86.2,two-year,none,no,no,yes,no,bank transfer,0,no,no,3,1,0,158,no,south,no
T06850,92,42.7,month-to-month,fibre,yes,no,no,no,card,0,yes,no,2,0,0,38,yes,islands,no
T05773,8,65.8,month-to-month,dsl,no,yes,no,no,e-check,0,no,no,1,1,0,26,no,centre,no
T04688,1,21.4,two-year,none,no,no,yes,yes,bank transfer,0,yes,yes,3,3,0,40,no,north,no
T02890,5,101.8,month-to-month,dsl,yes,yes,yes,yes,bank transfer,0,yes,yes,1,1,1,96,no,south,no
T05772,23,109.8,month-to-month,fibre,no,no,no,yes,e-check,0,yes,no,2,0,1,94,no,islands,yes
T03146,11,58.2,month-to-month,fibre,yes,yes,no,yes,e-check,0,no,no,1,0,0,107,no,north,no
T02346,19,30.2,month-to-month,none,no,no,yes,yes,bank transfer,0,yes,no,0,0,1,36,yes,islands,no
T03805,23,58,two-year,fibre,no,no,yes,yes,e-check,0,no,yes,1,2,0,78,no,south,no
T02942,8,98.5,one-year,fibre,no,yes,no,no,bank transfer,1,yes,no,1,2,2,125,no,islands,no
T02866,15,109.3,one-year,fibre,no,no,yes,yes,e-check,0,no,no,2,1,0,41,no,centre,no
T01017,68,96.9,month-to-month,dsl,no,no,yes,no,card,0,no,yes,3,1,0,16,no,centre,yes
T06509,74,50.3,month-to-month,fibre,yes,no,no,yes,e-check,0,no,no,1,1,1,133,no,south,no
T04437,14,76.2,month-to-month,fibre,no,no,no,yes,e-check,0,yes,no,1,0,0,54,no,islands,yes
T02454,34,29.7,month-to-month,fibre,no,no,yes,no,card,0,yes,no,1,1,1,169,no,north,no
T04763,64,53.2,month-to-month,fibre,no,no,yes,yes,mailed check,0,yes,yes,3,1,0,1,no,centre,no
T03220,8,25.1,one-year,dsl,no,no,no,no,bank transfer,0,yes,no,3,0,0,81,yes,north,no
T02485,109,49.9,month-to-month,fibre,yes,no,yes,yes,e-check,0,yes,yes,1,2,0,103,no,north,yes
T06722,7,35,one-year,dsl,no,no,yes,no,card,0,no,no,1,0,0,81,no,centre,no
T00129,17,94.7,month-to-month,fibre,yes,no,yes,no,e-check,0,no,no,2,0,0,35,no,islands,no
T05593,24,62.5,two-year,fibre,yes,no,no,no,card,0,yes,no,1,1,1,16,no,centre,no
T04234,3,38.6,month-to-month,dsl,no,yes,no,yes,e-check,1,yes,no,1,3,1,36,no,centre,yes
T05635,43,41.7,month-to-month,fibre,no,no,yes,yes,card,0,yes,yes,1,1,0,40,yes,south,no
T01168,13,74.3,month-to-month,fibre,no,no,yes,yes,e-check,0,yes,no,0,2,0,10,no,centre,no
T00264,2,50.9,one-year,fibre,yes,yes,no,no,card,0,no,no,1,0,1,35,no,centre,no
T01325,79,81.3,one-year,dsl,no,yes,no,no,bank transfer,0,no,yes,1,3,0,171,no,centre,no
T05142,69,86.8,two-year,fibre,no,yes,yes,yes,e-check,1,no,no,2,2,0,85,no,south,no
T05018,13,108.5,month-to-month,dsl,no,yes,no,no,bank transfer,1,no,no,1,1,0,25,no,centre,no
T00381,15,37,month-to-month,dsl,yes,no,yes,no,card,0,yes,yes,3,3,1,89,no,south,yes
T01234,65,51.1,month-to-month,dsl,yes,no,no,yes,bank transfer,0,no,no,0,1,0,39,no,islands,no
T00784,59,86.2,one-year,fibre,yes,no,no,no,e-check,0,yes,no,2,0,0,59,no,islands,no
T03828,16,79.3,month-to-month,none,no,no,yes,no,mailed check,0,yes,no,1,1,0,85,no,islands,no
T00319,14,98.9,two-year,dsl,no,no,no,yes,e-check,0,no,no,1,0,0,44,no,centre,no
T03793,23,60,month-to-month,dsl,yes,no,yes,yes,card,0,no,no,0,0,0,46,no,islands,no
T02246,19,56.8,month-to-month,fibre,no,yes,no,yes,bank transfer,0,yes,no,3,0,0,127,no,islands,no
T02217,10,50.1,month-to-month,fibre,no,yes,no,yes,card,0,yes,no,2,1,0,100,no,north,no
T03300,9,86.6,two-year,fibre,no,yes,no,yes,card,1,no,no,1,0,0,41,no,south,yes
T04353,10,103.3,one-year,dsl,yes,yes,no,yes,bank transfer,0,yes,no,0,0,0,192,no,islands,no
T02429,13,80.8,two-year,dsl,no,yes,yes,no,mailed check,0,no,no,2,0,2,134,no,north,no
T02658,1,47.6,month-to-month,fibre,no,no,yes,no,e-check,0,yes,no,1,1,0,113,no,centre,yes
T00642,18,43.6,month-to-month,fibre,no,no,yes,no,e-check,0,no,no,2,1,0,37,no,south,yes
T00781,18,58.2,month-to-month,dsl,yes,no,no,yes,bank transfer,0,yes,no,1,0,0,39,no,centre,no
T04339,1,32.7,month-to-month,fibre,yes,no,no,yes,e-check,0,yes,no,2,0,2,20,no,north,no
T06485,5,92.9,month-to-month,dsl,yes,no,yes,yes,e-check,0,no,yes,2,1,0,96,no,islands,no
T06286,6,57.2,month-to-month,fibre,no,no,no,yes,mailed check,1,no,yes,2,2,0,31,no,centre,yes
T06030,9,52.5,one-year,fibre,yes,no,no,yes,bank transfer,0,yes,yes,1,1,0,71,no,north,no
T05432,12,108.4,one-year,dsl,no,no,no,yes,card,1,no,yes,1,2,1,138,yes,north,yes
T06707,16,63.9,two-year,none,no,no,no,yes,mailed check,1,yes,no,3,0,1,142,no,islands,yes
T03866,7,105.3,one-year,dsl,yes,yes,no,yes,mailed check,0,yes,yes,1,3,0,64,no,north,yes
T03211,14,54.9,month-to-month,dsl,no,yes,yes,yes,e-check,0,no,yes,2,1,2,171,no,islands,yes
T01451,7,62,month-to-month,dsl,no,yes,yes,no,e-check,0,no,no,0,1,0,79,no,south,no
T06117,1,106.6,one-year,fibre,yes,no,no,no,card,0,yes,no,1,0,1,255,no,south,yes
T00149,11,33.7,one-year,dsl,yes,no,no,yes,mailed check,0,no,yes,3,1,1,158,yes,north,yes
T01133,10,96.4,month-to-month,none,yes,yes,yes,yes,card,0,no,yes,2,0,0,40,yes,south,no
T02241,46,80.2,two-year,dsl,yes,yes,yes,no,mailed check,0,yes,no,2,0,1,23,no,centre,no
T02507,3,34.9,one-year,none,no,no,yes,yes,mailed check,0,yes,no,3,1,0,118,no,islands,no
T00514,20,54.3,month-to-month,none,no,no,yes,no,mailed check,0,no,no,0,1,1,60,no,north,no
T01225,18,89,two-year,fibre,yes,no,no,no,e-check,0,yes,no,2,1,0,44,no,north,no
T05613,32,75.8,month-to-month,dsl,no,no,yes,no,mailed check,0,yes,no,2,1,1,151,yes,south,no
T01036,26,54.3,month-to-month,fibre,no,no,no,no,card,0,no,no,2,1,0,47,yes,islands,no
T04310,96,70.5,month-to-month,none,yes,yes,yes,yes,bank transfer,0,yes,no,1,1,3,59,yes,north,no
T00722,3,37.7,one-year,fibre,no,yes,no,no,e-check,0,no,yes,1,0,0,182,no,centre,no
T03335,13,107.8,month-to-month,none,yes,yes,yes,yes,mailed check,0,no,no,1,1,0,9,yes,south,no
T04569,1,45.4,month-to-month,dsl,no,no,no,no,mailed check,0,yes,no,2,0,1,80,no,north,no
T01176,25,70.2,month-to-month,none,no,yes,no,yes,bank transfer,0,no,no,1,2,0,14,yes,centre,yes
T03681,2,36,month-to-month,dsl,no,no,no,yes,mailed check,0,yes,no,1,0,1,43,yes,south,no
T00724,26,76.4,month-to-month,dsl,yes,yes,yes,yes,bank transfer,0,yes,yes,2,1,0,32,yes,north,yes
T04165,32,52,month-to-month,fibre,yes,no,no,yes,card,0,yes,no,1,0,0,21,no,centre,no
T00871,17,80.2,month-to-month,dsl,no,no,yes,yes,bank transfer,1,no,no,1,0,1,57,no,centre,no
T01688,28,73.9,one-year,fibre,no,no,yes,yes,bank transfer,0,yes,yes,0,1,1,152,no,centre,yes
T05814,89,50.1,month-to-month,dsl,yes,no,yes,no,bank transfer,0,no,no,1,1,1,128,no,south,no
T00028,6,30.6,month-to-month,dsl,yes,no,no,yes,card,0,no,no,3,2,0,11,no,south,no
T02965,47,37.6,month-to-month,fibre,no,no,no,no,bank transfer,0,no,no,2,0,1,35,no,south,no
T01369,3,88.1,two-year,dsl,no,no,yes,no,card,0,yes,no,1,1,0,27,no,centre,no
T04963,121,77.7,one-year,none,no,no,yes,no,bank transfer,0,yes,no,1,0,0,74,no,centre,no
T01727,47,97.1,month-to-month,dsl,no,no,no,yes,card,0,yes,no,2,0,0,49,no,islands,no
T05453,56,86.8,month-to-month,dsl,yes,yes,no,yes,card,0,no,no,2,0,0,82,no,islands,no
T01973,7,38.3,month-to-month,fibre,no,no,no,yes,bank transfer,0,no,no,0,0,0,71,no,south,no
T04214,41,41.7,month-to-month,none,no,no,yes,yes,card,0,yes,no,2,2,1,13,no,south,no
T06390,85,50.4,month-to-month,dsl,no,yes,no,no,card,0,no,no,2,0,0,47,no,islands,yes
T04505,1,107.6,one-year,dsl,no,yes,yes,yes,mailed check,0,no,no,1,0,1,6,no,islands,no
T03081,39,48.1,one-year,fibre,yes,no,no,yes,e-check,0,no,no,0,2,0,11,no,north,no
T05239,28,64.1,month-to-month,fibre,no,no,yes,yes,bank transfer,0,no,no,1,1,0,142,no,centre,no
T04062,28,85,one-year,fibre,no,no,yes,no,e-check,0,yes,no,1,0,0,79,no,north,yes
T04527,27,69.7,month-to-month,fibre,yes,no,yes,no,card,0,no,yes,3,0,0,107,no,south,yes
T00260,4,71,month-to-month,dsl,no,yes,yes,yes,card,0,yes,yes,1,1,0,130,no,centre,no
T06692,160,108.2,one-year,fibre,no,no,no,yes,mailed check,0,no,yes,1,3,0,20,yes,north,no
T00029,3,68.5,two-year,fibre,yes,no,yes,yes,bank transfer,0,yes,no,3,2,0,70,yes,islands,no
T04631,9,80.3,month-to-month,fibre,no,yes,yes,no,mailed check,1,yes,no,1,0,0,69,yes,south,no
T05072,10,92.9,month-to-month,none,no,yes,no,yes,mailed check,0,no,no,1,0,0,87,no,north,yes
T00313,4,74.1,one-year,fibre,no,no,yes,yes,bank transfer,0,no,no,1,0,1,67,yes,south,yes
T02807,34,33.4,one-year,none,no,no,yes,no,mailed check,0,yes,no,2,0,0,44,no,south,no
T04121,12,36.8,one-year,dsl,yes,no,no,yes,card,0,yes,no,2,1,0,24,no,centre,no
T04127,48,61.5,month-to-month,dsl,no,no,no,no,e-check,1,yes,no,2,0,0,190,no,islands,no
T03987,84,40.8,month-to-month,fibre,no,no,no,yes,bank transfer,0,yes,no,2,0,0,127,yes,south,no
T05038,21,39.2,two-year,fibre,no,no,no,yes,e-check,0,yes,yes,0,1,1,161,no,islands,no
T05936,15,27.5,two-year,fibre,no,no,no,no,mailed check,0,yes,no,0,1,0,31,yes,north,no
T01821,26,31.9,month-to-month,dsl,yes,no,no,no,bank transfer,0,yes,no,2,1,0,80,no,south,no
T05513,60,70.3,month-to-month,none,no,no,no,yes,bank transfer,1,no,no,1,3,0,14,no,centre,yes
T04124,11,61.3,month-to-month,none,no,no,yes,yes,e-check,0,no,no,1,1,1,56,no,north,no
T05464,36,63.9,month-to-month,fibre,no,no,no,yes,bank transfer,0,yes,no,1,2,0,82,no,south,no
T03487,8,62.9,month-to-month,fibre,yes,no,yes,no,bank transfer,0,no,no,3,2,0,16,no,islands,yes
T01166,10,26.2,month-to-month,none,no,yes,no,yes,card,1,yes,no,1,2,0,80,no,centre,yes
T05727,67,108.7,month-to-month,none,no,no,yes,yes,e-check,0,yes,yes,0,1,1,23,no,south,yes
T05575,17,78.4,one-year,dsl,no,no,yes,yes,mailed check,0,yes,no,1,0,2,54,no,south,no
T00610,28,20.2,one-year,fibre,yes,no,yes,yes,mailed check,0,yes,yes,2,1,0,62,no,north,no
T01384,11,73.7,two-year,none,no,yes,no,yes,e-check,0,yes,yes,1,2,0,21,no,islands,no
T02930,57,25.1,month-to-month,none,no,yes,no,yes,bank transfer,0,yes,no,2,2,2,28,yes,south,no
T04342,27,25.3,month-to-month,dsl,no,no,yes,yes,card,0,no,no,0,0,0,149,yes,islands,no
T02434,13,102.2,month-to-month,fibre,no,no,no,no,bank transfer,0,yes,yes,3,2,1,94,no,north,yes
T01079,34,49.5,one-year,dsl,no,yes,no,yes,e-check,0,no,no,2,1,1,203,no,islands,no
T05095,33,23.3,month-to-month,dsl,no,no,no,yes,card,0,no,yes,2,1,0,141,no,south,no
T03672,15,31.4,month-to-month,dsl,no,no,yes,no,e-check,0,no,yes,2,2,1,108,no,centre,yes
T04702,52,81.3,one-year,fibre,yes,yes,yes,yes,bank transfer,0,no,no,0,2,0,209,yes,centre,no
T02018,59,72.9,month-to-month,fibre,no,no,no,yes,card,0,no,no,2,1,0,21,no,north,no
T05752,10,44.5,month-to-month,fibre,no,yes,no,yes,card,1,yes,no,1,0,0,17,yes,south,yes
T05695,73,36.7,one-year,fibre,no,yes,no,yes,card,0,no,no,2,1,1,17,no,south,no
T05459,32,61,two-year,fibre,yes,no,no,yes,e-check,0,no,no,0,1,0,79,no,centre,no
T04553,33,78.3,month-to-month,fibre,yes,no,no,yes,card,0,yes,yes,2,0,0,23,no,centre,no
T06194,3,25.9,one-year,none,yes,no,yes,no,bank transfer,0,yes,yes,1,0,1,118,no,islands,no
T03368,22,47.9,month-to-month,fibre,no,no,yes,no,mailed check,0,no,no,3,0,1,51,no,islands,no
T06489,4,94.6,month-to-month,dsl,no,no,no,yes,e-check,0,no,no,2,1,3,24,no,centre,yes
T00731,8,86.7,month-to-month,dsl,no,yes,yes,yes,bank transfer,0,yes,yes,1,2,1,29,no,centre,no
T06995,29,49.5,month-to-month,fibre,yes,yes,no,yes,mailed check,0,no,yes,1,0,0,38,no,north,no
T00378,9,104.4,month-to-month,fibre,yes,yes,no,no,bank transfer,0,yes,no,2,1,0,115,no,islands,yes
T00411,9,27.6,two-year,none,yes,no,no,no,e-check,0,no,no,1,0,0,25,no,south,no
T01890,103,75.6,one-year,dsl,no,yes,no,no,e-check,0,yes,no,2,1,0,40,no,islands,no
T01346,16,22,one-year,dsl,no,no,no,yes,bank transfer,0,yes,no,0,3,0,292,no,centre,no
T03403,60,87,month-to-month,fibre,no,no,no,yes,e-check,0,no,no,2,0,0,53,no,north,no
T03929,87,75.6,month-to-month,fibre,no,yes,yes,no,card,1,no,no,2,2,0,58,no,islands,yes
T05588,1,109.2,two-year,none,no,no,no,yes,card,0,yes,no,1,0,0,76,yes,islands,no
T04033,2,71.7,month-to-month,fibre,no,no,yes,yes,mailed check,0,yes,yes,0,0,0,39,yes,north,yes
T02142,10,43.2,one-year,fibre,no,yes,no,yes,card,0,yes,no,2,1,1,125,no,centre,no
T03969,131,95.8,one-year,fibre,no,yes,no,yes,e-check,0,no,yes,1,1,0,51,no,centre,yes
T03352,78,26.3,two-year,none,no,no,no,no,bank transfer,0,yes,no,1,0,0,43,no,south,no
T06956,10,67.1,month-to-month,none,yes,yes,no,yes,mailed check,0,no,no,1,1,1,76,yes,islands,no
T05726,17,44.3,month-to-month,fibre,no,no,no,yes,card,0,no,no,1,0,1,110,yes,centre,no
T01126,28,32.3,one-year,dsl,no,yes,yes,no,e-check,0,yes,no,2,2,1,178,yes,north,no
T00037,47,101.7,month-to-month,none,no,no,no,yes,card,1,yes,no,1,2,0,203,no,centre,yes
T00075,54,99.1,month-to-month,none,yes,yes,yes,yes,e-check,0,yes,no,1,0,0,82,no,south,no
T03247,19,63,two-year,dsl,no,no,yes,no,card,0,no,yes,2,1,0,29,no,centre,no
T03644,17,94.8,two-year,dsl,yes,no,yes,yes,mailed check,1,no,yes,1,1,0,113,no,north,no
T06656,51,104.4,one-year,fibre,no,no,yes,yes,card,1,yes,yes,1,2,1,271,no,south,no
T04275,17,53.1,one-year,fibre,no,no,yes,yes,mailed check,1,yes,yes,1,0,0,74,yes,islands,yes
T05938,88,46.3,two-year,none,yes,yes,no,yes,card,0,no,no,2,0,0,19,no,north,yes
T06799,34,85.1,month-to-month,fibre,yes,no,yes,yes,card,0,yes,yes,1,0,1,36,no,centre,no
T04657,79,82,month-to-month,fibre,no,no,no,yes,card,0,no,no,0,0,1,175,yes,centre,no
T06441,44,43.7,month-to-month,dsl,no,no,no,no,e-check,0,no,no,2,1,0,15,no,south,no
T05895,38,85.8,one-year,dsl,no,yes,no,no,mailed check,0,yes,yes,2,1,0,41,no,centre,no
T02648,65,108.6,month-to-month,dsl,no,no,yes,no,e-check,1,no,no,1,1,0,19,no,north,yes
T01939,20,54.6,two-year,dsl,no,yes,yes,no,card,1,yes,no,3,1,0,33,no,south,no
T01030,9,33.5,one-year,none,no,no,no,yes,card,0,yes,no,3,0,2,27,no,north,no
T02769,35,41.6,one-year,fibre,yes,no,yes,no,mailed check,0,no,no,1,1,1,27,no,centre,no
T05724,40,82.8,two-year,fibre,yes,no,yes,yes,bank transfer,0,yes,no,2,0,0,63,no,south,no
T02541,99,102.1,one-year,dsl,no,yes,no,no,bank transfer,0,no,yes,1,2,1,21,no,south,no
T01797,2,87.5,month-to-month,dsl,no,yes,no,yes,e-check,0,no,no,1,0,1,46,no,north,yes
T01304,114,69.2,month-to-month,dsl,yes,no,no,no,e-check,1,no,yes,3,1,1,59,no,centre,no
T01549,21,85.6,month-to-month,fibre,no,no,yes,no,bank transfer,1,yes,yes,1,1,1,168,no,south,yes
T02596,5,105.9,month-to-month,none,yes,yes,yes,yes,e-check,1,yes,no,0,1,1,149,yes,centre,no
T04745,65,107.2,month-to-month,dsl,yes,no,yes,yes,mailed check,0,no,yes,1,1,0,59,yes,centre,yes
T04168,51,28.1,one-year,fibre,yes,no,no,yes,bank transfer,0,yes,no,2,0,0,76,no,north,no
T03122,12,58.4,two-year,fibre,yes,no,yes,yes,e-check,0,no,no,1,0,0,163,no,south,no
T06991,38,54.6,month-to-month,fibre,no,no,no,yes,bank transfer,0,no,yes,1,2,0,371,no,islands,no
T02272,35,64.7,month-to-month,fibre,no,no,no,yes,mailed check,0,no,no,3,1,0,113,no,south,yes
T04012,57,102.1,two-year,dsl,yes,yes,yes,no,bank transfer,0,no,yes,0,1,0,86,no,south,no
T02457,6,107.2,two-year,fibre,no,no,yes,yes,bank transfer,1,yes,no,1,0,0,160,no,islands,yes
T06872,43,29.3,one-year,fibre,yes,yes,yes,yes,bank transfer,0,yes,no,1,0,1,34,no,north,no
T04687,108,108.8,two-year,fibre,no,no,no,yes,bank transfer,1,no,no,1,0,0,19,no,islands,no
T06183,19,105.5,month-to-month,dsl,yes,no,no,no,mailed check,0,no,no,1,1,0,98,no,south,yes
T01723,25,52.5,one-year,none,yes,yes,yes,no,card,1,yes,no,1,2,0,37,yes,centre,no
T05912,61,65.7,two-year,fibre,yes,yes,yes,yes,bank transfer,0,no,no,1,1,0,57,no,south,no
T02046,20,40.8,one-year,fibre,no,no,no,yes,bank transfer,0,yes,no,2,2,1,94,no,centre,no
T01990,1,89.8,one-year,dsl,yes,no,no,yes,mailed check,0,yes,yes,1,0,1,71,no,islands,yes
T01533,19,79.5,one-year,fibre,no,no,yes,yes,bank transfer,0,yes,no,2,2,0,65,no,centre,no
T00076,4,76.6,one-year,none,no,no,no,yes,mailed check,0,no,no,3,1,1,27,no,islands,no
T03530,7,76.7,month-to-month,none,yes,yes,yes,yes,mailed check,0,no,yes,0,2,1,24,yes,centre,no
T03080,65,57,month-to-month,dsl,yes,no,yes,yes,bank transfer,0,yes,no,3,1,0,106,no,centre,no
T02819,5,82.6,one-year,fibre,yes,yes,yes,yes,card,0,no,yes,0,1,0,42,no,islands,no
T05504,23,28.1,one-year,dsl,no,no,no,yes,mailed check,0,no,yes,0,1,1,13,no,south,no
T05759,25,109.8,month-to-month,dsl,yes,yes,no,no,card,0,yes,no,0,1,0,35,no,north,no
T04528,104,78.7,month-to-month,dsl,no,yes,yes,no,mailed check,0,yes,no,1,1,1,16,no,islands,no
T01561,1,65.1,two-year,dsl,no,yes,no,yes,bank transfer,0,yes,no,2,0,0,216,no,south,yes
T04382,18,102.9,month-to-month,dsl,yes,no,no,no,mailed check,0,no,yes,1,0,1,31,no,north,no
T02498,13,72.9,month-to-month,fibre,no,no,yes,no,mailed check,0,no,no,2,0,0,76,no,south,no
T05182,15,77.3,one-year,none,no,no,yes,yes,card,0,yes,no,2,2,0,97,yes,south,yes
T06988,8,47.1,month-to-month,none,no,yes,no,yes,mailed check,0,no,yes,1,1,2,169,no,islands,no
T02341,11,77.6,one-year,dsl,no,yes,no,no,e-check,0,yes,no,0,0,0,112,no,centre,no
T05683,32,36.3,month-to-month,dsl,no,no,yes,no,card,0,no,no,1,1,1,66,no,north,yes
T06800,2,59.3,month-to-month,fibre,no,yes,no,no,mailed check,1,no,no,1,1,0,116,yes,islands,no
T03323,13,94.5,month-to-month,dsl,yes,no,no,no,card,0,no,no,1,1,0,56,no,centre,no
T00712,3,53.3,two-year,none,no,no,yes,no,e-check,0,yes,no,0,0,2,76,no,south,no
T00450,13,32,one-year,fibre,no,yes,yes,no,bank transfer,0,no,no,1,2,0,207,yes,north,no
T05811,37,107.7,month-to-month,dsl,no,yes,no,no,bank transfer,0,no,no,2,0,0,95,no,centre,no
T05188,56,50.8,month-to-month,fibre,no,yes,no,yes,card,0,yes,yes,1,0,0,90,no,centre,no
T05809,34,46,one-year,fibre,no,no,yes,yes,card,0,no,no,1,1,2,28,no,north,yes
T00599,1,97.5,month-to-month,none,yes,no,yes,yes,card,0,yes,yes,1,2,1,51,no,north,yes
T00870,1,93.2,one-year,fibre,no,yes,no,no,mailed check,0,no,no,2,0,0,128,no,islands,no
T06291,36,42.1,one-year,none,yes,no,no,no,mailed check,0,no,no,2,4,1,20,no,islands,no
T00847,39,77.6,two-year,dsl,no,no,yes,no,card,0,no,no,1,0,0,43,no,north,yes
T01546,69,94.5,month-to-month,dsl,yes,no,no,yes,bank transfer,0,yes,no,1,1,0,17,yes,north,yes
T03340,21,108.3,one-year,dsl,no,yes,yes,no,mailed check,0,yes,yes,0,1,1,91,no,north,no
T00844,136,98.3,month-to-month,dsl,no,no,yes,yes,card,0,yes,no,1,3,2,55,no,centre,no
T00930,13,70,two-year,fibre,no,yes,no,yes,e-check,0,yes,yes,1,0,0,38,yes,south,no
T06386,1,83.9,month-to-month,fibre,no,no,yes,yes,bank transfer,0,no,yes,2,1,0,31,yes,south,yes
T00596,19,42.4,one-year,dsl,no,no,no,no,bank transfer,0,yes,yes,3,0,1,39,yes,centre,no
T06176,27,90,month-to-month,fibre,yes,no,yes,no,bank transfer,1,yes,yes,0,1,0,69,no,south,no
T02094,35,109.8,two-year,dsl,no,no,no,yes,mailed check,0,yes,no,3,1,1,240,yes,centre,yes
T04354,2,68.4,one-year,fibre,no,no,no,no,e-check,0,no,no,1,1,1,267,no,south,no
T02982,8,23.8,one-year,none,yes,no,yes,yes,e-check,0,yes,no,1,0,0,154,yes,north,no
T05712,15,74.4,month-to-month,fibre,no,no,no,no,card,0,no,no,1,0,0,61,no,south,yes
T02546,71,99.8,month-to-month,dsl,no,no,no,yes,bank transfer,0,no,yes,1,1,0,49,no,centre,no
T01043,9,96.2,two-year,none,no,yes,yes,yes,e-check,0,no,no,2,2,0,109,no,north,no
T05657,53,75,month-to-month,dsl,no,no,yes,yes,card,0,no,no,1,0,1,87,no,south,yes
T05622,7,86,month-to-month,none,yes,no,no,yes,mailed check,0,no,yes,1,2,1,2,no,centre,yes
T01979,60,22,one-year,dsl,no,no,no,no,e-check,0,yes,no,1,2,0,106,no,south,no
T02386,15,98.2,month-to-month,fibre,yes,yes,no,no,card,0,no,no,1,2,0,140,no,north,yes
T04426,15,50.8,month-to-month,none,yes,no,no,yes,bank transfer,0,yes,no,2,0,1,98,yes,centre,no
T02573,20,101.2,month-to-month,none,yes,yes,yes,no,card,0,no,no,1,0,1,53,no,centre,no
T03067,14,22.7,one-year,fibre,no,no,no,no,card,0,no,no,1,0,1,46,no,north,no
T00594,75,85.7,two-year,fibre,no,no,no,no,bank transfer,0,no,no,0,0,2,58,no,north,no
T05751,10,74.2,month-to-month,none,no,yes,no,yes,bank transfer,0,no,no,1,0,1,167,yes,centre,no
T04157,10,67.8,month-to-month,none,no,no,yes,no,card,0,yes,no,2,2,2,117,yes,islands,no
T05292,11,37,two-year,dsl,yes,no,no,yes,card,0,no,no,2,0,1,133,yes,south,no
T04810,2,29.8,one-year,dsl,no,yes,no,no,e-check,0,no,yes,1,1,0,72,yes,islands,no
T01988,9,87.1,one-year,dsl,no,no,no,yes,mailed check,1,yes,no,1,1,1,60,no,south,no
T06578,92,80.7,month-to-month,fibre,yes,no,no,no,mailed check,0,yes,no,2,2,1,30,no,north,no
T00711,20,98.7,one-year,none,yes,no,yes,no,e-check,0,yes,no,1,0,1,57,no,islands,no
T06679,61,101.5,month-to-month,fibre,no,yes,yes,yes,bank transfer,0,no,no,1,0,1,34,yes,south,no
T05030,1,26.9,month-to-month,dsl,no,yes,no,yes,card,0,no,no,2,0,0,132,yes,islands,no
T04199,1,57.1,month-to-month,none,no,yes,yes,no,bank transfer,1,yes,yes,2,0,1,28,no,south,no
T04669,21,89,month-to-month,fibre,no,no,no,no,card,0,yes,no,1,0,1,134,no,north,yes
T06321,15,44.2,month-to-month,fibre,no,no,yes,yes,card,1,yes,no,2,0,0,239,yes,centre,yes
T06678,3,29.9,month-to-month,fibre,no,no,yes,yes,mailed check,0,no,no,2,0,0,23,no,centre,no
T01620,5,56.8,month-to-month,none,no,no,no,yes,e-check,0,no,yes,0,0,2,51,no,south,no
T03361,9,22.8,month-to-month,fibre,no,no,no,no,e-check,0,yes,no,1,1,0,29,no,islands,no
T00331,10,62.4,one-year,fibre,no,no,no,no,e-check,0,yes,no,2,0,0,32,no,north,no
T00750,7,43.9,month-to-month,none,yes,yes,no,no,bank transfer,1,yes,no,1,0,0,169,no,centre,yes
T03275,17,88.4,month-to-month,none,no,yes,yes,yes,bank transfer,0,no,no,1,0,0,119,no,north,yes
T03858,153,100.2,two-year,fibre,no,no,yes,yes,mailed check,0,no,yes,1,1,0,110,no,south,no
T01641,61,63.8,month-to-month,none,no,yes,yes,no,card,0,yes,no,3,1,0,4,no,south,no
T06978,25,89.4,two-year,dsl,no,no,yes,yes,e-check,0,no,no,1,0,0,56,no,centre,no
T00374,22,48.5,two-year,dsl,yes,yes,no,no,card,0,yes,yes,2,0,1,97,no,centre,no
T06883,144,82.9,month-to-month,fibre,no,yes,yes,no,card,0,yes,no,3,1,0,77,no,north,yes
T03462,2,39.9,month-to-month,dsl,no,no,yes,yes,e-check,0,no,yes,0,2,1,51,no,islands,yes
T05330,30,23.6,two-year,fibre,no,yes,yes,yes,e-check,1,no,no,1,0,0,12,no,south,no
T01886,47,32,two-year,dsl,yes,yes,yes,no,card,0,yes,no,1,0,2,20,no,north,no
T01025,22,54.7,month-to-month,none,no,no,yes,yes,card,0,yes,no,2,1,0,62,no,islands,no
T06019,28,33.4,two-year,fibre,no,no,yes,no,card,0,no,no,1,0,0,122,no,centre,no
T05924,56,83.5,month-to-month,fibre,yes,yes,yes,yes,bank transfer,0,yes,yes,2,1,1,20,no,centre,no
T02214,19,80.1,one-year,fibre,no,yes,no,no,card,0,yes,no,1,0,1,46,yes,south,no
T03095,18,79.8,month-to-month,dsl,no,no,yes,no,bank transfer,1,no,no,1,0,0,20,yes,south,yes
T02098,2,80.1,month-to-month,fibre,no,yes,no,yes,bank transfer,0,yes,no,1,1,1,128,no,centre,no
T06640,33,92.6,one-year,dsl,no,yes,no,no,bank transfer,0,yes,no,3,3,0,95,no,centre,no
T02450,52,20.5,one-year,dsl,no,no,yes,yes,mailed check,0,yes,no,0,1,0,262,yes,islands,no
T01515,41,33.1,month-to-month,dsl,no,yes,no,yes,card,1,no,no,1,0,0,85,no,centre,no
T03249,8,60.5,one-year,dsl,yes,no,yes,yes,mailed check,0,no,no,1,1,1,12,yes,centre,no
T01143,10,57.1,one-year,none,yes,no,no,yes,bank transfer,0,no,no,2,0,2,53,no,centre,yes
T00709,18,106.6,month-to-month,fibre,no,yes,no,yes,card,0,no,yes,1,1,0,34,yes,north,no
T04065,6,40.8,month-to-month,none,no,yes,no,no,card,0,yes,yes,2,0,2,72,no,north,no
T03956,27,104.6,two-year,fibre,no,no,yes,yes,e-check,0,yes,no,2,2,0,135,no,south,no
T01151,49,98.4,two-year,dsl,no,no,no,yes,e-check,0,yes,no,0,1,1,99,no,centre,no
T00006,17,81.1,month-to-month,fibre,yes,yes,no,no,mailed check,0,no,no,1,1,0,19,no,islands,no
T00140,69,25,month-to-month,none,no,yes,no,no,card,0,yes,no,2,0,0,82,no,centre,yes
T01319,43,86.1,two-year,dsl,yes,no,yes,no,e-check,1,no,no,0,1,0,79,no,south,no
T00310,5,83.1,month-to-month,fibre,no,yes,yes,yes,card,0,yes,yes,2,0,0,80,no,south,no
T03341,21,95.9,one-year,dsl,yes,no,no,no,e-check,0,no,no,2,0,1,86,no,north,no
T04449,58,21.2,month-to-month,fibre,no,no,no,no,mailed check,0,yes,yes,2,0,0,132,no,north,no
T00676,11,82.7,two-year,dsl,yes,no,yes,no,card,1,no,no,1,3,0,160,no,south,no
T05077,52,25.5,month-to-month,dsl,no,yes,yes,no,e-check,0,no,no,0,0,0,39,no,south,no
T03685,15,87.6,month-to-month,none,no,yes,no,yes,bank transfer,0,yes,no,3,1,0,93,no,centre,yes
T06462,24,101.1,two-year,fibre,yes,yes,yes,no,card,0,yes,no,2,3,0,117,no,islands,no
T06374,31,93,one-year,dsl,no,no,yes,no,bank transfer,0,no,no,1,1,2,51,no,south,yes
T02144,27,89,one-year,fibre,no,no,no,no,e-check,0,no,no,2,2,1,61,no,north,no
T02773,61,104.1,two-year,fibre,yes,yes,yes,yes,bank transfer,1,no,no,2,1,0,51,no,islands,no
T05889,30,99,month-to-month,dsl,no,yes,no,no,bank transfer,0,yes,yes,1,1,0,85,no,centre,no
T04428,96,76.1,two-year,none,yes,no,yes,yes,e-check,0,no,no,1,1,0,20,no,north,no
T04681,29,37.9,one-year,dsl,no,no,yes,no,mailed check,0,yes,yes,1,1,0,21,no,islands,no
T06730,5,104.4,month-to-month,dsl,no,yes,no,yes,mailed check,0,yes,no,0,1,0,40,no,islands,no
T01804,9,89.5,month-to-month,fibre,no,no,yes,yes,mailed check,0,no,yes,2,0,1,78,no,north,yes
T01121,11,100.5,month-to-month,fibre,no,no,yes,yes,bank transfer,1,yes,no,2,0,0,204,no,islands,yes
T04320,20,28.1,two-year,dsl,no,no,yes,no,bank transfer,0,yes,yes,1,1,0,106,no,islands,no
T02698,1,98.6,month-to-month,dsl,no,no,no,yes,card,0,no,yes,1,0,0,74,no,islands,no
T01873,45,105.1,one-year,dsl,no,yes,no,yes,bank transfer,1,yes,no,2,0,1,20,no,centre,no
T03138,24,88.7,month-to-month,fibre,no,yes,no,no,mailed check,0,yes,no,2,0,0,31,no,centre,no
T05876,22,66.4,month-to-month,fibre,no,yes,no,no,bank transfer,0,no,yes,3,4,0,32,yes,north,yes
T05990,51,88.3,month-to-month,fibre,yes,no,yes,yes,mailed check,1,no,no,1,1,1,60,yes,south,yes
T01145,12,37.3,two-year,none,no,no,yes,no,bank transfer,1,yes,yes,1,2,1,14,no,islands,no
T05221,85,20.9,month-to-month,dsl,no,no,no,yes,mailed check,0,no,no,2,0,0,62,no,north,no
T04746,7,23.1,month-to-month,dsl,no,no,no,yes,e-check,0,no,no,1,1,1,54,no,south,no
T05954,9,28.9,month-to-month,fibre,no,yes,yes,yes,bank transfer,0,yes,yes,2,3,0,161,no,islands,no
T05858,4,86.5,month-to-month,fibre,no,yes,yes,yes,bank transfer,0,yes,no,1,0,1,18,no,islands,yes
T01392,46,44.6,one-year,none,no,yes,yes,yes,e-check,0,yes,yes,1,0,1,15,no,north,no
T02900,7,103.4,one-year,dsl,yes,yes,yes,no,card,1,no,no,1,1,1,225,yes,islands,no
T02949,37,20.2,two-year,fibre,no,yes,no,no,card,0,yes,yes,1,1,1,26,no,north,no
T01212,27,42.4,month-to-month,fibre,no,no,no,yes,e-check,0,yes,no,2,1,0,29,no,islands,yes
T02156,8,68.1,month-to-month,fibre,yes,yes,yes,yes,mailed check,0,yes,no,1,0,0,42,no,islands,no
T00521,2,75,one-year,fibre,no,yes,yes,yes,mailed check,1,yes,yes,0,1,0,61,yes,islands,no
T03480,44,97.9,month-to-month,fibre,no,yes,no,yes,bank transfer,0,no,no,1,0,1,7,no,north,yes
T05368,23,20.1,one-year,fibre,no,no,no,yes,bank transfer,0,no,yes,1,1,1,10,no,centre,no
T03926,44,85.4,month-to-month,fibre,no,yes,no,yes,card,0,yes,no,1,1,0,43,no,islands,yes
T03849,18,66.8,month-to-month,fibre,no,no,yes,yes,mailed check,0,yes,yes,2,2,0,83,yes,centre,no
T05307,1,29.6,one-year,fibre,no,no,no,no,e-check,0,no,no,3,1,0,61,yes,centre,no
T05476,1,109.3,month-to-month,fibre,no,no,yes,no,bank transfer,0,yes,yes,0,0,1,17,no,centre,yes
T03537,2,76.7,one-year,fibre,no,yes,no,yes,e-check,1,no,no,2,0,2,113,no,north,no
T00455,72,95.8,one-year,fibre,yes,yes,no,yes,mailed check,0,no,no,0,2,1,188,no,south,no
T00757,4,44.5,month-to-month,fibre,no,no,no,yes,bank transfer,0,no,no,2,1,0,83,no,islands,yes
T02021,65,42.2,month-to-month,fibre,yes,no,no,yes,mailed check,1,no,no,1,0,0,39,no,south,no
T05900,6,78.8,month-to-month,fibre,yes,no,no,yes,card,0,no,no,2,2,0,103,no,south,no
T05297,3,36.6,month-to-month,fibre,no,no,no,yes,card,0,no,yes,1,0,0,49,no,north,no
T03979,18,67,month-to-month,dsl,no,no,yes,no,e-check,0,yes,no,1,1,0,84,yes,centre,yes
T03782,38,62.6,month-to-month,dsl,no,no,yes,no,card,0,yes,no,1,0,1,18,no,centre,yes
T03573,35,67.4,month-to-month,dsl,no,no,yes,no,mailed check,0,no,yes,2,0,1,81,no,north,yes
T02321,38,70.4,month-to-month,none,no,yes,no,yes,card,0,no,yes,1,0,0,112,yes,north,no
T02718,49,47.9,two-year,fibre,yes,yes,yes,yes,e-check,1,yes,no,1,0,0,65,yes,islands,no
T04484,27,63.4,month-to-month,dsl,no,yes,yes,no,mailed check,1,no,yes,2,0,1,55,no,south,no
T05172,22,36.2,month-to-month,fibre,no,no,yes,no,e-check,0,yes,yes,2,0,0,73,no,centre,yes
T01097,12,56.5,month-to-month,fibre,no,yes,no,yes,mailed check,0,yes,no,2,3,0,10,yes,south,no
T02843,14,22.3,one-year,dsl,no,no,yes,no,bank transfer,0,no,yes,1,0,0,66,no,south,no
T04769,9,44.4,month-to-month,none,no,no,yes,no,card,0,no,yes,3,1,2,29,no,south,no
T06288,19,73.1,month-to-month,dsl,yes,yes,no,yes,bank transfer,0,yes,no,2,1,1,20,no,islands,yes
T02540,18,25.9,month-to-month,fibre,no,yes,no,yes,bank transfer,1,yes,yes,3,3,1,184,no,south,yes
T05448,28,103,month-to-month,dsl,no,no,no,yes,bank transfer,0,yes,yes,3,0,0,46,no,islands,no
T06851,5,50.5,month-to-month,fibre,no,yes,no,no,e-check,0,yes,no,2,0,0,11,no,islands,yes
T02562,11,49,month-to-month,none,no,yes,no,yes,e-check,0,no,yes,1,1,0,46,no,islands,yes
T02207,3,80.3,month-to-month,dsl,no,no,no,no,card,0,no,yes,1,1,0,65,yes,centre,yes
T01502,9,98.2,month-to-month,dsl,no,yes,no,yes,bank transfer,0,yes,no,2,2,1,82,no,north,yes
T00346,8,39,one-year,none,yes,no,no,yes,mailed check,1,no,no,3,1,1,206,yes,north,yes
T03133,11,26.6,month-to-month,fibre,no,no,yes,yes,e-check,0,no,yes,1,1,1,77,no,centre,yes
T01833,88,106.7,month-to-month,none,no,no,no,yes,mailed check,0,yes,no,2,1,1,93,no,centre,yes
T04304,25,24.7,month-to-month,fibre,no,no,no,yes,e-check,0,yes,no,2,1,0,48,no,islands,yes
T03276,1,82.6,two-year,none,no,no,yes,no,card,0,no,no,1,1,1,69,no,centre,no
T02134,2,65.2,month-to-month,none,yes,no,no,no,e-check,0,no,yes,1,1,0,10,no,islands,no
T05534,12,90.3,two-year,fibre,no,no,yes,yes,card,0,yes,yes,2,0,1,50,no,centre,no
T03878,65,73.6,month-to-month,dsl,no,yes,yes,yes,card,0,no,no,1,1,0,35,no,centre,no
T00771,25,86.1,two-year,fibre,yes,no,no,yes,bank transfer,0,no,no,2,0,2,154,no,islands,no
T04728,16,75.6,one-year,none,yes,no,yes,yes,bank transfer,0,yes,no,1,0,0,113,no,centre,no
T04119,5,82.2,one-year,dsl,yes,no,yes,no,bank transfer,0,yes,yes,2,0,0,118,no,centre,no
T03788,22,105.5,month-to-month,dsl,yes,no,no,yes,card,0,yes,no,3,1,0,73,no,north,no
T02307,37,37.3,one-year,dsl,no,no,yes,yes,mailed check,0,yes,no,1,0,0,19,yes,south,no
T01323,27,92.8,month-to-month,fibre,no,yes,yes,no,card,0,yes,no,1,1,0,70,yes,north,no
T06714,68,107.7,month-to-month,none,no,no,yes,yes,mailed check,0,no,yes,2,1,0,51,no,centre,no
T05342,36,100.7,month-to-month,fibre,yes,yes,no,no,mailed check,1,yes,no,1,0,1,63,no,islands,no
T01071,37,41.9,month-to-month,none,no,yes,yes,yes,card,0,no,no,1,0,0,45,no,islands,no
T05402,14,62.8,month-to-month,fibre,yes,yes,yes,yes,mailed check,0,no,no,1,1,0,156,yes,islands,no
T04653,27,75.7,month-to-month,dsl,no,no,no,yes,bank transfer,1,yes,yes,2,1,0,13,no,islands,no
T02947,5,98.6,month-to-month,none,no,no,yes,no,card,0,no,yes,2,0,0,57,no,centre,no
T06090,25,90.6,two-year,fibre,no,no,no,yes,bank transfer,0,no,no,1,1,0,35,yes,islands,no
T01786,11,29.1,month-to-month,fibre,yes,no,yes,no,mailed check,1,no,no,1,2,0,57,yes,south,no
T00923,44,86.4,one-year,dsl,no,yes,no,no,e-check,1,yes,no,1,0,1,71,yes,centre,yes
T03032,8,21.9,month-to-month,dsl,yes,no,yes,no,mailed check,1,yes,no,2,0,1,45,yes,north,no
T04933,14,39.2,month-to-month,none,no,yes,yes,no,card,0,no,no,1,0,1,157,no,centre,no
T05097,44,81.6,one-year,dsl,yes,no,yes,yes,e-check,0,no,no,1,0,0,30,no,centre,no
T00809,39,92.9,month-to-month,fibre,no,no,yes,yes,bank transfer,0,no,yes,1,2,0,62,no,north,yes
T01261,46,65.2,one-year,dsl,yes,no,yes,yes,bank transfer,0,yes,no,1,2,0,78,no,islands,no
T02290,47,20.2,month-to-month,none,no,yes,yes,yes,e-check,0,yes,no,1,1,0,70,no,islands,no
T05233,28,35.7,one-year,dsl,yes,yes,no,no,mailed check,0,no,yes,0,0,1,220,no,islands,no
T04496,32,29.9,one-year,none,no,no,yes,yes,card,0,yes,no,1,0,0,52,no,north,no
T03313,43,70.1,month-to-month,fibre,no,no,yes,yes,card,0,no,no,2,1,0,39,no,north,no
T06033,56,56,month-to-month,fibre,no,no,no,yes,bank transfer,0,no,no,2,1,0,220,yes,centre,yes
T06214,94,69.4,one-year,fibre,no,no,yes,yes,e-check,0,no,no,1,1,1,58,no,north,yes
T06602,20,105.2,one-year,fibre,no,no,no,yes,mailed check,0,yes,no,0,1,1,113,yes,islands,no
T00537,85,41.3,month-to-month,none,no,no,no,no,mailed check,0,yes,no,2,1,0,15,no,north,yes
T04952,25,90.3,month-to-month,fibre,no,yes,yes,yes,card,0,no,yes,1,1,1,99,no,centre,no
T01085,57,40.6,two-year,dsl,yes,no,no,yes,card,0,no,yes,0,0,0,153,yes,islands,no
T03984,21,104.9,one-year,none,no,yes,no,yes,mailed check,0,no,no,2,1,1,125,no,south,no
T01876,3,97.1,one-year,fibre,no,no,yes,yes,mailed check,0,yes,no,1,3,0,124,no,islands,yes
T05073,16,90.5,one-year,none,no,no,no,yes,card,0,no,no,2,0,0,135,no,south,no
T03813,23,25.9,month-to-month,fibre,no,no,no,no,e-check,0,yes,no,2,2,0,153,no,islands,yes
T04262,43,43.9,month-to-month,none,no,no,yes,yes,card,1,no,no,0,0,0,59,no,north,yes
T04904,17,53.6,two-year,dsl,no,no,yes,yes,e-check,0,yes,no,1,3,1,34,yes,south,no
T05162,16,36.3,one-year,dsl,no,no,yes,yes,bank transfer,0,no,no,1,1,0,52,no,islands,no
T07000,14,105.3,one-year,fibre,no,no,no,yes,e-check,0,yes,no,0,0,0,33,no,islands,no
T01750,47,67.2,month-to-month,none,no,yes,yes,no,mailed check,1,no,no,1,1,0,61,no,centre,no
T02064,115,109.6,one-year,fibre,no,no,yes,yes,e-check,0,yes,no,2,0,0,191,no,centre,no
T00034,43,87.1,one-year,fibre,no,yes,yes,yes,e-check,1,yes,no,1,1,0,170,no,islands,no
T02816,6,36,month-to-month,fibre,no,no,no,yes,bank transfer,0,yes,no,2,0,0,101,no,islands,no
T01005,13,84.2,one-year,fibre,no,no,yes,yes,bank transfer,0,no,yes,0,0,0,154,no,south,no
T00618,1,39.6,month-to-month,fibre,no,yes,no,yes,e-check,0,yes,no,1,0,0,32,no,centre,yes
T04997,48,32.7,month-to-month,none,no,no,no,yes,e-check,1,no,yes,3,0,1,60,no,south,no
T03180,4,64.5,month-to-month,dsl,no,yes,no,yes,e-check,1,no,no,3,0,0,148,yes,south,yes
T00128,2,68.9,two-year,fibre,no,no,yes,no,card,0,yes,no,0,0,0,207,no,islands,no
T03370,3,20.8,month-to-month,none,no,no,yes,yes,card,0,yes,no,1,0,1,206,no,south,no
T00505,44,63.3,month-to-month,fibre,yes,yes,yes,no,card,1,yes,no,1,2,0,44,no,north,yes
T05505,19,53.4,two-year,dsl,no,yes,no,no,card,0,yes,no,2,1,2,136,no,north,no
T03913,12,74.5,month-to-month,none,no,yes,no,no,mailed check,0,yes,no,1,1,0,64,no,centre,no
T00938,26,103.6,month-to-month,fibre,no,no,yes,yes,bank transfer,1,no,yes,1,0,1,74,no,south,yes
T03746,37,96.3,one-year,dsl,no,no,no,yes,bank transfer,0,yes,no,2,0,0,131,no,islands,no
T04271,3,24.9,month-to-month,dsl,no,yes,yes,no,mailed check,0,no,no,1,0,0,170,no,islands,no
T03947,13,40.9,one-year,fibre,no,no,no,no,mailed check,0,yes,yes,1,0,1,262,no,south,no
T02296,41,94.8,month-to-month,fibre,no,no,no,yes,card,1,no,no,3,0,0,11,no,centre,yes
T02331,2,102.6,month-to-month,dsl,no,no,no,no,card,1,yes,no,3,0,1,118,no,south,no
T01357,57,76,two-year,dsl,no,no,yes,yes,e-check,0,no,no,3,1,1,50,yes,islands,no
T03401,17,41.8,month-to-month,none,no,no,no,no,card,0,yes,no,1,0,0,84,no,south,yes
T00462,3,87.2,month-to-month,dsl,yes,yes,no,yes,bank transfer,0,yes,no,1,2,0,110,no,north,no
T06314,64,77.2,month-to-month,none,yes,yes,no,yes,e-check,0,yes,yes,3,1,0,100,no,north,no
T06765,5,54.3,two-year,dsl,no,no,yes,yes,bank transfer,0,yes,no,2,1,1,35,yes,north,yes
T01360,47,48.4,one-year,fibre,no,yes,no,yes,mailed check,0,yes,yes,2,1,1,111,no,north,no
T01035,36,106.2,month-to-month,fibre,yes,no,no,no,e-check,0,yes,no,2,0,1,59,no,north,no
T03356,5,101.3,one-year,dsl,yes,no,no,no,card,0,no,no,1,0,2,78,no,centre,yes
T03631,44,56.3,month-to-month,dsl,no,yes,yes,no,card,0,yes,no,1,0,0,171,no,centre,no
T03722,21,87.3,two-year,fibre,yes,no,no,yes,bank transfer,0,no,no,1,0,2,109,no,centre,no
T02327,64,84.7,one-year,none,no,yes,no,yes,mailed check,0,yes,no,1,1,1,12,yes,south,yes
T02744,14,24.6,month-to-month,fibre,yes,no,yes,no,e-check,1,yes,yes,0,2,0,22,no,centre,no
T03705,27,69.4,two-year,dsl,yes,yes,no,yes,bank transfer,1,yes,yes,2,1,0,30,yes,north,no
T00645,19,63.3,month-to-month,fibre,no,yes,no,no,bank transfer,1,yes,yes,2,1,0,109,no,north,yes
T02482,3,33.4,one-year,fibre,no,no,no,no,card,0,no,no,1,0,0,20,no,south,no
T00640,29,90.3,month-to-month,dsl,yes,yes,yes,no,e-check,0,yes,no,0,2,2,52,no,centre,no
T04487,20,94.2,month-to-month,dsl,no,yes,yes,yes,card,0,no,no,2,0,2,68,no,islands,no
T00124,7,107.9,month-to-month,dsl,yes,yes,no,yes,card,0,yes,yes,2,1,0,35,yes,north,no
T05857,17,53.9,two-year,fibre,no,no,yes,no,mailed check,0,no,no,2,1,0,95,no,south,no
T03426,2,106.7,one-year,dsl,no,no,no,no,mailed check,1,yes,no,2,0,0,106,yes,south,no
T02115,42,62.5,month-to-month,fibre,no,no,no,yes,e-check,0,no,yes,1,1,0,53,no,islands,no
T06677,62,52.7,month-to-month,fibre,no,yes,no,no,bank transfer,1,no,yes,1,1,1,9,no,north,yes
T02728,33,39.6,one-year,dsl,yes,yes,yes,yes,bank transfer,0,yes,no,3,2,1,26,no,south,no
T01635,13,29.2,one-year,none,yes,yes,yes,no,card,0,no,no,1,1,0,29,no,centre,no
T01421,130,87.9,month-to-month,none,yes,no,no,no,bank transfer,0,yes,no,0,0,1,27,yes,islands,yes
T03150,7,33.6,month-to-month,fibre,no,yes,no,yes,card,0,no,no,1,1,0,199,no,islands,yes
T00901,79,28,month-to-month,fibre,yes,no,yes,yes,mailed check,1,yes,no,1,0,2,93,no,south,no
T02552,1,103.8,two-year,none,no,no,no,no,card,0,yes,no,2,0,2,150,no,north,no
T05989,11,98.4,month-to-month,dsl,yes,yes,yes,yes,bank transfer,0,yes,no,1,1,0,29,no,north,no
T05672,10,87.4,two-year,dsl,no,yes,no,yes,mailed check,0,no,no,1,0,2,101,no,islands,no
T01521,44,103.4,one-year,fibre,yes,no,no,yes,card,1,yes,no,1,0,0,43,no,south,yes
T05517,48,62.9,two-year,fibre,yes,yes,yes,yes,mailed check,0,yes,yes,1,0,0,10,no,north,no
T06654,2,77.8,month-to-month,dsl,no,no,yes,no,card,0,yes,yes,2,0,0,24,no,centre,yes
T01755,94,49.3,month-to-month,dsl,no,no,yes,yes,bank transfer,0,yes,yes,2,3,0,75,no,islands,yes
T00420,32,37.6,month-to-month,dsl,yes,yes,yes,yes,e-check,1,yes,yes,1,0,0,28,no,islands,no
T02358,33,57.3,month-to-month,none,yes,no,no,yes,bank transfer,0,no,no,1,3,0,40,no,centre,yes
T00451,97,28.5,two-year,dsl,no,no,no,yes,mailed check,0,no,no,2,0,1,27,no,south,no
T03609,77,97,two-year,dsl,no,no,yes,yes,e-check,0,no,no,2,1,1,107,no,north,no
T04785,12,40.1,two-year,none,yes,no,yes,yes,bank transfer,0,no,no,0,0,0,153,no,centre,no
T02864,13,102.6,two-year,fibre,no,no,yes,yes,e-check,0,yes,no,3,2,0,49,yes,south,no
T02964,98,88.2,month-to-month,fibre,yes,yes,yes,yes,bank transfer,0,no,no,2,0,1,116,yes,south,no
T06646,74,35.4,month-to-month,fibre,yes,no,yes,yes,bank transfer,0,no,no,1,0,0,44,no,south,no
T00854,18,58.9,month-to-month,fibre,no,no,no,yes,e-check,0,yes,yes,2,0,1,117,no,south,yes
T04893,11,54.9,month-to-month,none,yes,yes,yes,yes,mailed check,0,yes,no,2,2,1,63,no,islands,no
T02300,25,46.3,two-year,dsl,no,yes,no,no,bank transfer,0,no,no,1,0,0,93,no,north,no
T01800,6,46,month-to-month,dsl,yes,no,yes,yes,bank transfer,0,yes,no,1,2,0,97,yes,south,no
T01144,113,90.8,month-to-month,fibre,no,no,no,yes,card,0,no,yes,3,0,0,8,no,south,no
T02903,67,48.4,one-year,fibre,no,no,no,yes,mailed check,0,no,no,2,1,0,19,no,islands,no
T04280,68,40.3,one-year,dsl,no,no,no,no,card,0,no,no,3,0,0,42,no,centre,no
T06039,20,33.9,month-to-month,dsl,yes,yes,no,yes,bank transfer,0,yes,no,0,0,1,205,no,north,no
T03785,34,49.3,month-to-month,none,yes,yes,no,yes,bank transfer,0,no,yes,3,3,1,74,yes,centre,no
T03769,36,36.1,month-to-month,dsl,no,no,no,yes,bank transfer,0,no,no,0,1,0,52,no,south,yes
T04549,27,65.3,month-to-month,fibre,no,no,no,yes,mailed check,0,yes,no,1,0,1,161,no,centre,no
T04149,3,74.4,month-to-month,none,yes,yes,no,no,mailed check,0,yes,yes,1,1,1,21,no,centre,no
T06058,1,82.8,month-to-month,fibre,no,no,no,no,e-check,0,no,no,1,0,0,51,no,centre,no
T03896,41,55.8,month-to-month,fibre,yes,yes,yes,no,card,0,no,no,2,1,1,91,no,centre,no
T03934,15,67.4,month-to-month,fibre,yes,yes,no,yes,e-check,0,no,no,1,1,1,64,yes,south,no
T04828,74,45.1,one-year,dsl,no,yes,no,no,e-check,0,no,yes,1,0,0,37,no,south,no
T01519,29,56.5,month-to-month,dsl,no,no,yes,yes,e-check,0,no,no,1,0,0,82,no,south,no
T03073,18,34.2,month-to-month,dsl,no,no,yes,no,card,0,yes,no,1,2,0,74,yes,south,no
T04868,76,29,two-year,fibre,yes,no,yes,yes,e-check,0,yes,yes,2,0,1,15,no,islands,no
T00314,30,63.8,one-year,fibre,yes,no,no,yes,mailed check,0,no,no,2,0,0,29,no,centre,no
T01401,42,49.9,one-year,fibre,yes,yes,no,yes,mailed check,0,yes,no,1,0,0,113,no,islands,no
T00428,49,91.2,one-year,fibre,no,no,yes,no,card,0,no,yes,2,0,1,125,no,south,no
T00422,85,78.5,one-year,dsl,no,no,no,yes,card,0,yes,no,1,0,0,55,no,islands,no
T00445,44,107.9,month-to-month,fibre,no,no,yes,no,mailed check,0,yes,yes,2,0,1,65,no,north,yes
T06879,13,36.9,month-to-month,fibre,no,no,no,no,bank transfer,0,yes,yes,2,2,0,63,no,south,no
T03449,74,78.9,one-year,fibre,no,yes,no,yes,card,1,no,no,0,0,0,100,no,north,no
T03585,20,73,month-to-month,dsl,yes,no,no,yes,mailed check,0,yes,no,2,2,0,141,no,south,yes
T04886,29,109.4,one-year,none,yes,no,no,yes,bank transfer,0,yes,no,1,1,0,63,no,south,no
T04947,31,35.2,month-to-month,fibre,yes,yes,no,yes,e-check,0,no,yes,2,1,1,22,yes,islands,no
T06383,1,67.5,two-year,fibre,yes,yes,no,no,card,0,yes,yes,2,0,2,101,no,centre,no
T06795,67,38.3,month-to-month,fibre,no,yes,yes,no,card,0,yes,no,1,2,0,23,no,centre,yes
T04673,10,58.5,month-to-month,fibre,yes,no,yes,no,bank transfer,0,no,no,2,1,1,17,no,centre,no
T01887,27,76,month-to-month,dsl,yes,no,no,no,bank transfer,0,yes,no,1,0,1,49,no,north,no
T01333,10,52.2,month-to-month,fibre,yes,no,no,yes,mailed check,0,yes,no,2,0,0,50,no,north,yes
T04438,89,69.4,two-year,dsl,no,no,no,yes,card,0,yes,no,1,1,0,102,no,north,no
T05608,28,21.1,month-to-month,fibre,yes,no,no,yes,e-check,0,yes,yes,1,1,0,59,no,north,no
T03454,2,95.6,month-to-month,none,no,no,yes,yes,card,0,no,no,1,0,1,185,no,centre,yes
T06376,3,83.6,two-year,fibre,no,yes,yes,yes,bank transfer,1,no,yes,1,1,0,108,no,centre,no
T03144,56,82.2,month-to-month,none,no,yes,yes,no,mailed check,0,yes,no,1,1,1,82,no,centre,no
T00210,9,71.4,two-year,fibre,no,yes,yes,no,e-check,0,no,no,1,1,0,130,no,centre,no
T06841,6,100.3,two-year,dsl,no,no,no,no,e-check,0,yes,no,2,0,0,65,no,north,no
T05544,46,38.5,month-to-month,fibre,no,yes,no,no,bank transfer,0,yes,no,1,2,0,68,no,south,no
T00241,14,36.3,month-to-month,none,no,no,no,no,card,0,no,yes,0,1,0,36,yes,centre,no
T01354,20,37.3,two-year,fibre,yes,yes,no,no,card,0,no,no,1,2,1,29,yes,centre,no
T05646,31,55.8,one-year,dsl,no,no,no,yes,mailed check,0,yes,yes,2,1,1,65,no,south,no
T00880,40,46,month-to-month,none,no,yes,no,no,card,0,no,yes,1,0,1,42,no,centre,no
T02328,58,64.5,month-to-month,fibre,no,yes,no,no,mailed check,0,yes,yes,1,1,0,67,no,north,no
T01920,8,99.1,month-to-month,dsl,no,no,no,yes,mailed check,0,no,no,0,2,0,42,no,islands,yes
T01947,30,95.4,one-year,dsl,no,no,yes,no,e-check,0,yes,no,2,0,0,65,no,centre,yes
T04324,24,96.5,month-to-month,dsl,yes,no,yes,yes,card,0,yes,no,1,0,1,102,yes,centre,no
T00813,43,76.4,month-to-month,fibre,no,no,yes,no,mailed check,0,yes,no,1,0,2,85,no,islands,yes
T01991,41,85.2,one-year,dsl,no,no,no,yes,mailed check,0,no,no,1,1,2,73,yes,islands,yes
T06276,53,33.8,two-year,dsl,no,no,no,yes,bank transfer,0,no,no,3,0,0,41,yes,south,no
T02642,2,20.3,one-year,none,yes,yes,yes,no,bank transfer,1,yes,no,1,0,0,116,no,islands,no
T06104,12,56.2,month-to-month,fibre,no,no,no,no,bank transfer,0,yes,no,2,0,0,31,no,centre,yes
T00153,21,45.9,month-to-month,none,yes,no,no,no,bank transfer,0,no,no,3,1,2,41,no,south,no
T00643,13,25.6,one-year,fibre,no,no,no,no,bank transfer,0,yes,no,0,0,0,66,no,south,no
T06034,42,59.3,month-to-month,none,no,yes,no,yes,e-check,0,yes,no,1,0,0,14,no,centre,no
T03192,37,45,one-year,fibre,yes,no,no,no,e-check,0,no,yes,0,1,0,79,no,islands,no
T06612,9,81.2,one-year,fibre,yes,no,yes,yes,mailed check,0,no,no,1,2,0,118,no,north,no
T01457,7,85.1,two-year,dsl,no,no,yes,yes,e-check,0,no,no,1,1,0,27,no,islands,no
T03522,6,79.5,month-to-month,fibre,yes,yes,yes,yes,bank transfer,0,yes,yes,2,0,1,16,yes,islands,no
T01918,5,109.8,month-to-month,none,no,yes,no,yes,e-check,0,no,yes,2,0,0,21,no,north,no
T04545,53,61.7,two-year,fibre,no,no,no,no,card,0,no,no,3,3,0,12,no,north,no
T02400,83,73.4,month-to-month,dsl,yes,no,yes,no,mailed check,0,yes,yes,2,0,0,50,yes,south,no
T04436,23,32.1,two-year,fibre,no,yes,yes,yes,card,0,yes,no,2,1,1,55,no,south,no
T03363,59,49.4,one-year,dsl,no,no,no,no,mailed check,0,no,no,0,1,0,147,yes,centre,no
T02011,13,22,month-to-month,fibre,no,yes,yes,yes,e-check,0,yes,no,0,1,0,25,yes,south,yes
T06292,96,78.8,month-to-month,dsl,no,yes,no,yes,mailed check,0,no,no,3,1,2,77,yes,islands,no
T06754,40,109.9,month-to-month,fibre,no,no,no,no,mailed check,0,yes,no,0,1,0,68,no,islands,yes
T03031,24,24.5,month-to-month,dsl,no,no,no,no,e-check,0,yes,no,0,1,2,115,no,islands,yes
T06024,12,96.8,two-year,fibre,no,no,yes,no,e-check,0,yes,no,1,0,0,108,yes,centre,yes
T06566,3,61,two-year,fibre,no,no,no,yes,mailed check,0,yes,no,1,0,2,92,no,islands,no
T00564,7,63.4,two-year,none,no,no,no,yes,bank transfer,0,yes,yes,2,1,1,70,yes,centre,no
T02632,1,73.4,month-to-month,fibre,yes,no,no,yes,card,0,no,yes,3,0,0,79,no,south,yes
T05637,3,106.3,month-to-month,dsl,yes,no,no,yes,card,0,no,yes,2,3,0,57,no,south,yes
T00677,19,31.1,month-to-month,fibre,yes,no,yes,yes,e-check,1,no,no,1,1,1,32,no,north,no
T00551,45,80.3,one-year,none,no,no,yes,yes,bank transfer,0,no,no,1,0,1,26,no,islands,no
T04760,66,92.7,month-to-month,none,no,no,no,yes,card,0,no,no,1,0,0,85,no,south,yes
T04999,37,71.4,month-to-month,none,yes,no,no,no,card,0,no,no,1,0,1,113,no,north,no
T05266,7,61.1,two-year,fibre,yes,yes,no,yes,bank transfer,0,no,no,1,0,3,116,no,islands,no
T04685,25,86,two-year,dsl,no,no,no,no,e-check,1,yes,yes,2,0,1,51,yes,north,no
T01466,3,58.2,one-year,dsl,yes,yes,yes,no,card,0,no,no,1,0,1,58,yes,islands,no
T06274,8,101.6,one-year,fibre,no,yes,yes,yes,bank transfer,0,no,no,1,0,0,94,no,north,no
T02474,54,93.3,month-to-month,fibre,no,no,yes,no,bank transfer,1,no,no,1,0,0,104,no,north,no
T04430,11,56.5,month-to-month,dsl,yes,no,no,no,e-check,0,no,no,1,1,2,83,no,south,no
T04968,42,87.9,two-year,none,yes,no,yes,no,bank transfer,0,yes,no,2,1,1,60,yes,islands,no
T02905,26,78.2,one-year,none,no,no,no,no,bank transfer,0,yes,no,3,3,0,86,no,south,yes
T00387,1,39.7,month-to-month,dsl,no,no,yes,no,e-check,0,yes,yes,1,0,0,54,no,north,no
T00631,2,56.4,month-to-month,dsl,no,no,yes,no,card,0,yes,no,2,2,0,34,no,centre,yes
T06867,34,24.3,month-to-month,none,no,no,yes,yes,card,0,yes,yes,1,1,1,174,yes,islands,yes
T02325,9,36.3,month-to-month,none,no,no,yes,no,mailed check,0,no,yes,2,0,0,48,no,islands,no
T03686,14,21.4,one-year,fibre,no,yes,yes,yes,card,0,no,yes,2,1,1,66,no,islands,no
T05764,64,75.8,one-year,dsl,no,yes,yes,yes,bank transfer,0,no,no,2,2,0,63,yes,south,no
T04721,75,41.5,two-year,dsl,yes,no,yes,no,card,0,no,no,1,0,0,178,yes,north,no
T01766,23,47,two-year,dsl,no,yes,no,yes,mailed check,0,no,no,1,0,1,214,no,centre,no
T01157,35,102.8,month-to-month,fibre,yes,no,no,no,card,0,no,no,2,0,0,22,no,islands,yes
T04113,9,52.7,month-to-month,dsl,no,no,no,yes,bank transfer,0,no,no,0,0,1,210,no,centre,yes
T04848,19,60.8,month-to-month,fibre,yes,no,no,yes,card,0,no,yes,3,2,0,77,no,islands,no
T02415,58,98.2,month-to-month,none,yes,yes,no,no,e-check,0,yes,no,1,0,0,12,yes,north,no
T00367,9,92,month-to-month,fibre,no,yes,yes,yes,mailed check,1,yes,yes,1,2,0,80,no,north,yes
T06537,20,96.2,month-to-month,fibre,yes,yes,no,no,e-check,0,yes,no,2,0,2,76,yes,south,no
T02484,15,52.1,month-to-month,dsl,no,yes,no,yes,card,0,yes,yes,2,2,0,238,no,centre,no
T03723,11,99,month-to-month,dsl,no,yes,no,yes,e-check,0,no,yes,2,2,0,110,no,south,yes
T06341,66,27.7,month-to-month,fibre,yes,no,yes,yes,mailed check,0,yes,no,1,1,0,91,yes,north,no
T00017,5,54.7,month-to-month,fibre,yes,yes,yes,yes,mailed check,0,yes,no,1,4,2,53,no,south,yes
T00150,118,56.9,month-to-month,none,yes,no,yes,no,e-check,0,no,no,2,0,0,78,no,centre,no
T04571,7,93.4,month-to-month,none,yes,no,no,yes,card,0,no,no,1,0,1,68,no,south,no
T04423,8,24.7,one-year,dsl,yes,no,yes,yes,e-check,0,yes,no,1,3,0,165,no,south,yes
T01539,48,54.4,one-year,dsl,yes,yes,yes,yes,card,0,no,yes,1,2,1,45,no,north,no
T05039,11,41.8,month-to-month,dsl,no,yes,yes,yes,bank transfer,0,yes,yes,1,0,0,57,no,centre,no
T05249,3,99.9,two-year,dsl,yes,no,no,yes,mailed check,0,no,no,2,0,1,127,no,south,no
T00286,43,22.5,one-year,fibre,no,no,yes,no,mailed check,1,yes,yes,1,2,1,22,no,north,yes
T04519,5,47.4,month-to-month,fibre,yes,yes,yes,yes,bank transfer,0,no,no,1,1,0,71,no,islands,no
T03107,63,80.2,two-year,fibre,no,yes,yes,no,e-check,0,yes,yes,2,2,1,133,no,islands,no
T02641,40,78.9,month-to-month,fibre,yes,no,yes,yes,card,0,no,no,1,2,0,172,no,south,no
T05200,8,21.7,two-year,none,yes,no,yes,yes,bank transfer,0,yes,no,1,2,3,91,yes,centre,yes
T03231,200,46.1,month-to-month,dsl,no,no,no,no,card,0,no,no,2,0,2,131,yes,centre,no
T04058,17,28.1,two-year,none,no,no,no,yes,card,0,yes,no,1,0,0,203,no,centre,no
T06482,36,24.9,two-year,dsl,no,no,no,no,e-check,0,yes,yes,2,4,2,41,no,south,yes
T00352,3,61,month-to-month,dsl,no,yes,yes,yes,bank transfer,1,no,yes,2,0,1,67,no,north,no
T02075,13,101.3,month-to-month,dsl,no,yes,no,yes,card,0,yes,yes,3,0,0,128,no,centre,no
T00355,22,80.8,one-year,fibre,yes,yes,no,yes,e-check,0,yes,no,3,0,0,34,no,north,yes
T02833,58,102.7,month-to-month,fibre,yes,no,no,no,bank transfer,0,no,no,1,1,0,19,no,north,no
T02273,26,83,month-to-month,dsl,no,yes,yes,no,e-check,0,no,no,1,1,0,29,yes,centre,yes
T04041,91,61.3,month-to-month,dsl,no,no,no,no,bank transfer,0,yes,no,3,1,0,38,no,south,no
T06906,40,24.3,month-to-month,fibre,no,no,no,yes,e-check,0,no,no,1,4,0,45,no,islands,yes
T05443,4,64.2,month-to-month,fibre,no,no,no,yes,bank transfer,0,no,no,1,3,0,38,no,centre,yes
T03417,50,78.3,month-to-month,dsl,no,no,yes,yes,bank transfer,0,no,no,1,1,0,18,no,south,yes
T00587,24,41.3,month-to-month,fibre,no,no,no,yes,e-check,0,no,yes,2,0,2,45,yes,north,no
T00720,37,64.6,two-year,dsl,no,no,yes,yes,mailed check,0,no,no,1,1,1,45,no,centre,no
T03390,52,51.9,one-year,dsl,no,no,yes,yes,card,1,no,no,1,1,0,96,yes,north,no
T00012,9,97.2,one-year,fibre,no,no,yes,yes,bank transfer,0,no,yes,1,1,0,163,no,north,no
T05156,18,78.5,month-to-month,fibre,yes,no,yes,no,bank transfer,0,no,no,1,1,1,30,yes,centre,yes
T01569,25,31.2,one-year,none,no,no,yes,yes,mailed check,0,no,no,2,2,0,38,no,south,no
T02849,76,79.8,month-to-month,dsl,yes,yes,yes,yes,bank transfer,0,yes,no,1,0,1,80,no,south,no
T06525,13,40.3,one-year,fibre,no,no,yes,no,e-check,0,yes,yes,1,1,0,21,no,north,no
T00753,1,91.8,one-year,dsl,yes,no,yes,yes,card,0,no,yes,1,2,1,94,no,islands,no
T04845,19,60.5,one-year,fibre,yes,no,yes,yes,mailed check,0,yes,no,1,2,2,87,no,north,no
T06191,41,27,one-year,dsl,no,no,no,yes,card,0,yes,yes,2,0,0,31,no,islands,no
T03512,58,47.5,month-to-month,none,yes,no,no,yes,mailed check,0,no,no,0,1,0,38,no,north,yes
T05734,41,33.4,one-year,dsl,no,no,no,yes,e-check,0,no,no,1,1,0,126,no,islands,no
T01462,13,48.1,two-year,none,no,yes,no,yes,bank transfer,0,no,no,1,2,2,108,no,centre,no
T00405,26,35.7,two-year,none,yes,no,no,yes,card,0,no,no,1,0,0,51,no,north,no
T02366,27,76.3,month-to-month,fibre,no,yes,yes,no,e-check,0,yes,no,1,3,0,47,no,south,yes
T01201,10,80.1,one-year,dsl,yes,no,no,yes,e-check,1,no,yes,1,1,0,39,yes,islands,no
T03711,12,100.4,two-year,dsl,yes,no,no,no,card,0,no,no,1,0,1,139,no,islands,no
T05660,8,80.4,one-year,fibre,no,no,yes,yes,card,0,yes,no,2,0,1,210,no,islands,no
T02515,4,49.2,two-year,dsl,no,no,no,yes,mailed check,0,no,no,2,1,1,8,no,south,no
T04429,1,99.3,month-to-month,none,no,no,yes,no,mailed check,0,no,no,1,2,0,146,yes,north,yes
T04678,6,60.8,month-to-month,fibre,yes,no,no,yes,mailed check,0,yes,no,1,1,0,87,no,south,no
T00582,25,56.7,two-year,fibre,no,yes,no,yes,mailed check,0,no,no,2,1,1,110,no,islands,no
T05173,9,85.6,two-year,dsl,no,no,no,yes,mailed check,0,yes,no,1,2,1,110,yes,islands,yes
T06465,33,23.8,month-to-month,none,yes,yes,no,no,e-check,0,yes,yes,1,0,0,74,no,centre,yes
T02724,13,75.1,one-year,dsl,no,no,no,yes,mailed check,0,no,yes,1,2,0,71,no,islands,yes
T06712,11,98.6,two-year,fibre,no,no,no,no,mailed check,1,no,no,0,1,0,76,yes,north,no
T00396,1,61.7,month-to-month,dsl,no,no,no,no,bank transfer,0,no,no,1,1,0,143,no,north,no
T02746,11,28.1,one-year,none,no,no,no,yes,mailed check,0,no,yes,2,0,0,126,no,centre,no
T05974,33,23.1,one-year,fibre,yes,no,no,no,mailed check,0,yes,yes,2,2,0,46,no,south,no
T02462,4,31.2,month-to-month,fibre,no,no,no,yes,e-check,0,yes,no,3,1,0,61,no,north,yes
T01482,7,106.6,month-to-month,fibre,no,no,no,no,bank transfer,0,yes,no,1,0,0,66,no,north,yes
T02694,140,23.6,month-to-month,dsl,no,no,no,no,mailed check,0,yes,no,1,2,2,127,no,south,no
T02399,16,24.8,month-to-month,none,yes,no,no,yes,card,0,no,yes,1,2,0,16,no,south,no
T00688,29,99.1,month-to-month,none,yes,yes,yes,yes,e-check,0,no,yes,3,0,1,80,no,centre,no
T03441,1,33.7,one-year,fibre,no,no,yes,no,card,0,yes,no,2,2,0,13,no,north,yes
T03820,28,61,month-to-month,dsl,yes,yes,yes,yes,e-check,0,no,no,1,1,0,31,no,centre,no
T01542,38,69.7,two-year,fibre,no,no,yes,yes,bank transfer,0,yes,no,1,2,0,119,no,south,no
T01080,7,43.2,one-year,dsl,no,no,yes,yes,bank transfer,1,yes,yes,2,2,0,32,no,islands,yes
T05625,33,92,month-to-month,dsl,yes,no,yes,yes,mailed check,0,no,yes,3,2,1,115,yes,centre,no
T02595,44,21.3,one-year,none,no,no,no,no,bank transfer,0,no,yes,1,1,1,270,no,centre,no
T05193,11,78.1,month-to-month,dsl,no,no,no,yes,e-check,0,yes,yes,0,0,1,249,no,centre,no
T04743,34,27.5,month-to-month,fibre,yes,yes,no,yes,card,0,yes,yes,1,0,1,34,no,north,no
T05472,12,71.5,month-to-month,fibre,no,no,yes,no,bank transfer,0,no,yes,2,0,0,47,no,north,yes
T00801,58,52.1,two-year,dsl,yes,yes,no,no,e-check,0,no,no,1,0,1,6,yes,north,no
T04815,25,20.1,month-to-month,dsl,no,no,no,yes,bank transfer,0,no,no,0,3,0,248,no,centre,no
T03224,7,51.7,month-to-month,dsl,yes,yes,yes,no,card,1,no,no,1,0,0,26,no,north,no
T04467,1,24.7,month-to-month,none,yes,no,yes,yes,bank transfer,0,yes,yes,1,1,0,27,no,south,no
T05765,49,91.7,two-year,fibre,no,no,no,yes,card,0,yes,yes,1,2,1,33,no,centre,no
T05425,16,47.2,month-to-month,fibre,no,no,yes,yes,card,0,yes,yes,1,1,0,116,no,islands,yes
T00567,21,62.3,month-to-month,none,no,no,yes,yes,bank transfer,0,no,no,1,0,0,91,no,north,no
T00356,8,38.4,month-to-month,none,no,no,no,yes,e-check,1,no,yes,1,0,0,137,yes,islands,no
T00247,13,98.3,one-year,dsl,yes,yes,yes,yes,e-check,0,no,no,2,0,0,69,no,islands,no
T00888,31,75.9,month-to-month,dsl,no,yes,no,yes,e-check,0,no,no,3,0,1,54,no,centre,no
T02263,2,44,two-year,dsl,no,yes,yes,no,bank transfer,1,no,no,2,0,0,70,no,islands,no
T00100,24,36.5,month-to-month,fibre,yes,yes,no,no,card,0,no,no,1,0,0,27,no,north,no
T03428,12,62.2,month-to-month,dsl,no,yes,no,yes,bank transfer,0,yes,yes,0,0,1,83,no,islands,no
T06756,1,103,month-to-month,none,no,no,yes,yes,mailed check,0,no,yes,1,0,1,60,no,north,yes
T05928,2,102.1,one-year,none,no,no,no,no,card,0,no,no,0,2,0,93,no,south,no
T00206,10,51.9,two-year,fibre,no,yes,yes,yes,mailed check,0,no,no,0,0,1,108,no,centre,no
T04929,131,61.1,month-to-month,fibre,no,yes,no,no,mailed check,0,yes,no,1,0,0,114,no,south,no
T04605,8,104.6,month-to-month,fibre,yes,no,yes,yes,e-check,0,no,no,1,1,0,16,yes,centre,no
T03611,44,101.5,one-year,fibre,yes,no,yes,no,e-check,0,no,no,0,0,0,113,no,south,no
T00375,89,88.3,month-to-month,fibre,no,no,yes,yes,card,0,yes,no,2,0,0,49,yes,north,no
T00297,3,85,month-to-month,dsl,no,yes,yes,no,e-check,0,no,no,1,1,0,111,yes,north,yes
T03823,18,97.8,one-year,none,no,no,yes,no,mailed check,0,no,no,2,0,0,55,no,centre,no
T00559,257,82.8,one-year,fibre,no,no,yes,yes,mailed check,1,no,yes,1,1,0,16,no,islands,yes
T02335,18,43.9,month-to-month,dsl,no,yes,no,no,mailed check,0,yes,no,2,1,1,13,no,islands,no
T05123,62,94.6,month-to-month,dsl,no,no,yes,yes,card,0,yes,no,1,1,0,139,no,south,no
T03531,32,40.6,month-to-month,fibre,no,no,yes,yes,e-check,0,yes,yes,1,0,2,71,no,south,yes
T05203,49,31.6,one-year,dsl,no,no,yes,yes,e-check,0,no,no,0,0,0,113,no,south,no
T01789,16,71.1,one-year,fibre,no,no,yes,yes,mailed check,0,no,no,2,0,0,123,no,islands,no
T01562,78,67,one-year,dsl,no,no,yes,yes,bank transfer,1,yes,no,2,2,0,96,no,centre,no
T00710,24,101,month-to-month,dsl,no,no,no,no,card,0,yes,yes,3,3,0,52,no,centre,no
T03650,106,37.7,month-to-month,fibre,yes,no,no,yes,mailed check,0,yes,yes,1,0,0,94,no,centre,no
T05987,11,99.9,month-to-month,fibre,no,no,no,no,bank transfer,0,yes,no,1,0,0,57,no,north,yes
T04682,13,43.5,month-to-month,dsl,no,yes,yes,no,card,0,yes,no,1,1,0,8,no,centre,no
T00920,22,52.3,month-to-month,fibre,yes,yes,no,yes,card,0,no,no,2,0,1,37,no,south,no
T02267,34,36.5,month-to-month,fibre,yes,no,yes,yes,e-check,0,yes,no,2,0,1,142,yes,centre,yes
T06048,25,34.9,month-to-month,fibre,no,yes,yes,no,card,0,yes,yes,1,1,1,48,no,islands,yes
T04097,36,46.8,month-to-month,none,no,yes,yes,yes,e-check,0,yes,no,3,0,0,70,no,north,no
T03684,21,33.2,month-to-month,none,no,yes,no,no,mailed check,1,no,no,2,2,0,33,no,centre,yes
T02938,27,63.3,month-to-month,dsl,no,yes,no,yes,e-check,0,yes,no,3,1,0,88,yes,centre,no
T06307,62,94.2,two-year,fibre,no,no,no,yes,bank transfer,0,no,no,2,0,1,117,no,centre,no
T00005,56,57.2,two-year,fibre,yes,no,no,yes,e-check,0,yes,no,1,1,0,129,no,islands,no
T00134,79,96,two-year,fibre,no,no,yes,yes,bank transfer,0,no,yes,0,1,1,20,no,south,no
T01529,31,44.1,month-to-month,dsl,no,yes,no,yes,card,1,yes,yes,1,0,0,94,yes,south,no
T00593,41,58.8,month-to-month,fibre,no,yes,no,no,bank transfer,0,no,no,2,0,1,85,no,north,no
T01130,1,73,month-to-month,dsl,yes,no,no,no,bank transfer,0,yes,no,2,1,0,35,no,south,no
T03587,3,102.7,month-to-month,dsl,yes,no,no,yes,card,0,yes,yes,2,0,0,17,no,north,no
T02516,32,62.4,month-to-month,fibre,no,no,yes,yes,card,0,no,no,1,1,0,63,yes,centre,yes
T03332,4,33.8,month-to-month,none,no,no,no,yes,mailed check,0,yes,no,3,2,0,37,yes,centre,no
T03735,21,31,one-year,fibre,no,yes,no,no,bank transfer,0,yes,no,1,1,1,28,no,islands,no
T05880,36,52.6,month-to-month,none,no,no,no,no,e-check,0,yes,yes,3,2,0,85,no,north,no
T01104,26,40,one-year,none,no,no,yes,yes,card,1,no,yes,2,0,1,139,no,south,no
T03826,22,54.3,month-to-month,dsl,no,no,yes,no,bank transfer,0,no,yes,1,1,0,7,no,north,yes
T06983,35,100.7,month-to-month,dsl,no,no,no,yes,bank transfer,0,yes,no,2,0,0,232,no,north,no
T01790,11,25.4,one-year,dsl,no,no,no,no,mailed check,0,yes,yes,1,0,1,192,no,south,no
T02663,5,81.2,two-year,dsl,yes,no,no,no,e-check,0,yes,no,1,1,1,144,no,centre,no
T03960,30,50.6,month-to-month,fibre,no,no,no,yes,mailed check,0,yes,no,3,0,0,60,no,south,no
T06702,29,33,two-year,none,yes,no,yes,yes,e-check,1,no,no,0,3,1,50,no,north,no
T01179,12,34.3,month-to-month,dsl,no,no,no,no,card,1,yes,no,3,0,2,49,no,islands,no
T01729,51,94.5,one-year,fibre,yes,no,yes,no,e-check,0,yes,no,2,0,1,46,no,south,yes
T02672,23,109.3,month-to-month,none,no,no,yes,yes,card,0,no,no,1,2,0,99,no,south,yes
T06816,3,46.1,one-year,fibre,no,no,yes,yes,card,1,no,no,1,1,0,81,no,islands,no
T01429,16,22.6,month-to-month,dsl,yes,no,no,no,bank transfer,0,no,yes,1,1,0,7,no,south,no
T04150,25,52.6,month-to-month,fibre,no,no,no,yes,card,1,no,no,1,0,1,137,no,centre,yes
T00120,7,64.7,month-to-month,fibre,no,no,no,yes,mailed check,0,no,yes,2,0,0,18,no,centre,no
T06963,26,63.2,one-year,none,no,no,yes,no,e-check,1,yes,yes,1,0,2,34,no,islands,no
T00480,2,50.7,one-year,fibre,yes,no,yes,yes,bank transfer,0,no,no,1,1,0,84,no,south,no
T01678,16,78.8,month-to-month,dsl,no,no,yes,yes,mailed check,1,no,no,2,3,1,213,no,north,yes
T04267,30,40.5,one-year,dsl,no,no,yes,no,bank transfer,0,no,no,1,1,0,63,no,south,no
T01928,25,83.3,one-year,fibre,no,no,no,yes,e-check,0,yes,no,1,0,2,35,yes,south,no
T04994,18,106,one-year,dsl,yes,yes,no,yes,e-check,0,yes,no,1,1,1,100,no,north,no
T02496,13,84.7,two-year,none,no,yes,yes,yes,mailed check,0,no,no,2,0,0,25,no,south,no
T03953,102,86.2,month-to-month,fibre,yes,yes,no,no,bank transfer,0,yes,no,1,2,1,14,no,centre,no
T02151,27,86,one-year,fibre,no,no,no,no,bank transfer,1,no,no,2,2,1,91,no,south,yes
T04534,96,66.1,two-year,fibre,no,no,no,yes,e-check,0,yes,no,3,0,0,117,no,south,no
T01398,29,43.8,one-year,fibre,no,no,no,yes,bank transfer,1,yes,no,0,1,0,106,yes,centre,no
T06342,29,27.4,month-to-month,none,no,no,no,yes,mailed check,0,yes,yes,0,1,2,87,no,islands,no
T02063,101,53.9,two-year,fibre,yes,no,yes,no,e-check,0,no,yes,1,3,0,115,yes,south,no
T05124,23,76.9,month-to-month,dsl,no,no,yes,yes,e-check,0,no,no,1,2,1,17,yes,south,no
T01949,9,87.1,month-to-month,dsl,no,no,no,yes,card,0,no,yes,3,1,0,44,yes,centre,yes
T06633,28,34.7,one-year,dsl,no,yes,no,yes,e-check,0,no,yes,2,0,0,89,no,south,no
T03213,17,94.2,one-year,fibre,no,no,no,yes,bank transfer,0,yes,yes,1,0,0,124,no,centre,no
T02514,24,69.4,month-to-month,fibre,no,yes,yes,no,mailed check,0,yes,yes,1,0,0,137,no,north,yes
T06839,3,40.5,month-to-month,dsl,no,no,yes,no,card,0,no,yes,1,0,1,135,yes,north,yes
T02443,5,25.4,month-to-month,fibre,no,no,no,yes,e-check,0,no,no,2,2,0,114,no,islands,no
T02906,6,71,month-to-month,fibre,no,yes,yes,yes,card,0,yes,no,2,0,0,112,no,centre,no
T00226,71,43,month-to-month,fibre,yes,yes,yes,no,e-check,0,no,no,1,0,0,161,no,north,no
T04333,28,34.3,one-year,dsl,no,no,yes,yes,mailed check,0,no,no,1,1,0,281,no,north,no
T02258,1,47,two-year,dsl,yes,no,yes,yes,bank transfer,0,no,no,1,0,1,121,no,north,no
T00786,1,66.3,month-to-month,fibre,no,no,yes,no,bank transfer,0,no,no,3,0,1,22,no,north,yes
T05143,39,67.5,one-year,none,no,no,yes,yes,bank transfer,0,no,no,2,1,1,68,no,islands,no
T04875,32,55.9,two-year,fibre,no,no,yes,no,card,0,yes,yes,1,0,0,36,no,centre,no
T01120,7,26.6,two-year,dsl,no,yes,yes,yes,card,0,no,no,0,0,0,79,no,islands,yes
T05885,25,98.4,month-to-month,dsl,yes,yes,no,yes,mailed check,0,no,no,1,2,0,43,no,centre,yes
T03556,21,100.5,two-year,dsl,no,no,yes,no,bank transfer,1,no,no,2,1,1,43,no,north,no
T06823,49,59.6,month-to-month,dsl,no,yes,yes,yes,bank transfer,0,yes,yes,2,3,0,35,yes,south,no
T02361,62,45.4,two-year,dsl,no,yes,no,yes,mailed check,0,no,no,1,0,0,54,no,islands,no
T02954,28,98.8,two-year,fibre,no,yes,yes,yes,e-check,0,yes,no,1,2,1,173,no,south,no
T06662,13,74.1,month-to-month,dsl,yes,no,yes,no,bank transfer,0,no,no,2,0,1,44,yes,islands,no
T01158,7,55,two-year,dsl,no,yes,yes,no,card,1,no,no,1,1,0,15,no,centre,no
T04820,27,42.9,two-year,none,yes,no,yes,yes,e-check,0,no,no,2,1,0,88,no,north,no
T06543,1,69.3,one-year,dsl,no,yes,yes,yes,bank transfer,0,yes,no,2,1,0,164,no,south,no
T01110,6,100.3,month-to-month,fibre,no,no,no,no,bank transfer,0,yes,yes,0,0,0,55,no,centre,no
T06032,26,36.7,month-to-month,none,yes,no,yes,yes,e-check,0,yes,yes,2,0,0,31,no,north,no
T04891,34,107.2,month-to-month,none,yes,no,yes,yes,e-check,1,yes,no,2,1,0,139,no,north,yes
T02145,5,32.2,month-to-month,fibre,no,no,yes,no,card,0,yes,no,3,1,2,138,no,centre,yes
T01000,67,57.1,two-year,dsl,no,no,no,yes,card,0,yes,yes,1,2,0,68,no,north,no
T02904,6,32.9,one-year,fibre,no,yes,no,yes,card,0,yes,yes,0,2,0,122,no,islands,no
T01475,3,49.1,one-year,dsl,no,no,no,yes,mailed check,0,no,no,3,2,0,42,no,centre,no
T05436,12,76.7,month-to-month,dsl,yes,yes,yes,yes,e-check,1,yes,no,3,1,0,156,no,islands,yes
T02535,60,30.9,one-year,fibre,no,no,yes,yes,mailed check,1,no,no,1,0,1,52,no,north,no
T03322,1,91.8,one-year,dsl,yes,no,yes,yes,bank transfer,0,yes,no,3,0,0,30,no,south,no
T03028,30,35.8,one-year,none,no,no,yes,yes,mailed check,0,no,no,0,1,0,69,yes,north,no
T05617,10,62.2,one-year,fibre,no,yes,yes,yes,mailed check,0,no,yes,0,2,1,134,no,islands,no
T03282,13,72,two-year,dsl,yes,yes,yes,no,e-check,0,no,no,0,0,0,104,yes,north,no
T00992,90,31.2,one-year,none,yes,yes,no,no,e-check,0,yes,no,1,1,1,35,no,centre,no
T01175,6,104.9,month-to-month,dsl,no,no,yes,no,mailed check,0,yes,no,2,0,0,95,no,north,no
T01439,13,48.2,month-to-month,dsl,yes,no,yes,yes,bank transfer,0,yes,yes,2,0,1,55,no,centre,no
T01863,21,61,two-year,fibre,no,no,no,yes,e-check,0,yes,no,3,1,0,38,no,north,no
T01962,14,98.5,month-to-month,dsl,no,no,no,yes,bank transfer,0,yes,no,2,2,0,11,no,north,yes
T01447,16,84.7,one-year,dsl,no,no,yes,yes,bank transfer,1,no,no,1,0,0,123,yes,islands,no
T04156,30,70.1,one-year,none,no,no,no,no,mailed check,0,no,no,3,1,0,256,no,islands,no
T00257,44,109.3,month-to-month,dsl,no,no,yes,no,mailed check,0,yes,yes,1,1,3,41,yes,centre,yes
T03756,23,95.5,month-to-month,fibre,yes,no,yes,yes,e-check,1,no,yes,2,1,0,74,no,centre,yes
T02045,50,87.5,one-year,none,no,no,no,no,card,0,no,yes,1,1,1,62,no,north,no
T06608,66,44.9,month-to-month,dsl,no,no,yes,yes,card,0,yes,no,1,0,0,25,yes,north,no
T00421,1,63.9,month-to-month,dsl,no,yes,yes,no,e-check,0,no,yes,2,1,1,53,no,north,no
T04490,153,45.7,month-to-month,fibre,yes,yes,no,yes,bank transfer,0,no,no,1,0,0,196,no,north,no
T00690,9,63.3,month-to-month,fibre,no,no,yes,no,card,1,yes,no,0,2,3,53,no,islands,yes
T06223,88,98.9,one-year,dsl,yes,yes,yes,no,e-check,0,no,yes,3,1,2,279,no,north,no
T00460,12,67.3,two-year,dsl,no,yes,yes,yes,e-check,0,yes,no,0,0,0,39,no,south,no
T05890,18,29.5,one-year,fibre,no,no,no,yes,card,0,yes,no,0,2,0,57,yes,north,no
T06783,71,60.7,two-year,none,no,yes,no,yes,bank transfer,0,yes,no,2,0,1,47,yes,centre,no
T02169,9,77.6,month-to-month,dsl,yes,yes,yes,no,card,1,no,no,3,0,1,101,yes,centre,yes
T05790,27,33.9,one-year,fibre,no,no,yes,yes,e-check,1,yes,no,0,1,2,39,no,north,no
T05447,154,71.7,one-year,fibre,no,yes,no,no,card,0,no,no,1,1,1,59,no,north,no
T05362,8,64,month-to-month,fibre,no,no,yes,yes,e-check,0,no,yes,1,3,0,38,no,south,yes
T06518,75,61.3,month-to-month,none,yes,no,no,no,bank transfer,0,yes,no,2,1,1,76,no,islands,no
T03118,19,102.6,month-to-month,dsl,yes,no,yes,yes,e-check,1,no,no,1,0,0,166,no,south,no
T03160,38,76.3,month-to-month,dsl,yes,yes,yes,no,card,0,no,yes,3,2,1,231,no,north,no
T01520,66,109.3,one-year,none,yes,no,no,yes,mailed check,0,no,no,0,1,2,27,no,centre,no
T03295,3,41.2,month-to-month,fibre,no,no,no,yes,card,0,no,no,0,0,1,134,yes,south,no
T00715,21,24.1,one-year,fibre,no,no,no,no,bank transfer,0,no,no,1,0,1,99,no,islands,no
T06959,28,65,month-to-month,fibre,no,yes,yes,no,card,0,yes,yes,2,0,0,19,yes,centre,no
T04705,3,62.8,month-to-month,none,no,no,yes,yes,e-check,0,yes,no,1,0,1,47,no,centre,yes
T04827,11,34,month-to-month,fibre,yes,no,no,yes,e-check,1,yes,yes,0,1,0,68,no,centre,yes
T03799,37,31.1,month-to-month,fibre,no,yes,yes,yes,e-check,0,yes,no,1,0,0,49,yes,south,no
T02031,13,109,one-year,dsl,no,no,yes,yes,card,0,no,no,1,2,0,55,yes,islands,no
T04236,14,26.9,month-to-month,fibre,no,no,yes,yes,e-check,0,no,yes,1,1,0,61,no,south,yes
T00081,13,38.5,one-year,dsl,yes,no,yes,yes,mailed check,0,yes,no,1,0,1,81,no,centre,no
T00984,62,36.9,one-year,dsl,no,yes,no,yes,bank transfer,0,no,no,2,0,0,7,no,south,no
T02158,34,82.3,month-to-month,dsl,no,yes,yes,no,bank transfer,0,yes,no,3,2,0,12,yes,north,no
T01705,31,53.9,one-year,dsl,yes,no,no,no,card,0,yes,no,2,1,1,28,yes,islands,no
T06541,23,52.8,month-to-month,dsl,yes,no,yes,no,mailed check,0,no,no,0,1,0,54,yes,south,no
T05940,1,48.1,two-year,fibre,no,no,yes,yes,card,0,yes,yes,3,1,0,46,no,islands,no
T06123,7,30.2,one-year,none,yes,no,yes,yes,bank transfer,0,no,yes,2,0,0,29,no,centre,no
T00398,7,38.3,one-year,dsl,no,yes,yes,no,bank transfer,0,no,no,1,0,0,91,no,centre,no
T01997,11,92.3,month-to-month,none,no,no,yes,no,bank transfer,0,yes,no,2,1,1,60,no,north,yes
T00073,31,87.3,month-to-month,fibre,yes,yes,yes,no,mailed check,0,no,yes,1,3,0,28,no,islands,yes
T05399,48,50,one-year,none,no,no,no,no,e-check,0,no,yes,0,1,0,49,no,north,no
T05838,36,55.5,one-year,none,no,yes,no,no,bank transfer,0,no,yes,1,0,2,111,no,north,no
T00315,20,51.4,month-to-month,fibre,no,no,no,no,card,0,yes,no,1,0,0,80,no,centre,no
T00300,1,87.6,month-to-month,fibre,yes,no,yes,yes,bank transfer,0,yes,no,0,0,0,131,no,north,no
T05956,36,48.6,month-to-month,dsl,yes,no,no,yes,e-check,0,no,no,3,0,2,51,yes,islands,no
T06538,9,58.5,two-year,fibre,no,no,yes,no,card,0,no,no,0,1,1,38,no,south,no
T03683,28,73.1,month-to-month,fibre,no,yes,no,yes,card,0,yes,no,1,1,1,103,no,north,no
T00946,7,24.8,month-to-month,dsl,no,no,no,no,bank transfer,0,no,no,0,0,0,79,no,islands,no
T02682,19,94.3,month-to-month,none,yes,no,no,yes,mailed check,1,no,no,2,0,1,82,yes,north,no
T05576,5,27.6,month-to-month,fibre,yes,no,yes,no,e-check,0,no,no,2,2,0,46,no,islands,yes
T05338,1,103.8,one-year,fibre,yes,yes,no,no,bank transfer,0,yes,no,1,1,2,59,no,south,no
T00360,22,28,one-year,dsl,no,no,no,yes,card,0,yes,yes,1,4,1,55,no,south,no
T03563,61,108.1,month-to-month,dsl,yes,no,no,yes,e-check,1,no,no,1,1,0,29,no,north,no
T03409,18,69.3,two-year,dsl,yes,no,no,yes,bank transfer,1,yes,no,1,1,0,129,no,centre,no
T02907,1,58.8,month-to-month,fibre,no,no,yes,no,bank transfer,0,yes,yes,2,0,1,23,no,islands,yes
T00624,19,27.5,month-to-month,dsl,no,yes,no,yes,mailed check,0,yes,yes,1,0,1,82,no,north,no
T01687,35,62.8,month-to-month,fibre,no,no,yes,no,mailed check,0,no,yes,2,1,0,46,no,islands,no
T02929,13,107.4,month-to-month,none,no,no,yes,yes,card,0,no,no,1,1,0,113,no,south,no
T00502,51,76.5,month-to-month,none,no,yes,no,no,bank transfer,0,no,no,2,1,1,136,yes,centre,no
T06378,2,53.4,month-to-month,dsl,no,no,no,no,mailed check,0,no,no,1,2,0,42,yes,islands,yes
T00759,36,22.3,one-year,fibre,no,no,no,yes,mailed check,0,yes,yes,2,1,1,46,no,centre,yes
T04099,12,35.5,month-to-month,dsl,no,no,no,no,mailed check,0,no,yes,3,1,0,115,no,south,no
T05131,10,100.8,month-to-month,none,no,no,yes,yes,card,1,no,no,1,1,0,74,no,centre,yes
T01348,33,109.8,two-year,dsl,yes,no,no,no,e-check,0,yes,yes,0,1,0,162,no,islands,no
T03296,11,102.3,month-to-month,fibre,no,no,no,no,mailed check,0,no,yes,0,0,0,96,no,islands,yes
T06649,5,96.5,month-to-month,none,no,yes,no,no,e-check,0,yes,no,0,1,0,177,yes,centre,no
T00016,2,107,two-year,fibre,yes,yes,yes,yes,card,0,yes,no,0,2,0,98,no,islands,no
T04245,1,39,month-to-month,dsl,no,yes,yes,yes,bank transfer,0,no,no,1,1,2,42,no,centre,no
T05035,4,64.1,one-year,fibre,no,yes,no,yes,mailed check,0,no,yes,1,0,0,146,yes,centre,no
T04995,42,31.8,month-to-month,fibre,no,no,yes,no,e-check,0,yes,no,1,0,0,102,no,centre,no
T03503,13,66.6,two-year,dsl,no,no,no,no,mailed check,0,no,no,1,1,0,50,no,north,no
T00581,3,55.2,one-year,fibre,no,yes,yes,no,card,0,yes,no,3,1,1,91,no,islands,yes
T01088,43,38.5,month-to-month,fibre,no,yes,yes,yes,e-check,0,no,no,1,1,0,30,yes,south,yes
T05271,3,107.7,one-year,dsl,no,no,no,no,mailed check,0,no,no,2,1,1,98,no,islands,no
T01717,54,104.8,two-year,fibre,yes,no,no,yes,card,0,yes,no,0,0,2,33,no,south,no
T02931,84,96.2,month-to-month,dsl,no,yes,yes,no,e-check,0,no,no,2,2,0,46,no,south,yes
T01332,34,33,month-to-month,dsl,yes,no,no,yes,e-check,0,no,no,1,2,0,93,no,centre,yes
T05532,107,76,one-year,none,no,no,yes,yes,mailed check,0,yes,yes,0,0,1,140,no,centre,no
T06054,2,98.3,month-to-month,dsl,no,no,no,yes,mailed check,0,yes,yes,1,0,1,103,no,north,yes
T02676,2,104.3,month-to-month,fibre,no,no,no,yes,bank transfer,1,no,no,1,2,0,32,no,islands,yes
T04998,1,31.2,month-to-month,fibre,yes,no,no,yes,card,1,yes,no,2,0,0,159,no,south,no
T04085,21,54.7,month-to-month,fibre,no,no,no,yes,card,0,yes,no,1,1,0,42,no,centre,no
T06549,25,103.9,month-to-month,none,yes,yes,no,yes,bank transfer,0,no,no,2,0,3,99,no,islands,no
T01366,1,109.4,month-to-month,dsl,no,no,no,yes,e-check,1,no,yes,2,1,0,48,no,islands,yes
T01686,77,81.2,two-year,fibre,no,no,yes,yes,e-check,0,yes,no,1,0,0,86,yes,south,no
T00031,54,78.1,month-to-month,fibre,no,no,no,yes,card,1,no,no,1,2,1,88,no,north,no
T01425,45,20.5,month-to-month,none,no,no,yes,no,e-check,0,no,no,1,0,0,25,no,south,yes
T03924,17,29.5,one-year,none,yes,yes,yes,yes,card,0,yes,no,0,0,0,47,no,centre,no
T02351,68,32,one-year,fibre,no,yes,yes,yes,card,0,yes,no,1,0,1,159,no,islands,no
T05449,28,105.9,one-year,fibre,yes,no,no,yes,bank transfer,1,yes,yes,1,0,0,129,no,islands,no
T04355,13,53.6,one-year,fibre,yes,no,yes,no,e-check,0,yes,no,1,0,0,63,no,islands,yes
T06467,10,21.8,two-year,fibre,no,no,yes,yes,card,0,yes,no,3,1,0,73,no,islands,no
T00276,1,50.5,month-to-month,dsl,yes,no,yes,yes,card,0,no,yes,1,0,1,129,no,north,no
T01167,28,75.2,month-to-month,dsl,no,yes,no,yes,e-check,0,yes,no,2,1,1,82,no,south,no
T04306,14,25,month-to-month,fibre,yes,yes,yes,no,bank transfer,0,no,no,2,0,0,25,yes,centre,no
T04572,10,34.3,month-to-month,fibre,yes,no,no,yes,mailed check,1,yes,no,1,2,0,76,yes,centre,no
T03824,1,88.1,month-to-month,fibre,yes,yes,no,yes,mailed check,0,yes,no,2,1,0,180,no,south,yes
T04922,1,104.1,two-year,none,no,no,yes,no,card,0,yes,yes,1,0,0,50,no,south,yes
T03289,8,73,month-to-month,fibre,no,yes,no,yes,e-check,0,yes,no,1,1,0,34,no,south,no
T01595,14,43.3,month-to-month,dsl,no,yes,no,no,bank transfer,0,yes,yes,1,0,2,29,no,south,yes
T02693,3,58.4,month-to-month,dsl,no,yes,no,yes,card,0,yes,no,1,0,1,169,no,north,no
T06803,42,66,two-year,fibre,no,yes,no,yes,mailed check,0,yes,no,2,0,0,50,no,north,no
T02164,15,92.1,month-to-month,dsl,yes,no,no,yes,card,1,yes,no,2,1,1,37,yes,north,no
T02649,22,57.6,one-year,dsl,no,no,no,yes,card,1,yes,yes,1,1,0,56,yes,north,no
T00664,64,20.8,two-year,fibre,no,no,no,no,bank transfer,0,no,yes,1,0,0,73,yes,north,no
T06514,8,25.4,month-to-month,fibre,no,no,no,no,e-check,0,no,yes,1,3,2,41,no,centre,yes
T03013,10,85.9,two-year,none,no,no,no,yes,mailed check,0,no,no,0,1,0,110,yes,centre,no
T00089,34,63.2,two-year,dsl,yes,no,no,yes,mailed check,1,no,yes,2,0,0,69,no,islands,no
T05549,76,99.4,month-to-month,fibre,no,no,yes,no,card,0,yes,no,1,1,2,117,no,south,yes
T04801,67,36.6,two-year,dsl,no,no,yes,no,card,0,no,no,1,0,1,100,yes,north,no
T01141,62,28.8,month-to-month,fibre,no,yes,no,no,bank transfer,0,no,no,2,0,0,130,yes,north,no
T02817,26,38,one-year,fibre,no,yes,yes,yes,mailed check,0,no,yes,0,2,0,67,no,centre,yes
T04683,76,38.7,month-to-month,fibre,no,yes,yes,yes,e-check,0,yes,no,1,1,2,108,no,north,no
T03784,15,58.6,one-year,dsl,no,no,yes,yes,card,0,yes,no,0,1,2,102,no,centre,yes
T04512,1,32.4,one-year,none,no,no,no,yes,card,0,no,no,0,0,0,7,no,north,no
T06002,16,96.6,one-year,none,yes,no,yes,no,card,0,yes,no,2,0,0,60,yes,north,no
T01853,50,78,month-to-month,fibre,yes,no,no,no,mailed check,0,yes,no,1,0,0,56,no,islands,no
T03916,6,91.4,month-to-month,fibre,yes,no,yes,yes,e-check,0,yes,yes,1,1,1,27,no,north,no
T02160,43,87.3,month-to-month,none,yes,no,yes,no,card,0,no,no,0,0,1,120,yes,south,no
T01276,97,81.6,one-year,dsl,yes,no,no,no,e-check,1,no,no,1,2,1,79,no,north,no
T05060,24,41.4,month-to-month,fibre,no,no,no,no,card,0,yes,no,2,1,0,142,no,centre,yes
T05902,40,55.5,month-to-month,fibre,yes,no,no,yes,mailed check,0,no,no,2,1,0,189,no,south,no
T06793,116,54.4,two-year,fibre,no,yes,yes,yes,mailed check,0,no,no,2,1,1,87,yes,north,no
T02025,36,57.5,month-to-month,dsl,yes,no,no,yes,mailed check,0,yes,no,2,2,0,50,no,south,no
T05971,21,47.9,month-to-month,dsl,no,no,no,yes,bank transfer,0,yes,no,1,0,1,79,no,centre,yes
T06535,4,28.3,month-to-month,fibre,yes,no,no,no,bank transfer,0,yes,yes,1,1,1,103,no,north,yes
T01430,34,86.3,one-year,fibre,no,no,yes,no,e-check,1,yes,no,2,1,0,161,no,centre,yes
T05852,3,39,two-year,dsl,no,yes,yes,yes,mailed check,0,no,yes,2,0,1,41,no,islands,no
T00718,14,33.6,month-to-month,fibre,yes,no,yes,yes,bank transfer,1,yes,no,2,2,0,226,no,centre,yes
T01349,50,109.2,month-to-month,fibre,no,no,no,yes,mailed check,0,yes,no,2,1,2,147,no,centre,yes
T05154,37,76.9,month-to-month,dsl,no,no,no,yes,mailed check,0,yes,yes,1,1,1,45,yes,islands,no
T03835,31,77.1,month-to-month,fibre,no,no,no,yes,bank transfer,0,yes,yes,3,0,1,154,no,centre,yes
T05017,12,99.1,one-year,fibre,no,no,no,no,mailed check,0,yes,no,2,2,1,134,no,south,no
T05191,59,38.6,month-to-month,none,no,no,no,yes,e-check,1,no,no,1,0,1,79,yes,north,yes
T05279,141,67.4,one-year,dsl,no,no,no,yes,mailed check,0,yes,no,1,0,0,36,no,north,no
T04419,9,93.9,two-year,none,no,no,yes,yes,mailed check,0,no,no,1,0,1,214,yes,north,yes
T02257,23,74.9,two-year,dsl,yes,no,yes,yes,bank transfer,1,yes,no,2,1,0,193,no,islands,no
T04441,35,49.1,month-to-month,dsl,no,no,no,no,bank transfer,1,yes,no,1,0,0,40,no,islands,no
T03000,78,36,one-year,fibre,no,no,yes,no,mailed check,1,yes,yes,2,0,0,38,no,centre,no
T03017,13,68.2,one-year,fibre,no,no,yes,no,card,1,no,yes,1,1,0,45,no,islands,yes
T02544,21,65.1,month-to-month,dsl,no,yes,yes,yes,mailed check,0,no,no,3,0,1,62,no,south,yes
T00520,42,103,two-year,fibre,no,no,no,no,card,0,yes,no,2,2,0,134,no,islands,no
T05054,90,25.1,month-to-month,dsl,no,yes,no,yes,card,0,yes,no,0,1,0,15,no,south,no
T05591,136,104.6,one-year,none,no,no,no,no,mailed check,1,no,no,3,1,3,84,no,islands,no
T05469,113,108.6,one-year,dsl,no,no,yes,no,bank transfer,0,yes,no,1,2,1,51,no,centre,no
T04609,19,44.7,one-year,fibre,yes,yes,no,yes,card,1,no,no,2,1,1,46,no,south,no
T06088,10,94,one-year,none,no,yes,no,yes,card,0,yes,no,2,0,0,109,no,centre,no
T05942,46,97.2,month-to-month,fibre,no,yes,yes,no,mailed check,0,no,no,1,0,0,85,no,centre,no
T04009,4,23.8,month-to-month,none,no,no,no,yes,card,0,no,no,2,1,0,117,no,islands,yes
T03732,11,36.1,one-year,none,no,no,yes,yes,mailed check,0,no,no,0,0,0,142,yes,north,no
T01534,25,79.9,one-year,dsl,yes,no,yes,no,mailed check,0,no,no,0,0,1,99,no,islands,no
T02706,41,50.3,month-to-month,fibre,yes,no,yes,yes,e-check,0,no,no,0,2,0,15,yes,centre,no
T03670,129,79.1,month-to-month,none,no,yes,no,yes,mailed check,0,yes,yes,1,1,0,104,no,islands,no
T04974,12,58.8,one-year,fibre,no,no,no,no,e-check,0,no,no,0,1,0,26,no,south,no
T05997,36,71.8,month-to-month,dsl,yes,yes,yes,yes,card,1,yes,no,3,1,0,25,no,north,no
T03429,15,72.9,month-to-month,dsl,no,yes,yes,no,e-check,0,no,no,2,1,1,173,no,south,no
T03167,28,26.5,two-year,dsl,yes,no,no,yes,bank transfer,0,no,yes,1,1,0,93,no,north,no
T06762,47,81.6,two-year,none,no,yes,yes,yes,mailed check,0,yes,yes,3,0,1,275,no,south,no
T03502,43,25.4,month-to-month,none,yes,yes,yes,no,e-check,0,no,no,3,0,2,155,yes,north,no
T03418,4,65.5,one-year,fibre,no,no,yes,no,mailed check,0,yes,no,2,0,0,192,no,islands,no
T00018,5,54.1,two-year,dsl,yes,yes,yes,no,card,0,no,no,1,0,0,10,yes,islands,no
T00614,8,99.5,month-to-month,none,no,no,no,yes,mailed check,0,no,no,3,0,1,49,no,north,yes
T05104,2,49.4,two-year,fibre,no,yes,no,yes,card,0,no,no,2,0,0,84,no,south,no
T03399,47,63,month-to-month,fibre,yes,no,yes,yes,bank transfer,0,yes,yes,2,1,1,45,yes,islands,no
T06263,22,105.6,month-to-month,fibre,yes,no,no,yes,mailed check,0,no,no,2,1,0,37,no,south,no
T05128,62,55,two-year,dsl,yes,no,no,yes,e-check,0,no,no,2,0,0,66,no,north,no
T04603,4,73.1,one-year,dsl,no,no,no,yes,mailed check,1,yes,no,1,0,0,73,no,islands,no
T00656,1,43.7,two-year,dsl,yes,yes,yes,no,card,0,no,yes,3,3,0,49,no,south,no
T00267,5,27.1,one-year,fibre,no,no,yes,no,card,0,yes,no,3,2,0,214,no,north,yes
T03558,2,57.8,two-year,none,yes,no,no,no,e-check,0,yes,no,2,2,0,33,yes,centre,no
T00696,83,20.9,one-year,none,no,no,yes,yes,card,0,no,no,1,0,0,160,no,centre,no
T02039,22,98.8,month-to-month,dsl,no,no,no,yes,e-check,0,yes,no,1,1,0,45,no,centre,no
T05166,3,73.3,month-to-month,fibre,no,no,yes,yes,mailed check,0,no,no,0,0,1,68,no,north,yes
T03400,63,59.3,month-to-month,none,yes,yes,yes,no,mailed check,0,yes,no,1,1,1,16,no,islands,no
T06519,2,40.3,two-year,fibre,yes,no,yes,yes,bank transfer,0,yes,yes,2,1,0,81,yes,centre,no
T01941,5,104.2,month-to-month,fibre,no,yes,yes,yes,mailed check,0,no,no,1,0,0,122,yes,centre,no
T02062,4,63.5,one-year,fibre,yes,yes,no,yes,bank transfer,0,yes,no,1,0,1,157,yes,south,no
T05830,4,31.3,month-to-month,none,no,no,yes,yes,card,0,yes,no,2,0,4,170,no,centre,yes
T05276,26,86.7,two-year,fibre,no,no,yes,no,bank transfer,0,yes,yes,2,0,0,50,no,islands,no
T06162,9,106.6,month-to-month,fibre,yes,yes,yes,no,bank transfer,0,yes,yes,0,1,0,74,no,islands,yes
T04932,13,85.2,month-to-month,dsl,no,no,no,yes,mailed check,0,yes,no,2,0,0,27,no,islands,yes
T02779,59,52.5,month-to-month,fibre,yes,yes,yes,no,mailed check,0,no,no,2,1,0,9,no,centre,no
T01822,1,72.7,month-to-month,fibre,no,no,no,no,card,0,yes,no,1,1,1,105,no,islands,no
T00516,70,98.2,one-year,dsl,yes,no,yes,yes,card,0,yes,yes,2,1,0,70,no,islands,no
T03048,10,42.7,month-to-month,fibre,yes,no,no,yes,bank transfer,0,yes,no,2,0,0,28,no,north,no
T05647,3,27.3,month-to-month,dsl,yes,yes,yes,yes,card,0,no,no,1,1,1,82,no,south,no
T00892,11,99.2,month-to-month,fibre,yes,no,yes,yes,mailed check,1,yes,no,1,0,0,153,yes,centre,no
T04126,10,89.5,month-to-month,none,no,yes,no,yes,mailed check,0,yes,yes,1,1,1,100,no,islands,no
T01243,40,54.8,month-to-month,fibre,no,no,no,yes,e-check,0,yes,no,1,2,1,44,no,islands,yes
T05803,46,91.3,two-year,none,no,yes,yes,no,bank transfer,0,no,no,2,0,0,73,no,south,no
T06745,7,53,one-year,fibre,no,yes,no,no,e-check,1,yes,no,2,1,0,27,no,south,yes
T02243,10,86.8,month-to-month,dsl,yes,yes,no,no,card,0,yes,no,1,0,0,61,yes,north,no
T04620,7,60.6,one-year,dsl,yes,yes,no,yes,card,0,yes,no,1,1,1,117,no,south,no
T06930,43,84.6,month-to-month,dsl,no,yes,no,no,mailed check,0,no,no,1,2,1,75,no,south,no
T01810,26,65.7,month-to-month,fibre,no,yes,no,yes,card,0,no,no,3,2,1,255,yes,centre,yes
T05757,6,102.3,month-to-month,none,yes,yes,yes,yes,e-check,0,no,no,0,2,0,146,no,centre,yes
T00800,8,24.6,month-to-month,dsl,no,yes,no,yes,bank transfer,0,yes,no,0,0,0,46,no,south,no
T00779,7,44.5,two-year,none,yes,no,no,no,card,0,yes,no,1,0,0,58,no,centre,no
T01296,20,71.2,one-year,fibre,yes,yes,yes,yes,card,1,yes,no,2,1,0,104,no,centre,no
T06359,48,43.8,month-to-month,none,no,no,no,no,bank transfer,0,no,yes,2,1,0,69,no,centre,no
T00639,73,103,month-to-month,dsl,no,yes,yes,no,e-check,0,no,no,3,1,1,203,no,south,no
T02118,21,84.9,one-year,dsl,no,yes,no,yes,bank transfer,0,no,no,1,1,1,77,no,south,no
T00993,3,61,month-to-month,fibre,no,no,yes,yes,bank transfer,0,no,yes,2,0,0,50,no,south,no
T04625,1,69.7,two-year,none,no,no,yes,yes,e-check,0,yes,yes,0,0,2,21,no,islands,no
T02013,76,21.8,month-to-month,fibre,no,yes,yes,yes,card,0,yes,no,2,0,0,28,yes,north,no
T06699,56,59.9,one-year,fibre,no,no,no,no,bank transfer,1,yes,no,0,2,2,133,no,north,no
T04162,36,104.8,one-year,fibre,no,no,no,no,bank transfer,0,no,yes,1,1,1,137,no,islands,no
T06647,19,46.9,one-year,fibre,yes,yes,no,no,card,0,no,no,2,1,1,70,yes,centre,no
T00861,22,62.8,two-year,fibre,yes,no,no,yes,e-check,0,yes,no,2,1,0,75,no,islands,no
T00304,6,76.5,month-to-month,fibre,no,no,no,no,bank transfer,0,yes,no,1,1,0,39,no,north,yes
T02338,17,84.8,two-year,fibre,no,yes,yes,no,mailed check,0,no,yes,1,0,0,96,no,north,no
T02401,20,109.3,two-year,fibre,yes,yes,yes,yes,mailed check,0,no,no,1,0,0,25,yes,north,no
T00235,23,71.5,two-year,fibre,yes,no,no,yes,bank transfer,1,no,no,3,0,0,55,no,south,yes
T03676,23,51.3,month-to-month,fibre,yes,no,no,no,mailed check,0,no,no,1,0,0,16,yes,south,no
T02452,8,45.1,one-year,none,no,no,yes,yes,e-check,0,no,no,1,1,1,26,no,centre,no
T04733,40,80.1,month-to-month,fibre,no,no,yes,no,bank transfer,0,no,no,1,0,0,67,yes,islands,no
T02545,41,103.5,one-year,fibre,yes,yes,yes,no,card,0,no,no,2,0,0,65,no,north,no
T01664,6,93,two-year,dsl,yes,no,yes,yes,e-check,0,yes,no,1,3,1,36,no,north,no
T04637,3,84,month-to-month,fibre,no,no,yes,yes,mailed check,0,no,yes,1,0,0,47,no,islands,yes
T01737,62,80.7,one-year,dsl,no,yes,no,yes,bank transfer,0,yes,yes,2,1,1,50,no,south,yes
T05644,5,85.1,month-to-month,none,no,no,no,no,mailed check,0,no,no,1,0,0,144,yes,centre,yes
T02979,10,89.4,month-to-month,none,no,no,yes,yes,card,1,no,no,2,0,0,34,no,centre,no
T03115,24,33.4,month-to-month,fibre,yes,yes,yes,yes,mailed check,0,yes,no,2,0,0,164,no,south,no
T04979,4,23.7,month-to-month,fibre,yes,yes,yes,no,card,0,no,yes,2,2,2,41,no,north,no
T04273,34,69.8,month-to-month,fibre,no,no,no,yes,card,0,yes,yes,3,0,0,53,no,centre,no
T04869,2,84.4,one-year,none,no,yes,yes,no,bank transfer,0,no,no,1,1,0,43,no,centre,no
T00573,62,100.9,month-to-month,dsl,no,no,no,no,card,1,no,no,1,0,0,105,no,centre,yes
T04291,10,96.2,one-year,fibre,yes,no,yes,yes,e-check,0,yes,no,3,2,0,147,no,south,no
T00238,33,55,month-to-month,dsl,no,no,no,no,mailed check,0,yes,no,1,0,2,71,no,north,yes
T00482,54,21,month-to-month,dsl,no,no,yes,yes,bank transfer,0,yes,no,1,2,0,5,yes,islands,no
T00500,87,39.2,month-to-month,dsl,no,yes,yes,yes,bank transfer,0,yes,yes,0,1,1,60,no,north,yes
T01815,32,85.8,one-year,dsl,yes,yes,no,yes,card,0,no,yes,2,0,1,39,no,centre,no
T06205,41,42.1,month-to-month,fibre,no,no,no,yes,card,1,no,yes,2,2,0,111,no,centre,yes
T04846,22,43.9,two-year,dsl,yes,no,no,no,card,0,no,no,1,0,0,73,no,south,no
T06192,3,43.9,two-year,dsl,no,yes,yes,yes,bank transfer,0,yes,yes,2,1,0,59,no,centre,no
T05199,51,85.5,month-to-month,dsl,no,no,no,no,bank transfer,0,yes,no,0,1,1,41,no,south,yes
T01083,28,51.6,month-to-month,dsl,yes,no,yes,no,card,0,yes,no,1,1,1,53,yes,north,yes
T00101,19,97.4,one-year,fibre,no,yes,no,no,e-check,0,yes,yes,1,0,0,132,no,south,no
T00261,17,58.3,one-year,fibre,yes,no,no,yes,e-check,1,no,no,1,0,1,2,no,centre,yes
T01252,1,46.3,month-to-month,dsl,no,no,no,no,e-check,0,no,no,3,1,0,14,no,islands,yes
T05553,20,76.2,one-year,fibre,no,no,yes,no,e-check,0,yes,no,1,0,0,107,yes,south,yes
T04453,1,104.9,two-year,fibre,yes,yes,no,no,card,0,yes,no,1,0,0,78,yes,centre,no
T04923,6,96.1,month-to-month,fibre,no,no,yes,yes,bank transfer,1,no,no,2,0,1,30,no,south,yes
T04737,6,101.6,two-year,dsl,no,yes,no,yes,bank transfer,0,no,no,1,4,0,256,no,islands,yes
T05083,20,28.3,two-year,dsl,no,yes,no,yes,card,0,no,no,1,0,0,15,no,islands,no
T03056,18,83.2,one-year,dsl,yes,yes,yes,yes,mailed check,1,yes,yes,0,0,1,35,no,south,no
T03695,8,51.4,two-year,dsl,yes,yes,yes,yes,bank transfer,0,no,no,2,1,1,31,no,centre,no
T06620,29,43.7,month-to-month,dsl,no,no,yes,no,e-check,0,no,no,1,1,0,24,no,south,no
T00994,39,66.4,month-to-month,dsl,yes,yes,no,yes,bank transfer,0,yes,no,2,2,1,176,yes,south,yes
T05958,4,92.1,month-to-month,none,no,yes,no,no,mailed check,0,yes,no,3,0,0,22,no,south,no
T05753,48,26.5,one-year,none,no,yes,yes,no,bank transfer,0,yes,yes,2,1,0,48,no,south,no
T00040,266,93.1,month-to-month,dsl,no,yes,no,yes,e-check,0,no,no,2,0,0,29,no,south,yes
T00125,2,50.6,month-to-month,fibre,no,yes,yes,yes,mailed check,0,no,no,1,0,1,81,no,north,no
T00216,79,95.6,one-year,fibre,yes,yes,yes,yes,mailed check,0,no,yes,2,2,0,191,yes,north,no
T00519,5,32.1,one-year,fibre,no,no,no,no,bank transfer,0,no,yes,1,0,0,145,yes,north,no
T02252,7,43.7,month-to-month,dsl,no,no,yes,no,bank transfer,0,yes,no,1,0,0,109,no,islands,no
T00985,12,75.8,one-year,fibre,no,no,no,yes,mailed check,0,no,no,1,0,2,67,no,islands,no
T04167,3,34.2,month-to-month,fibre,no,yes,yes,yes,mailed check,0,yes,yes,1,0,1,67,no,south,no
T02939,34,50.2,month-to-month,dsl,no,no,yes,yes,card,0,yes,no,3,2,0,77,no,centre,no
T03715,48,47.6,two-year,dsl,no,no,no,no,bank transfer,0,no,no,2,1,2,47,yes,centre,yes
T02859,1,50.8,one-year,none,yes,yes,yes,no,card,0,no,no,0,0,0,95,no,islands,no
T05395,62,83.2,month-to-month,dsl,no,no,no,yes,e-check,1,no,no,2,2,0,259,no,south,no
T05877,137,102.2,one-year,none,no,yes,no,yes,bank transfer,0,no,yes,1,0,0,97,no,islands,yes
T00719,22,93.5,month-to-month,dsl,yes,yes,yes,yes,card,0,no,no,1,0,1,62,no,islands,yes
T00773,18,48,two-year,fibre,no,no,no,no,card,0,yes,no,2,0,1,105,yes,north,yes
T02055,26,86.6,one-year,fibre,no,yes,no,no,bank transfer,0,no,no,1,1,0,212,yes,centre,yes
T04622,8,89.3,one-year,fibre,yes,no,no,no,bank transfer,0,yes,no,2,1,2,33,no,centre,yes
T05053,51,68.8,two-year,dsl,no,no,no,yes,e-check,0,yes,no,0,0,0,195,no,islands,yes
T01064,20,56.1,month-to-month,dsl,yes,no,no,yes,card,0,yes,no,0,1,1,11,no,centre,no
T00866,9,55.8,two-year,fibre,yes,yes,yes,yes,mailed check,0,no,no,2,3,3,33,no,islands,no
T05177,38,48.1,two-year,fibre,no,yes,no,yes,card,1,yes,no,1,0,1,65,no,south,no
T00055,13,76.4,one-year,none,no,yes,yes,yes,card,0,yes,yes,2,0,2,4,no,islands,no
T06200,35,109.8,two-year,none,yes,yes,yes,yes,card,1,yes,no,3,1,1,47,no,north,no
T01272,18,26.4,month-to-month,none,no,no,yes,yes,bank transfer,0,no,no,2,0,0,6,yes,north,no
T03200,39,96.4,month-to-month,dsl,no,yes,yes,yes,card,0,yes,no,1,2,0,45,no,north,yes
T04590,12,39.8,one-year,none,yes,no,no,no,bank transfer,0,yes,no,2,1,1,63,yes,north,no
T03251,31,47.6,one-year,dsl,no,yes,yes,yes,bank transfer,0,no,yes,1,0,1,65,yes,north,no
T06163,72,95.2,one-year,fibre,no,no,yes,no,bank transfer,0,no,no,2,1,0,37,no,north,no
T05484,30,72.5,month-to-month,none,no,no,no,no,e-check,0,yes,no,3,0,0,35,no,islands,no
T06878,15,60.9,month-to-month,fibre,yes,no,yes,no,bank transfer,0,no,no,1,0,0,71,no,north,yes
T01305,7,58.5,two-year,none,no,no,no,yes,card,0,no,no,2,0,1,52,no,south,no
T01870,2,33.2,month-to-month,fibre,no,yes,no,yes,bank transfer,0,no,no,2,0,1,21,no,north,yes
T02105,49,66.5,month-to-month,dsl,no,yes,no,yes,bank transfer,0,no,no,2,1,0,19,no,north,no
T03978,17,23,one-year,dsl,no,yes,no,yes,bank transfer,0,yes,no,1,1,0,91,no,centre,no
T03734,4,76.3,month-to-month,none,yes,no,no,yes,card,0,yes,no,2,0,2,63,no,centre,no
T04491,23,26.6,two-year,none,yes,no,yes,yes,e-check,0,yes,no,0,1,0,112,yes,islands,no
T05918,14,85.3,two-year,fibre,no,no,yes,yes,card,0,no,yes,2,1,0,66,yes,north,no
T04447,27,80.2,month-to-month,none,no,no,no,yes,bank transfer,0,no,yes,2,3,0,136,no,islands,no
T01400,76,32.6,two-year,dsl,yes,no,no,no,mailed check,0,no,no,1,1,2,47,no,islands,no
T05127,32,54.8,month-to-month,dsl,no,no,no,yes,mailed check,0,yes,no,1,1,0,124,yes,centre,yes
T04108,15,67.4,month-to-month,dsl,no,yes,no,no,card,1,yes,no,2,1,2,113,no,islands,no
T06065,14,60.1,month-to-month,fibre,no,yes,yes,yes,e-check,0,no,no,2,0,0,41,no,centre,no
T00723,6,76.4,one-year,none,no,no,yes,yes,mailed check,0,yes,no,1,2,0,108,yes,centre,no
T00623,9,42.3,month-to-month,dsl,yes,no,yes,yes,e-check,0,yes,no,0,0,0,45,no,south,no
T03330,10,68,two-year,none,no,yes,no,no,e-check,0,yes,no,2,2,1,61,no,north,no
T01992,86,101.6,month-to-month,dsl,no,no,no,yes,card,0,yes,yes,3,2,1,18,yes,south,yes
T00597,16,93.1,one-year,fibre,no,no,no,yes,e-check,1,no,no,2,0,0,43,no,islands,yes
T01188,24,43.4,two-year,fibre,yes,yes,yes,yes,card,0,yes,yes,3,0,0,53,no,north,no
T02104,6,106,month-to-month,fibre,no,yes,yes,no,bank transfer,0,yes,no,2,0,1,58,no,centre,no
T02083,49,63.2,month-to-month,fibre,yes,yes,yes,yes,bank transfer,0,yes,no,1,1,1,64,no,islands,no
T04633,71,21.4,month-to-month,dsl,no,yes,no,no,mailed check,1,yes,no,1,2,1,73,no,centre,no
T00905,58,31.4,one-year,none,no,no,yes,yes,mailed check,0,no,yes,1,4,1,75,yes,centre,no
T00278,89,65.4,month-to-month,none,no,no,no,yes,bank transfer,0,no,no,1,0,2,140,no,islands,no
T06017,24,76,one-year,fibre,yes,yes,no,yes,bank transfer,1,no,no,1,1,0,129,no,islands,no
T06037,24,21.3,two-year,dsl,no,yes,yes,yes,bank transfer,0,no,no,3,2,0,53,no,south,no
T03199,5,105.5,month-to-month,dsl,yes,no,yes,no,card,0,no,yes,1,0,1,225,no,south,no
T03888,56,33.6,one-year,fibre,no,yes,yes,no,e-check,0,yes,no,2,1,0,56,no,islands,no
T03865,39,68.8,month-to-month,fibre,no,no,no,no,mailed check,1,yes,no,3,0,0,222,no,north,yes
T01927,28,82.7,month-to-month,none,no,no,no,yes,bank transfer,0,yes,no,2,1,1,77,no,centre,no
T03536,54,77,one-year,dsl,no,no,no,no,bank transfer,0,yes,no,2,1,1,55,no,islands,yes
T00619,22,55.5,month-to-month,fibre,no,yes,no,yes,e-check,0,no,no,1,0,1,40,no,north,no
T00665,15,106.6,one-year,fibre,no,no,yes,yes,e-check,0,no,no,3,1,0,123,no,south,no
T05496,26,67.9,month-to-month,none,no,no,no,yes,bank transfer,0,no,no,1,1,1,35,no,centre,no
T04471,90,46.5,month-to-month,dsl,yes,no,yes,yes,mailed check,1,no,no,1,1,1,38,no,south,yes
T02153,30,52.1,month-to-month,fibre,yes,no,no,no,mailed check,0,no,no,2,1,0,136,no,south,no
T01403,25,80.6,month-to-month,fibre,no,no,yes,no,card,1,yes,no,2,0,0,28,yes,north,no
T02520,9,107,two-year,fibre,yes,no,yes,yes,mailed check,0,no,yes,3,0,0,136,no,islands,no
T03033,10,64.5,one-year,none,no,no,no,yes,bank transfer,1,yes,yes,2,0,1,91,no,centre,no
T02125,1,96.5,month-to-month,none,no,no,yes,no,card,0,no,no,1,0,0,113,no,islands,yes
T03250,37,93.5,month-to-month,dsl,no,yes,no,yes,bank transfer,0,no,no,1,1,0,66,no,centre,no
T01963,17,53.6,one-year,fibre,no,yes,no,no,e-check,0,no,no,3,1,0,161,no,north,no
T00065,15,27.3,two-year,none,no,yes,yes,yes,mailed check,0,no,no,1,1,0,36,no,north,no
T01879,36,104.7,two-year,dsl,yes,no,yes,no,e-check,0,yes,no,1,1,0,203,no,centre,no
T04196,32,63.9,one-year,fibre,yes,no,yes,no,card,1,yes,yes,3,0,1,31,no,islands,no
T05996,47,90.1,one-year,fibre,no,yes,yes,yes,bank transfer,0,yes,yes,2,0,1,71,no,north,no
T04180,5,104.1,month-to-month,none,no,no,no,yes,card,0,yes,yes,1,3,1,100,no,centre,yes
T04887,76,84.7,month-to-month,fibre,yes,yes,yes,yes,bank transfer,0,no,yes,2,0,0,44,yes,south,no
T05283,24,91.5,two-year,dsl,no,no,yes,yes,bank transfer,0,no,no,0,0,0,155,yes,north,no
T01148,24,28.1,two-year,none,yes,no,no,yes,mailed check,0,no,no,2,1,0,31,no,south,no
T00921,62,84.9,one-year,none,no,yes,yes,no,mailed check,0,yes,no,1,1,0,36,no,centre,no
T00986,4,53.1,two-year,fibre,no,yes,yes,yes,bank transfer,0,yes,no,2,2,0,41,no,north,no
T05071,3,82.2,month-to-month,fibre,no,yes,no,yes,e-check,0,yes,no,2,1,0,49,no,islands,yes
T00673,84,28.2,month-to-month,none,no,no,yes,yes,e-check,0,no,yes,2,1,0,95,no,north,no
T01958,6,101.4,one-year,dsl,no,yes,yes,no,e-check,0,yes,no,2,1,0,127,no,north,no
T01942,52,108.3,month-to-month,dsl,no,yes,no,yes,e-check,0,yes,no,1,0,0,26,no,islands,no
T01700,14,80.3,month-to-month,dsl,no,yes,no,no,bank transfer,0,no,yes,2,0,2,131,no,north,no
T04027,3,73.7,month-to-month,fibre,no,no,yes,no,card,0,no,no,1,1,0,30,no,south,yes
T06899,7,60.7,two-year,fibre,yes,no,yes,no,mailed check,0,no,no,1,0,0,20,yes,islands,no
T02303,2,43.1,one-year,dsl,yes,yes,yes,yes,mailed check,0,yes,no,1,0,0,101,no,islands,no
T03636,7,76.9,one-year,dsl,yes,yes,yes,yes,mailed check,0,no,no,1,0,0,21,no,islands,no
T01616,31,23.8,month-to-month,none,no,no,no,no,bank transfer,0,yes,no,2,0,0,43,no,centre,yes
T02274,30,88,two-year,fibre,yes,no,yes,yes,e-check,1,yes,no,3,1,0,75,no,islands,no
T02521,80,48.3,month-to-month,none,yes,no,no,yes,card,0,yes,no,2,0,0,232,no,south,no
T06497,1,38.9,one-year,none,no,yes,yes,yes,card,0,no,no,1,0,0,67,yes,north,no
T01531,59,100,one-year,dsl,no,no,yes,yes,e-check,0,no,yes,2,0,0,72,no,islands,no
T04492,25,94.7,two-year,fibre,no,yes,no,no,bank transfer,1,no,no,1,1,0,169,no,north,no
T01287,49,109.9,one-year,none,no,no,yes,no,e-check,0,yes,no,1,0,0,137,no,north,no
T01535,15,53.3,two-year,dsl,no,no,no,yes,card,0,no,no,1,2,0,57,no,centre,yes
T00399,10,95.1,month-to-month,fibre,no,no,no,yes,mailed check,0,no,yes,1,0,0,12,no,south,yes
T06957,77,78,one-year,none,no,no,yes,yes,e-check,0,yes,no,2,2,1,95,no,islands,yes
T03393,97,26,month-to-month,dsl,yes,yes,yes,no,card,0,no,no,1,2,2,191,no,centre,no
T02937,56,42.5,month-to-month,dsl,yes,yes,no,yes,card,0,yes,yes,1,2,0,46,no,south,no
T05264,21,46.5,two-year,dsl,yes,yes,yes,yes,mailed check,0,yes,no,1,1,0,88,no,south,no
T05831,26,80,month-to-month,none,yes,no,yes,yes,e-check,0,yes,no,1,1,0,88,no,centre,yes
T00924,7,74,one-year,fibre,yes,yes,no,yes,mailed check,1,yes,yes,1,0,0,156,no,south,no
T06923,1,47.5,one-year,dsl,no,no,no,no,bank transfer,0,no,yes,2,2,1,46,yes,north,no
T06338,31,51.6,month-to-month,fibre,no,no,no,yes,card,0,yes,no,1,2,2,75,no,north,no
T05393,41,72.8,month-to-month,none,no,no,yes,no,e-check,0,yes,no,1,0,2,31,no,south,no
T02590,12,77.9,two-year,fibre,no,no,no,yes,mailed check,0,yes,no,1,0,0,95,no,centre,no
T02772,31,46.3,one-year,none,yes,no,yes,yes,card,0,no,yes,1,0,2,58,no,south,no
T01233,42,73.3,month-to-month,none,yes,yes,no,yes,e-check,0,yes,yes,2,2,2,152,no,islands,yes
T04632,4,28.3,month-to-month,fibre,no,no,yes,yes,mailed check,0,yes,yes,1,0,0,59,no,centre,no
T00746,9,98.9,two-year,dsl,no,yes,no,no,card,0,yes,no,1,1,0,80,no,south,no
T03087,2,35.3,two-year,fibre,yes,yes,no,yes,e-check,0,yes,yes,1,2,0,49,no,islands,no
T05821,15,33.8,two-year,fibre,no,no,yes,yes,mailed check,1,no,no,1,2,0,64,no,islands,yes
T01764,1,107.2,two-year,dsl,no,yes,yes,yes,mailed check,0,no,no,1,1,0,61,no,islands,no
T00735,36,99.4,month-to-month,dsl,yes,yes,yes,yes,mailed check,0,yes,no,1,2,0,102,no,centre,no
T02703,52,38.9,month-to-month,dsl,no,yes,no,yes,e-check,0,yes,yes,2,0,0,13,no,islands,no
T02322,27,40.8,month-to-month,dsl,no,no,yes,yes,bank transfer,0,yes,yes,1,1,1,86,no,south,yes
T00940,12,82.8,one-year,fibre,yes,no,yes,no,card,0,yes,yes,2,1,1,85,no,centre,no
T02652,21,69.4,month-to-month,dsl,no,yes,yes,no,mailed check,0,no,no,1,1,0,68,no,north,no
T03272,17,46.9,month-to-month,fibre,no,yes,yes,yes,mailed check,1,yes,yes,1,1,0,70,no,south,no
T04734,27,51.8,two-year,fibre,no,no,yes,no,bank transfer,0,yes,no,1,0,0,224,no,islands,no
T00077,18,53.5,month-to-month,none,yes,no,no,yes,e-check,0,yes,no,3,0,1,132,no,north,yes
T06725,71,66.3,month-to-month,none,yes,no,yes,no,e-check,0,yes,no,2,0,0,94,no,islands,no
T03252,3,84.4,month-to-month,fibre,yes,no,yes,yes,card,0,yes,no,1,2,1,40,no,south,yes
T06197,73,75,month-to-month,fibre,no,no,no,yes,mailed check,0,yes,no,2,2,0,16,no,centre,no
T05698,68,60.3,one-year,fibre,yes,no,no,no,bank transfer,0,yes,no,0,1,1,153,no,south,no
T02851,43,41.5,month-to-month,fibre,no,yes,no,no,bank transfer,0,no,no,1,3,1,107,no,north,yes
T06486,1,90.9,one-year,fibre,yes,no,no,yes,mailed check,0,no,yes,2,0,0,64,no,islands,no
T06969,2,64.9,month-to-month,dsl,no,no,yes,no,e-check,1,no,yes,1,0,0,56,no,south,yes
T02609,4,26.1,month-to-month,dsl,no,yes,no,yes,bank transfer,0,yes,no,2,1,0,22,no,centre,no
T05850,19,26.3,month-to-month,fibre,yes,yes,no,no,e-check,0,yes,no,1,1,0,167,no,north,no
T05150,16,46.6,one-year,fibre,no,no,no,yes,card,0,no,no,1,2,1,14,no,north,yes
T05970,9,56,month-to-month,dsl,yes,no,yes,no,e-check,0,yes,yes,1,2,1,75,no,islands,yes
T02874,24,30.8,month-to-month,dsl,no,no,no,yes,bank transfer,0,no,no,2,0,2,231,no,centre,yes
T01497,43,32.7,month-to-month,fibre,no,no,no,yes,card,0,no,yes,1,0,0,151,no,south,no
T06917,9,54.3,two-year,none,no,yes,no,yes,e-check,0,no,no,3,1,1,71,no,north,no
T02952,15,84.2,month-to-month,dsl,yes,no,yes,yes,mailed check,0,yes,no,0,0,1,89,no,south,no
T04729,31,90.2,month-to-month,fibre,yes,yes,yes,yes,mailed check,0,no,no,1,0,0,88,no,south,no
T03745,2,74.9,two-year,fibre,yes,no,yes,yes,mailed check,0,yes,no,1,0,1,57,yes,south,no
T00737,8,30.6,one-year,dsl,no,no,no,no,card,0,no,no,0,0,0,20,no,north,yes
T00600,74,100.7,month-to-month,none,no,no,yes,yes,bank transfer,0,no,yes,0,0,1,146,no,south,no
T03154,7,55.9,month-to-month,fibre,no,no,yes,yes,e-check,0,yes,yes,1,1,2,47,no,north,yes
T02945,16,82.8,two-year,fibre,yes,yes,yes,no,bank transfer,0,yes,yes,1,0,0,108,no,north,no
T02203,11,66,month-to-month,none,no,no,yes,yes,bank transfer,0,yes,yes,1,0,0,35,no,south,yes
T03863,45,103.5,month-to-month,fibre,no,no,yes,no,e-check,0,no,no,0,0,0,17,no,south,no
T01699,25,73.2,two-year,none,no,yes,no,yes,card,0,yes,yes,2,1,1,62,no,north,yes
T00095,1,105.3,two-year,dsl,yes,yes,yes,yes,e-check,0,yes,yes,3,1,0,6,no,north,no
T03092,18,108.7,one-year,fibre,no,no,yes,no,bank transfer,0,yes,no,1,0,0,36,yes,islands,no
T05413,4,33.9,month-to-month,dsl,no,yes,no,yes,bank transfer,0,no,yes,2,0,1,107,yes,south,no
T06892,4,52,month-to-month,fibre,yes,yes,yes,yes,bank transfer,0,no,yes,1,0,0,23,no,islands,no
T03721,36,103.6,month-to-month,dsl,no,no,yes,no,card,0,yes,no,1,0,0,57,no,north,no
T03744,33,46.5,one-year,fibre,no,no,yes,no,mailed check,0,no,no,1,0,0,106,no,islands,no
T04335,24,71.7,month-to-month,dsl,no,no,yes,no,e-check,0,no,yes,1,1,1,98,yes,islands,no
T01874,38,32.4,one-year,fibre,no,no,yes,yes,mailed check,0,yes,no,1,0,0,169,yes,south,yes
T05872,167,52.2,two-year,none,yes,no,no,no,e-check,1,no,no,3,0,0,69,yes,north,no
T01329,47,65.3,two-year,dsl,no,yes,no,no,bank transfer,0,yes,no,2,0,2,27,no,islands,no
T03284,16,54.9,month-to-month,fibre,yes,no,yes,yes,mailed check,0,no,no,0,0,0,11,no,centre,no
T06673,62,69.8,two-year,dsl,no,yes,yes,yes,mailed check,0,no,yes,2,0,0,65,no,centre,no
T03628,8,82,month-to-month,fibre,no,no,no,yes,card,0,yes,no,1,3,0,151,no,north,yes
T03201,57,35.2,one-year,fibre,yes,yes,no,yes,e-check,0,yes,no,2,1,0,27,no,north,no
T04975,19,80.3,month-to-month,fibre,yes,yes,no,yes,bank transfer,0,yes,yes,1,0,0,18,yes,south,no
T04698,89,42.2,one-year,none,no,no,yes,yes,bank transfer,0,no,no,2,0,0,122,no,islands,no
T00372,26,21.8,two-year,fibre,yes,yes,yes,no,e-check,0,no,yes,1,0,0,108,no,north,no
T03444,2,62.5,one-year,none,no,no,yes,yes,card,0,no,no,1,2,0,110,no,centre,no
T04328,35,30.7,month-to-month,fibre,no,no,no,yes,e-check,1,no,no,2,0,1,61,no,centre,yes
T02956,26,86.6,month-to-month,none,no,no,no,yes,card,0,no,no,1,0,1,86,no,centre,no
T03166,8,62,one-year,none,yes,yes,no,no,bank transfer,0,yes,no,0,0,0,11,yes,centre,no
T04137,61,95.5,month-to-month,fibre,no,no,no,yes,e-check,1,yes,yes,1,1,0,47,no,north,yes
T06597,10,78.1,two-year,none,no,no,no,yes,card,1,no,yes,1,1,0,78,no,islands,no
T01163,12,60.4,month-to-month,fibre,no,no,no,yes,bank transfer,0,yes,yes,2,1,2,152,yes,islands,no
T06453,109,50.3,one-year,fibre,yes,no,no,yes,e-check,1,yes,no,2,1,0,50,yes,south,no
T03412,6,55.8,month-to-month,dsl,no,no,no,no,mailed check,1,no,no,1,1,1,8,no,north,yes
T04298,27,84.6,month-to-month,dsl,no,yes,no,yes,mailed check,0,no,no,1,1,1,41,no,south,no
T04442,41,73.9,one-year,none,yes,no,yes,yes,bank transfer,0,no,no,1,3,0,53,no,centre,no
T01892,3,74.5,one-year,fibre,no,yes,no,no,bank transfer,0,yes,yes,1,2,1,82,no,centre,yes
T03047,27,63.9,month-to-month,dsl,no,no,no,no,bank transfer,0,no,no,2,0,1,46,no,north,no
T06332,30,92.6,month-to-month,dsl,yes,no,no,yes,card,1,yes,no,3,0,1,153,no,islands,no
T03731,13,52.3,month-to-month,dsl,no,yes,yes,no,e-check,0,no,no,1,0,0,50,no,south,no
T00449,39,45.1,month-to-month,fibre,yes,yes,no,yes,e-check,0,yes,no,3,1,2,25,yes,islands,yes
T01848,37,45.1,two-year,fibre,no,yes,yes,yes,card,1,no,no,1,3,0,139,no,south,no
T06418,14,101.1,month-to-month,fibre,no,no,no,no,card,0,no,no,2,2,0,24,yes,centre,yes
T00669,116,46.4,month-to-month,dsl,no,no,yes,yes,bank transfer,1,no,no,2,3,1,66,no,north,no
T06322,70,42.6,month-to-month,fibre,no,yes,yes,yes,mailed check,0,yes,no,2,0,2,107,no,south,no
T06151,4,38.1,two-year,none,no,no,yes,yes,e-check,0,yes,no,2,0,0,160,no,islands,no
T03206,14,62.1,two-year,dsl,yes,yes,no,yes,card,0,no,no,2,0,2,106,no,islands,no
T02275,45,38.4,month-to-month,none,no,no,no,yes,e-check,0,yes,no,2,1,1,104,yes,north,yes
T04670,22,49,month-to-month,dsl,yes,no,yes,yes,bank transfer,0,no,no,3,1,0,37,no,centre,no
T00239,17,78.2,month-to-month,dsl,no,no,no,yes,mailed check,1,no,no,1,1,0,84,no,north,yes
T04607,19,105.4,two-year,none,yes,yes,no,no,card,0,no,no,1,0,2,224,no,centre,no
T06705,6,29.2,month-to-month,fibre,no,no,yes,yes,bank transfer,0,no,no,3,0,0,27,no,islands,yes
T00245,59,89.7,two-year,fibre,yes,no,no,yes,bank transfer,0,yes,no,1,0,0,54,yes,south,no
T05318,34,94.1,two-year,none,no,no,no,no,mailed check,0,yes,no,1,0,0,104,no,south,no
T03208,49,52.7,one-year,fibre,yes,no,no,no,mailed check,0,no,no,1,0,0,82,yes,centre,no
T04344,53,59.4,one-year,fibre,no,no,yes,yes,bank transfer,0,yes,no,1,2,2,84,no,north,no
T06134,31,25.4,month-to-month,fibre,yes,no,yes,no,mailed check,0,yes,yes,2,0,0,78,no,north,no
T01343,37,56.9,one-year,fibre,no,yes,yes,no,card,0,no,no,0,0,0,80,no,islands,no
T01124,55,40.2,month-to-month,none,yes,no,yes,yes,e-check,0,yes,yes,2,0,0,23,no,north,yes
T05957,27,75.7,month-to-month,none,no,no,yes,no,card,0,yes,no,1,1,0,20,no,south,no
T06253,29,58.5,month-to-month,none,no,yes,no,no,mailed check,0,no,no,1,0,1,117,no,north,no
T02524,6,87.5,one-year,fibre,yes,no,no,yes,e-check,0,no,yes,1,1,2,106,yes,islands,no
T02668,4,61.5,one-year,dsl,no,no,no,yes,e-check,0,yes,no,1,2,0,55,no,centre,yes
T03328,14,64.7,month-to-month,fibre,no,yes,yes,no,mailed check,0,yes,yes,1,2,1,84,yes,centre,yes
T05426,10,22.3,month-to-month,dsl,no,no,yes,no,e-check,0,yes,no,0,0,2,94,no,centre,no
T06715,11,34.9,month-to-month,none,no,no,no,no,mailed check,0,no,no,1,2,0,49,no,south,yes
T03527,36,54.6,month-to-month,dsl,yes,no,yes,yes,e-check,0,no,yes,1,0,2,89,no,centre,yes
T06858,10,37.7,one-year,fibre,no,yes,yes,yes,card,0,no,yes,1,1,1,41,no,south,no
T05769,33,44,two-year,fibre,no,yes,no,yes,card,0,yes,yes,2,1,0,40,no,islands,no
T01871,12,44.9,two-year,dsl,yes,no,no,no,e-check,0,no,no,1,2,2,93,no,north,no
T03586,37,51.6,two-year,dsl,no,yes,yes,yes,bank transfer,0,no,yes,3,0,0,67,no,centre,no
T05347,65,39.6,one-year,dsl,no,no,no,yes,e-check,0,yes,yes,1,2,1,6,yes,islands,yes
T02610,126,67.5,month-to-month,dsl,no,yes,no,no,bank transfer,0,yes,no,3,1,2,14,no,centre,no
T00459,18,22.4,two-year,fibre,no,no,no,no,card,0,yes,yes,2,0,0,62,no,centre,no
T05196,68,77.1,month-to-month,dsl,no,no,yes,no,mailed check,0,no,yes,1,0,1,112,yes,north,yes
T06947,18,79.5,one-year,dsl,no,no,no,yes,mailed check,0,no,no,1,1,1,110,no,north,no
T04083,92,52.3,month-to-month,fibre,yes,yes,no,yes,e-check,0,no,yes,2,3,0,69,no,south,yes
T02683,64,73,month-to-month,fibre,no,no,no,yes,card,1,no,yes,1,2,0,114,no,north,no
T05251,16,93,month-to-month,fibre,yes,yes,yes,yes,card,0,no,no,2,1,0,93,no,south,no
T01281,22,55.9,month-to-month,dsl,no,no,no,yes,e-check,0,no,no,1,2,1,57,no,north,yes
T06696,22,22,one-year,none,no,no,no,no,mailed check,0,no,no,3,0,0,58,no,south,no
T00922,5,103.4,month-to-month,dsl,no,yes,no,yes,card,0,yes,yes,2,1,0,34,no,north,yes
T03061,32,94.7,month-to-month,dsl,no,no,yes,no,bank transfer,1,yes,no,2,1,1,40,no,north,yes
T02628,26,63.8,one-year,fibre,no,yes,yes,yes,bank transfer,1,yes,yes,1,1,1,242,no,north,yes
T04977,7,22.7,month-to-month,fibre,no,no,no,yes,card,0,no,yes,1,1,0,37,no,north,yes
T02200,28,88.1,month-to-month,fibre,no,yes,no,yes,card,0,no,yes,1,1,1,44,no,islands,no
T03309,56,71.4,month-to-month,fibre,no,yes,yes,no,e-check,1,no,yes,1,0,0,31,no,north,no
T04495,30,62.4,one-year,fibre,no,no,no,no,e-check,0,yes,yes,1,2,1,49,yes,centre,no
T03906,2,51.9,one-year,dsl,yes,yes,no,yes,bank transfer,0,no,no,1,0,0,44,no,islands,no
T03169,36,51.4,two-year,fibre,yes,yes,no,no,bank transfer,1,no,yes,2,0,0,75,no,islands,no
T02953,37,35.4,month-to-month,dsl,no,yes,yes,no,card,0,yes,yes,1,0,0,43,no,north,yes
T05037,44,32.2,one-year,dsl,no,yes,no,no,card,0,no,yes,3,0,0,151,no,centre,no
T03591,42,40.9,month-to-month,fibre,yes,no,no,yes,card,0,yes,no,1,0,0,76,no,centre,no
T03263,52,44,one-year,fibre,no,no,yes,yes,bank transfer,0,yes,no,1,1,0,126,no,south,no
T05510,42,86.6,two-year,fibre,yes,no,yes,yes,card,0,yes,yes,0,2,0,90,no,islands,no
T06513,9,49,one-year,dsl,no,no,yes,yes,card,0,yes,no,1,2,0,106,no,centre,no
T05327,20,43.3,one-year,fibre,yes,yes,yes,no,bank transfer,1,no,no,2,0,0,5,no,south,no
T02356,1,107.9,month-to-month,fibre,no,yes,yes,no,bank transfer,0,yes,no,1,0,0,35,no,islands,yes
T02264,60,31.7,one-year,none,no,no,no,no,card,0,yes,yes,1,0,1,24,no,islands,no
T04314,47,43.7,month-to-month,dsl,no,no,no,yes,e-check,0,no,no,1,0,1,90,no,centre,yes
T03243,16,108.1,month-to-month,none,no,no,yes,no,card,0,yes,yes,1,0,0,57,no,islands,no
T03694,3,51.8,month-to-month,fibre,no,no,yes,no,card,0,no,no,2,3,0,91,no,islands,yes
T03318,4,100.5,one-year,fibre,no,no,no,no,bank transfer,1,no,no,1,2,0,56,no,south,yes
T04546,9,25.2,month-to-month,fibre,yes,no,no,yes,mailed check,0,yes,no,0,0,0,74,no,islands,no
T06050,58,42.7,one-year,dsl,no,yes,no,yes,card,0,no,no,1,2,0,122,no,south,no
T06946,2,58.7,month-to-month,fibre,no,yes,no,yes,e-check,0,no,no,1,2,0,46,no,centre,yes
T02839,15,64.3,two-year,fibre,no,no,yes,no,e-check,0,yes,no,2,1,0,72,no,north,no
T00015,18,93.4,month-to-month,fibre,no,yes,yes,no,e-check,0,no,no,0,0,1,33,no,centre,yes
T03768,24,52.7,month-to-month,fibre,no,yes,no,no,mailed check,0,no,no,1,0,0,75,no,south,yes
T01557,30,81.5,two-year,dsl,yes,yes,yes,yes,card,0,yes,no,3,2,0,62,no,centre,no
T02760,7,24.7,month-to-month,fibre,yes,no,no,yes,mailed check,0,yes,no,1,0,0,52,no,centre,yes
T01791,7,93,one-year,dsl,no,yes,no,yes,card,0,yes,no,1,1,1,35,no,south,yes
T06910,12,26.4,month-to-month,fibre,yes,no,no,yes,bank transfer,0,yes,no,1,0,0,203,no,north,no
T05584,24,107.8,one-year,fibre,no,yes,no,yes,card,0,no,no,1,1,3,86,no,south,no
T01617,35,75.2,month-to-month,fibre,no,no,yes,yes,mailed check,1,no,yes,3,0,2,38,no,south,no
T04421,53,27.7,month-to-month,dsl,yes,no,yes,no,card,0,no,no,1,1,3,76,no,islands,no
T00887,11,71.8,month-to-month,none,no,yes,no,yes,bank transfer,0,no,no,1,0,2,94,no,centre,no
T03215,42,68.6,month-to-month,dsl,no,no,no,no,mailed check,0,no,no,1,0,0,45,no,north,no
T05679,12,91.8,month-to-month,fibre,no,yes,no,no,card,0,no,no,3,0,1,46,no,south,no
T03992,7,22,one-year,fibre,no,yes,no,no,bank transfer,0,yes,no,2,1,0,85,yes,centre,no
T06532,65,107.1,month-to-month,none,no,yes,yes,no,card,0,yes,yes,1,1,1,19,no,centre,yes
T02902,165,62.2,one-year,fibre,no,yes,yes,no,mailed check,1,no,no,3,1,0,51,no,centre,no
T02971,6,31.6,month-to-month,dsl,yes,yes,yes,no,bank transfer,0,no,no,2,0,0,46,no,north,no
T06717,38,64.9,one-year,fibre,no,yes,yes,yes,bank transfer,0,no,no,2,0,1,139,no,centre,no
T03002,30,94.9,two-year,none,no,yes,yes,yes,e-check,1,yes,no,2,1,0,63,no,south,no
T06819,30,83.1,month-to-month,dsl,yes,yes,yes,yes,mailed check,0,no,no,1,0,0,77,no,islands,yes
T02053,2,58.5,one-year,none,no,no,yes,no,e-check,0,yes,no,1,2,0,67,no,south,no
T01952,1,78.8,one-year,fibre,no,no,no,no,mailed check,0,yes,yes,1,1,1,19,no,centre,yes
T01735,4,52.7,month-to-month,fibre,no,yes,no,no,card,0,no,yes,1,2,0,162,no,centre,no
T06370,2,64.7,month-to-month,dsl,no,no,yes,yes,bank transfer,1,yes,no,1,1,0,65,no,south,no
T05096,11,86,one-year,dsl,yes,yes,no,no,card,0,yes,no,3,0,1,5,no,islands,yes
T06158,43,68.3,month-to-month,none,yes,no,no,yes,card,0,yes,yes,1,0,1,103,no,centre,yes
T03310,1,89.6,one-year,dsl,no,no,no,no,mailed check,0,yes,no,2,1,0,101,no,north,no
T01803,169,29.8,month-to-month,dsl,no,no,yes,no,card,0,yes,yes,0,1,0,34,no,islands,no
T04294,8,66.2,two-year,fibre,yes,no,yes,yes,card,0,no,no,1,2,0,67,no,south,no
T04694,12,42.9,month-to-month,dsl,no,no,no,no,e-check,0,no,no,0,0,0,30,no,south,no
T04592,15,69,month-to-month,dsl,no,no,yes,no,card,0,no,no,2,1,1,46,no,islands,yes
T02343,29,65.8,month-to-month,fibre,yes,no,no,yes,mailed check,1,no,no,2,1,0,93,no,north,yes
T06768,7,79.4,month-to-month,fibre,no,yes,yes,yes,card,0,no,yes,1,2,2,215,yes,north,yes
T06937,18,101.3,two-year,fibre,no,yes,yes,yes,bank transfer,0,no,no,2,0,0,152,no,north,no
T01589,19,96.5,month-to-month,dsl,no,no,no,yes,mailed check,0,no,no,1,1,0,25,no,north,no
T06821,28,34,two-year,fibre,yes,no,no,no,card,0,yes,no,1,1,0,113,yes,centre,no
T06160,42,75.9,one-year,dsl,no,yes,no,yes,card,0,yes,no,1,0,0,56,no,centre,no
T01984,7,25.5,month-to-month,fibre,no,no,yes,yes,mailed check,1,no,no,2,0,2,27,no,centre,yes
T01922,72,102.8,month-to-month,none,no,no,yes,yes,e-check,0,yes,no,1,1,1,38,no,islands,yes
T04272,30,103.7,one-year,dsl,yes,no,no,yes,card,0,no,yes,1,1,0,85,no,north,no
T05815,46,109.5,one-year,fibre,yes,yes,yes,yes,e-check,0,yes,yes,2,2,1,57,no,centre,no
T05288,33,88.9,month-to-month,dsl,no,yes,no,yes,mailed check,0,yes,no,1,1,1,227,no,islands,yes
T02512,20,48.5,month-to-month,fibre,no,no,no,no,bank transfer,0,no,no,2,0,0,43,no,south,yes
T02388,8,87.2,two-year,fibre,yes,no,no,no,card,0,no,no,1,0,1,50,yes,centre,no
T00703,19,39.3,month-to-month,fibre,no,no,yes,yes,e-check,0,no,yes,2,1,0,79,no,north,yes
T00425,14,61,month-to-month,fibre,no,no,yes,yes,card,0,yes,yes,2,2,0,26,yes,islands,no
T02725,34,77.7,month-to-month,none,no,yes,no,no,mailed check,0,no,no,1,0,0,150,no,centre,no
T04684,16,90.5,two-year,dsl,yes,yes,no,yes,e-check,0,yes,no,2,1,0,71,no,islands,no
T05487,37,79.5,month-to-month,fibre,yes,yes,no,yes,bank transfer,1,yes,yes,1,0,1,15,no,north,yes
T05157,40,38.8,month-to-month,dsl,no,no,no,yes,mailed check,0,yes,no,1,2,1,138,yes,islands,no
T00988,1,79.3,one-year,dsl,no,no,no,yes,card,0,yes,no,1,2,1,102,no,south,no
T05023,12,45.4,two-year,fibre,no,yes,no,yes,card,0,yes,no,2,0,0,158,no,north,no
T03582,33,63,month-to-month,none,yes,no,no,no,e-check,0,no,no,2,1,2,120,yes,centre,no
T02799,28,71.5,month-to-month,none,no,yes,yes,yes,card,0,no,no,1,1,0,96,no,centre,no
T03819,27,51.7,month-to-month,dsl,no,no,no,yes,mailed check,0,no,yes,2,0,2,23,no,north,yes
T04209,152,79.5,one-year,fibre,yes,yes,yes,no,card,0,no,no,1,2,1,39,no,centre,no
T05652,31,67.2,month-to-month,dsl,yes,yes,no,yes,e-check,0,no,yes,0,0,0,47,yes,islands,no
T06551,21,105.2,one-year,none,yes,no,yes,no,e-check,0,no,yes,1,3,0,12,no,north,yes
T01442,46,49.8,month-to-month,fibre,no,no,yes,yes,e-check,0,no,no,1,1,0,25,yes,islands,no
T06315,59,74.7,one-year,none,no,yes,yes,no,card,0,no,no,0,1,0,173,no,north,no
T01196,30,79.9,month-to-month,dsl,no,yes,no,yes,card,0,no,yes,2,1,0,11,yes,islands,no
T03255,15,72.5,month-to-month,dsl,no,no,yes,yes,mailed check,0,yes,no,2,0,0,28,no,north,yes
T04621,22,87.9,one-year,dsl,no,no,no,yes,bank transfer,1,no,no,1,0,0,166,yes,islands,no
T03662,44,29.2,one-year,fibre,no,no,no,no,e-check,0,yes,no,0,1,1,150,no,centre,no
T06436,18,53.2,month-to-month,fibre,no,yes,no,yes,mailed check,0,yes,no,2,2,1,42,no,north,no
T06829,31,85.8,month-to-month,fibre,yes,no,no,yes,e-check,0,yes,no,2,3,0,37,no,north,yes
T04183,32,20.1,month-to-month,dsl,no,yes,yes,no,card,1,yes,no,1,1,1,253,no,islands,yes
T00099,80,105.6,month-to-month,none,yes,no,no,yes,mailed check,0,yes,no,2,2,0,125,no,north,no
T02489,49,38.7,month-to-month,none,yes,no,no,yes,bank transfer,0,no,no,1,0,0,93,no,islands,no
T02730,16,31.2,one-year,none,no,no,no,yes,bank transfer,1,yes,no,2,0,0,74,yes,south,no
T02405,9,106.4,month-to-month,fibre,no,yes,no,no,card,0,yes,yes,1,1,0,79,no,islands,yes
T06474,38,101.7,month-to-month,dsl,yes,yes,no,no,bank transfer,0,no,no,0,1,0,27,yes,north,no
T06335,1,87.6,month-to-month,dsl,yes,no,yes,no,bank transfer,1,yes,no,2,0,0,123,no,south,no
T02373,44,64.1,month-to-month,dsl,yes,no,no,no,card,0,yes,yes,1,0,0,62,no,south,yes
T04586,64,50.2,month-to-month,dsl,no,no,no,no,e-check,0,yes,no,2,0,0,90,no,north,no
T00469,4,24.9,two-year,dsl,no,no,yes,yes,e-check,0,yes,yes,2,0,0,41,yes,islands,no
T03986,43,29.8,month-to-month,dsl,no,yes,yes,yes,bank transfer,1,yes,yes,3,0,0,33,no,south,yes
T04842,8,67.5,one-year,none,no,no,no,yes,e-check,0,no,no,1,1,1,63,yes,south,no
T04418,29,53.9,month-to-month,fibre,yes,no,no,no,mailed check,0,yes,no,1,0,0,16,no,islands,no
T06540,6,28.3,month-to-month,none,no,yes,yes,yes,mailed check,0,no,yes,1,0,0,30,no,north,no
T03235,7,92.4,month-to-month,fibre,yes,no,no,no,mailed check,1,no,no,2,0,1,97,yes,south,no
T06999,21,92.2,two-year,fibre,no,no,yes,no,card,0,no,yes,2,3,0,185,yes,islands,no
T06574,22,93.6,one-year,dsl,no,yes,yes,yes,e-check,1,yes,yes,1,1,1,165,no,islands,no
T05454,94,92.7,month-to-month,fibre,yes,no,yes,no,mailed check,0,no,yes,2,0,0,155,no,centre,no
T00621,43,30,two-year,dsl,yes,yes,no,yes,mailed check,0,yes,no,2,0,0,3,no,islands,no
T00001,49,51.7,month-to-month,none,no,no,yes,yes,card,0,no,yes,2,1,4,12,no,south,yes
T02561,22,49.4,two-year,dsl,no,yes,yes,no,mailed check,0,yes,no,1,1,0,17,no,south,no
T02558,6,35.5,month-to-month,dsl,no,yes,no,yes,e-check,0,yes,yes,2,0,1,65,no,islands,no
T03885,6,75.9,one-year,dsl,no,yes,yes,no,card,0,yes,yes,1,0,1,44,no,centre,no
T06384,12,85.3,one-year,fibre,no,no,yes,yes,card,0,no,no,2,0,0,24,no,centre,yes
T01038,6,105.7,one-year,dsl,no,no,yes,no,mailed check,0,yes,yes,2,1,0,114,no,islands,no
T05372,32,98.8,month-to-month,fibre,no,no,no,no,mailed check,0,yes,yes,0,1,0,124,yes,south,yes
T04181,3,21.1,month-to-month,fibre,no,yes,yes,yes,e-check,0,yes,no,3,3,1,161,yes,islands,yes
T00942,46,71.8,month-to-month,fibre,yes,yes,yes,yes,card,0,yes,no,1,0,0,118,no,south,no
T04163,121,79.7,one-year,dsl,yes,no,no,no,e-check,0,no,no,1,3,1,75,no,south,no
T02103,2,85.5,month-to-month,dsl,no,no,no,no,card,0,yes,no,1,0,2,13,no,north,yes
T05688,19,100.5,month-to-month,fibre,yes,no,yes,yes,card,0,no,yes,2,1,3,81,no,south,yes
T01586,106,63.1,month-to-month,dsl,no,no,yes,yes,bank transfer,0,yes,no,1,0,0,145,yes,centre,no
T01679,26,23.6,month-to-month,fibre,yes,no,yes,yes,bank transfer,1,yes,no,0,2,0,23,no,north,no
T05529,15,71.3,one-year,fibre,no,no,yes,no,e-check,0,no,no,1,1,1,25,no,centre,yes
T04456,2,89.1,two-year,none,yes,no,yes,yes,mailed check,0,yes,no,1,0,0,26,no,centre,no
T05750,26,41.7,month-to-month,dsl,no,yes,yes,no,bank transfer,0,no,no,1,1,0,94,no,north,no
T06336,19,94.7,one-year,dsl,no,no,yes,no,mailed check,0,yes,no,1,1,2,40,no,islands,no
T01173,38,67.4,month-to-month,none,no,no,yes,no,bank transfer,1,yes,no,2,2,1,59,yes,centre,no
T06672,181,89.8,two-year,fibre,no,no,yes,no,e-check,0,no,no,1,0,0,53,no,north,no
T05842,48,61.8,one-year,none,no,yes,no,no,mailed check,1,yes,no,3,0,0,37,no,south,no
T05845,3,89.5,month-to-month,dsl,yes,no,no,no,card,1,yes,yes,3,0,0,63,no,centre,no
T04368,73,49.2,one-year,fibre,no,no,yes,no,mailed check,1,no,yes,2,0,1,61,no,islands,no
T06075,45,86,one-year,fibre,no,yes,no,yes,e-check,0,yes,yes,3,0,1,27,no,islands,no
T03228,16,86.7,month-to-month,dsl,yes,yes,yes,no,e-check,0,yes,yes,1,0,1,31,no,north,no
T06302,6,28.8,one-year,fibre,no,no,no,no,bank transfer,1,yes,no,2,1,0,200,yes,islands,no
T04912,18,53.9,two-year,fibre,no,yes,no,yes,e-check,0,no,yes,3,1,1,57,no,south,no
T02543,57,80.9,month-to-month,dsl,yes,no,yes,yes,bank transfer,0,no,no,3,0,0,44,no,centre,no
T03720,54,32.3,month-to-month,dsl,yes,no,no,yes,card,1,yes,no,1,0,1,55,no,centre,no
T03740,8,83.9,one-year,fibre,no,no,no,no,mailed check,0,yes,no,1,0,0,3,no,centre,no
T05875,17,34.2,two-year,fibre,no,yes,no,no,mailed check,1,no,no,1,0,0,34,no,centre,no
T00890,1,98.4,two-year,dsl,yes,no,no,yes,e-check,0,no,no,3,3,0,62,no,north,yes
T01134,44,56,month-to-month,fibre,yes,yes,no,no,bank transfer,0,no,no,0,3,0,130,no,north,no
T02298,6,74.7,month-to-month,dsl,no,no,no,yes,bank transfer,1,no,no,2,0,2,63,no,centre,no
T02785,59,75.9,month-to-month,dsl,no,no,yes,yes,bank transfer,0,no,no,0,2,0,122,no,islands,yes
T01802,16,72.5,one-year,dsl,yes,no,yes,no,e-check,0,no,yes,3,1,1,71,no,islands,no
T05616,6,81.2,two-year,none,yes,no,no,yes,bank transfer,0,no,no,1,0,1,29,yes,south,no
T03737,12,102.3,month-to-month,fibre,yes,no,yes,no,bank transfer,0,no,no,3,2,2,38,no,north,yes
T05238,8,32.3,one-year,fibre,no,yes,yes,yes,bank transfer,0,no,no,2,1,1,63,no,north,no
T01612,87,34.8,one-year,none,no,yes,no,no,mailed check,1,yes,no,1,2,0,25,yes,centre,no
T05085,1,53.8,one-year,dsl,no,no,no,no,bank transfer,0,yes,no,1,1,1,122,no,south,no
T03822,3,96.6,month-to-month,fibre,no,yes,no,yes,e-check,0,yes,no,3,0,0,90,no,centre,yes
T05421,24,42,month-to-month,dsl,no,no,no,yes,mailed check,0,no,no,1,0,1,146,no,islands,yes
T02288,1,51.8,month-to-month,fibre,no,yes,no,no,bank transfer,1,yes,no,1,1,0,107,no,south,no
T04768,58,92,month-to-month,fibre,yes,yes,yes,no,mailed check,0,yes,yes,1,1,0,119,no,islands,yes
T02748,82,28.9,month-to-month,fibre,yes,no,no,no,e-check,0,yes,no,1,0,1,92,no,north,yes
T01487,2,73.5,one-year,dsl,no,yes,no,yes,e-check,0,yes,no,1,0,1,79,no,north,no
T04580,32,82.3,two-year,fibre,no,yes,yes,yes,card,0,yes,yes,3,1,0,47,no,south,no
T01180,4,88.6,one-year,dsl,no,no,yes,yes,bank transfer,0,no,yes,1,0,0,27,yes,north,no
T05435,6,38.8,two-year,dsl,no,no,no,yes,mailed check,0,no,no,1,1,0,123,no,north,no
T01983,9,98.8,one-year,none,yes,yes,yes,yes,bank transfer,0,yes,yes,3,1,0,31,yes,south,no
T06196,5,93,two-year,dsl,yes,no,yes,yes,card,0,yes,no,1,0,0,28,no,north,no
T02955,38,35.7,one-year,dsl,yes,no,yes,yes,mailed check,1,yes,no,1,3,1,61,no,north,no
T05170,29,79.3,one-year,dsl,no,yes,no,yes,e-check,0,yes,yes,1,2,1,33,no,south,yes
T06388,60,105.9,month-to-month,none,no,no,no,no,e-check,0,no,yes,1,1,1,61,no,centre,yes
T02550,29,79.5,month-to-month,none,yes,no,no,yes,card,1,yes,no,2,0,0,33,no,centre,yes
T06874,38,82.6,one-year,dsl,yes,yes,yes,yes,bank transfer,0,no,no,1,0,1,166,no,islands,no
T00661,21,21.7,month-to-month,dsl,no,yes,yes,no,e-check,1,yes,yes,0,0,0,92,yes,south,no
T04627,7,44.8,month-to-month,fibre,no,no,no,no,e-check,0,no,no,1,1,1,36,yes,south,no
T05268,26,22.8,month-to-month,fibre,no,no,no,yes,mailed check,0,no,no,2,2,0,6,no,islands,no
T04898,67,87.9,month-to-month,none,no,no,yes,no,mailed check,1,no,no,1,2,0,87,no,centre,no
T01359,28,82,one-year,dsl,no,no,yes,yes,mailed check,0,yes,no,1,0,1,38,no,south,no
T06585,50,101.9,month-to-month,none,yes,yes,yes,yes,bank transfer,0,no,yes,2,2,2,121,no,south,no
T02168,10,71.1,one-year,dsl,yes,no,yes,yes,mailed check,0,yes,no,2,0,0,59,no,centre,no
T05986,25,25.8,month-to-month,dsl,no,yes,yes,yes,e-check,0,no,yes,1,1,0,63,no,islands,no
T04690,22,60.8,month-to-month,fibre,yes,no,no,yes,bank transfer,0,yes,yes,1,0,1,76,yes,islands,no
T02969,25,92.6,month-to-month,fibre,yes,no,no,yes,e-check,0,yes,yes,3,1,0,42,yes,north,no
T06630,1,40.2,month-to-month,fibre,no,yes,no,no,card,0,yes,yes,1,1,0,20,no,islands,yes
T02536,29,94.4,month-to-month,fibre,no,no,no,yes,e-check,0,yes,no,3,1,0,79,no,islands,no
T05886,14,46.7,two-year,dsl,yes,no,no,yes,card,1,yes,no,1,0,0,123,no,north,no
T05444,14,96.5,two-year,fibre,yes,no,no,yes,card,0,yes,no,2,1,1,34,no,centre,yes
T05051,45,46.6,month-to-month,fibre,no,no,no,yes,e-check,0,no,yes,3,0,0,10,no,islands,yes
T04960,30,104.9,one-year,fibre,yes,yes,no,no,e-check,0,no,no,1,0,1,59,no,centre,yes
T00057,54,66.7,two-year,dsl,yes,no,no,yes,bank transfer,0,yes,no,2,0,0,39,no,south,no
T00608,38,98.9,month-to-month,fibre,no,no,yes,no,mailed check,0,no,no,1,1,0,64,no,centre,no
T01455,43,83.8,two-year,dsl,no,no,no,no,bank transfer,0,no,no,2,2,1,52,no,islands,no
T01162,11,22.8,one-year,fibre,yes,no,no,yes,mailed check,0,yes,no,2,0,3,90,no,centre,no
T06137,161,42.3,two-year,fibre,yes,yes,no,no,bank transfer,0,no,no,1,2,0,33,no,south,no
T03770,31,99.9,one-year,fibre,no,yes,yes,yes,bank transfer,0,yes,no,0,1,0,66,no,south,yes
T02838,6,92.4,one-year,dsl,no,yes,no,yes,bank transfer,0,yes,no,0,1,0,52,no,north,no
T02228,10,32.8,month-to-month,dsl,yes,no,yes,no,bank transfer,0,no,no,2,1,0,29,no,centre,yes
T06282,3,81.7,one-year,fibre,no,no,no,no,card,0,no,no,0,1,1,65,no,centre,no
T03656,14,64.7,one-year,fibre,no,yes,yes,no,card,0,yes,no,2,2,1,102,no,islands,no
T00898,7,108.5,month-to-month,none,no,yes,no,yes,mailed check,0,no,yes,3,2,0,176,no,north,yes
T01140,13,40.2,one-year,fibre,no,no,yes,yes,e-check,1,no,yes,2,0,0,114,no,islands,yes
T02381,6,69.4,month-to-month,fibre,yes,no,no,yes,e-check,0,no,no,1,0,1,67,no,islands,yes
T04114,27,51.2,month-to-month,dsl,yes,no,no,no,e-check,0,yes,no,0,0,0,46,yes,south,no
T03943,83,85.6,one-year,fibre,no,yes,yes,yes,e-check,0,no,no,1,1,1,32,no,south,yes
T04400,44,79.2,one-year,dsl,yes,yes,no,yes,e-check,0,yes,no,1,0,0,20,no,islands,no
T03387,55,40.3,one-year,dsl,yes,yes,no,yes,e-check,0,yes,no,1,1,2,145,no,centre,no
T00491,60,84.9,one-year,none,yes,no,no,yes,e-check,0,no,no,1,2,2,155,no,centre,no
T02957,102,23.1,one-year,none,yes,no,no,yes,e-check,0,no,no,2,1,2,33,yes,south,no
T02579,8,104.7,two-year,fibre,no,no,yes,yes,card,0,no,no,1,0,1,20,yes,islands,no
T02961,33,93.6,one-year,fibre,yes,no,no,yes,mailed check,1,no,no,3,2,0,11,no,south,no
T00440,29,87.2,one-year,dsl,no,no,yes,yes,card,0,yes,yes,0,0,1,58,no,south,no
T02432,59,39.8,month-to-month,fibre,no,no,yes,no,card,0,no,no,0,1,1,20,no,islands,no
T00797,97,87.7,month-to-month,fibre,yes,no,yes,yes,e-check,0,no,no,3,3,0,60,no,islands,yes
T02427,2,40.3,month-to-month,fibre,yes,no,no,no,e-check,1,yes,yes,0,0,0,69,no,islands,yes
T03726,32,20.7,two-year,fibre,yes,yes,no,yes,card,0,yes,no,1,1,2,32,no,south,no
T00446,48,58.5,month-to-month,dsl,no,no,no,yes,mailed check,0,yes,no,0,1,0,73,yes,islands,no
T00236,6,62.1,month-to-month,dsl,yes,no,no,no,e-check,0,no,no,1,0,1,89,yes,centre,no
T06971,7,70.7,month-to-month,fibre,no,no,yes,no,bank transfer,0,no,yes,1,0,0,36,no,south,no
T02001,7,55.3,one-year,fibre,no,yes,yes,no,mailed check,0,yes,no,2,1,0,19,no,centre,yes
T05919,9,69.1,month-to-month,fibre,no,no,no,yes,e-check,1,yes,no,0,1,1,77,no,north,yes
T01419,100,34.2,two-year,dsl,yes,yes,no,no,mailed check,1,yes,yes,1,0,1,64,no,islands,no
T05700,97,66.1,month-to-month,dsl,no,no,no,yes,card,1,yes,yes,3,1,0,88,no,centre,no
T05006,34,72.6,one-year,fibre,no,no,no,no,mailed check,0,yes,no,2,3,0,66,no,north,no
T00929,25,71.8,month-to-month,fibre,yes,yes,no,yes,e-check,0,no,no,1,1,0,69,no,centre,yes
T01463,46,97.1,month-to-month,dsl,yes,no,no,no,card,0,no,yes,1,1,0,91,no,south,no
T05102,13,50,one-year,fibre,no,no,no,yes,mailed check,0,no,no,1,1,0,73,no,centre,no
T05847,4,46.2,month-to-month,dsl,no,yes,no,yes,card,0,no,no,0,0,0,20,no,centre,no
T06092,44,33.7,month-to-month,dsl,no,no,no,yes,e-check,0,no,no,1,0,1,33,no,south,yes
T03572,1,66,month-to-month,none,no,no,no,yes,mailed check,1,no,yes,2,0,2,37,no,south,yes
T06210,3,40.9,two-year,dsl,no,no,no,yes,e-check,0,yes,no,3,1,0,62,yes,south,no
T04470,112,38.1,two-year,none,yes,yes,yes,no,bank transfer,0,no,no,1,1,0,173,no,islands,no
T00038,57,70.8,month-to-month,fibre,yes,no,no,no,bank transfer,1,no,no,1,1,1,198,no,centre,no
T00231,9,21.7,one-year,dsl,yes,no,no,no,card,0,yes,no,2,2,0,29,no,south,no
T04079,4,93.7,two-year,fibre,no,no,no,yes,e-check,0,yes,no,1,1,1,74,no,centre,yes
T02792,16,32.1,month-to-month,dsl,no,no,yes,yes,e-check,0,no,no,2,0,0,75,no,north,no
T00339,1,85.6,one-year,dsl,no,no,no,yes,card,0,no,no,2,2,0,48,yes,islands,yes
T01906,11,56.2,two-year,dsl,yes,no,no,yes,mailed check,0,no,no,1,1,1,69,no,south,no
T03466,5,57.4,month-to-month,fibre,yes,no,no,yes,bank transfer,1,yes,yes,1,0,0,73,no,north,no
T03248,59,96.9,one-year,none,no,yes,no,yes,card,0,yes,no,3,1,0,59,no,islands,no
T04504,92,80.6,month-to-month,none,no,yes,no,no,mailed check,0,no,no,1,1,0,85,no,islands,no
T06586,15,81.4,two-year,fibre,yes,no,yes,yes,e-check,0,yes,yes,2,3,1,112,no,centre,yes
T05977,7,75.1,one-year,dsl,no,no,no,no,card,0,no,no,0,1,1,206,no,south,no
T00468,42,95.5,month-to-month,dsl,no,no,yes,yes,card,0,no,no,2,1,0,61,no,islands,no
T01666,126,75.6,two-year,fibre,no,yes,yes,yes,card,0,no,no,1,1,0,173,yes,south,no
T06358,3,54.1,one-year,none,no,no,yes,no,mailed check,0,no,no,1,0,0,78,no,north,no
T01938,2,81,month-to-month,fibre,no,no,yes,yes,mailed check,0,yes,no,0,0,0,75,no,islands,yes
T04417,34,36,two-year,dsl,no,no,no,yes,card,0,yes,no,1,0,0,282,no,islands,no
T06575,41,27.6,month-to-month,fibre,no,yes,no,no,e-check,0,yes,no,2,0,1,124,no,south,yes
T01383,18,68.5,two-year,fibre,no,yes,no,no,bank transfer,1,no,yes,2,2,1,22,no,islands,no
T06424,28,76.3,one-year,dsl,no,no,no,yes,e-check,0,yes,no,2,0,0,120,no,north,yes
T05046,57,96.9,one-year,fibre,yes,no,no,yes,bank transfer,0,yes,no,1,1,2,69,yes,islands,no
T05306,11,20,two-year,none,yes,no,no,no,mailed check,0,yes,no,2,1,0,125,no,north,no
T05835,24,74.3,one-year,dsl,no,yes,no,yes,bank transfer,0,yes,no,1,1,0,27,no,centre,no
T04166,25,77.5,two-year,dsl,yes,no,yes,yes,bank transfer,1,yes,yes,2,0,2,121,no,centre,no
T06290,12,64.5,one-year,fibre,no,yes,yes,no,e-check,0,no,no,1,2,1,129,no,islands,no
T00324,1,38,month-to-month,fibre,yes,no,yes,yes,mailed check,0,no,no,2,0,0,203,no,north,no
T04713,14,64.5,two-year,dsl,no,yes,yes,no,e-check,0,no,no,1,0,0,66,no,centre,yes
T05351,16,65,month-to-month,none,no,no,yes,yes,bank transfer,0,yes,no,1,2,3,168,yes,south,yes
T03348,15,32.8,one-year,fibre,no,no,no,no,bank transfer,0,no,no,1,1,0,227,no,islands,no
T06112,6,100.2,two-year,fibre,no,no,no,yes,e-check,0,yes,no,3,2,0,36,yes,south,no
T00380,37,73.5,two-year,fibre,no,yes,yes,yes,e-check,0,no,yes,1,0,0,54,no,centre,no
T05611,4,73.3,one-year,dsl,no,no,yes,yes,e-check,1,yes,no,1,1,1,148,no,islands,no
T01622,43,57.2,month-to-month,fibre,yes,yes,yes,no,bank transfer,0,yes,yes,1,0,0,40,no,islands,no
T02102,27,81.1,one-year,dsl,yes,no,no,no,card,0,no,yes,2,0,1,6,yes,islands,no
T00772,69,73.2,month-to-month,dsl,no,yes,yes,yes,e-check,1,no,no,1,0,0,29,yes,north,no
T04053,28,82.8,two-year,none,yes,yes,no,no,bank transfer,0,yes,no,1,0,0,62,no,islands,no
T03446,1,38.9,month-to-month,dsl,no,no,yes,no,e-check,0,yes,yes,0,0,0,15,no,centre,no
T03325,16,53.9,month-to-month,dsl,no,no,yes,no,card,0,yes,no,1,0,0,45,no,islands,no
T00754,7,21.1,month-to-month,fibre,no,no,yes,no,card,1,yes,no,2,0,0,58,no,centre,no
T06170,27,102.4,month-to-month,dsl,no,no,yes,no,card,0,yes,no,3,3,1,83,yes,south,yes
T03427,2,93.4,two-year,fibre,no,no,no,no,e-check,0,no,yes,1,0,0,81,yes,south,yes
T04704,21,109.5,month-to-month,none,no,yes,no,yes,bank transfer,0,no,yes,1,1,1,134,no,centre,yes
T00492,4,97,one-year,fibre,yes,yes,yes,no,mailed check,1,yes,no,1,0,0,115,no,north,no
T02741,17,26.5,month-to-month,dsl,yes,no,no,yes,card,0,no,yes,1,0,0,36,no,islands,no
T00544,19,84.5,month-to-month,none,no,no,no,yes,mailed check,0,no,no,3,0,0,36,yes,centre,yes
T01832,55,40.1,month-to-month,fibre,yes,no,yes,yes,card,0,no,yes,1,1,0,35,no,north,yes
T00578,21,63.3,month-to-month,none,no,yes,yes,no,bank transfer,0,yes,no,1,0,0,236,no,centre,no
T06701,53,90.8,month-to-month,fibre,no,yes,yes,yes,mailed check,0,no,no,0,0,1,61,no,north,no
T06515,50,60.8,month-to-month,fibre,yes,yes,no,yes,card,0,yes,no,3,1,0,106,no,north,no
T03413,27,74.9,month-to-month,dsl,yes,yes,yes,yes,e-check,0,yes,no,3,0,0,185,no,north,no
T02837,31,21.3,one-year,fibre,no,yes,yes,yes,mailed check,0,yes,yes,1,0,0,52,no,islands,no
T05543,12,101.2,two-year,dsl,yes,no,no,no,bank transfer,0,yes,no,2,0,0,114,yes,south,no
T06258,33,35.7,one-year,fibre,no,no,no,yes,e-check,0,yes,yes,1,1,2,67,no,islands,no
T04359,9,89.5,month-to-month,dsl,yes,yes,yes,yes,mailed check,0,yes,yes,3,0,0,126,no,south,no
T06081,17,67.5,month-to-month,dsl,yes,no,yes,no,mailed check,0,yes,no,2,1,1,129,yes,south,yes
T00776,74,26.5,month-to-month,none,no,no,no,yes,e-check,0,no,no,0,2,0,141,no,north,yes
T06572,35,66,month-to-month,none,yes,yes,no,yes,mailed check,0,yes,yes,0,1,0,35,no,north,no
T01706,12,58,month-to-month,none,no,yes,yes,no,card,0,yes,yes,1,0,0,50,yes,south,no
T01998,7,99.6,one-year,dsl,yes,yes,yes,no,bank transfer,0,no,yes,1,0,0,44,no,islands,no
T03921,10,32.2,two-year,fibre,no,no,yes,yes,mailed check,1,yes,yes,1,0,0,5,no,islands,no
T05770,60,40.4,one-year,dsl,yes,yes,no,yes,bank transfer,0,no,no,2,0,0,34,no,islands,no
T03728,12,81.2,month-to-month,none,yes,no,no,yes,e-check,0,yes,yes,0,1,0,99,no,islands,yes
T00529,60,67.3,month-to-month,fibre,yes,yes,no,yes,card,0,yes,yes,2,0,0,127,no,islands,no
T05021,11,100.9,month-to-month,none,no,no,yes,no,e-check,0,no,no,2,2,1,40,yes,north,yes
T02360,19,100.1,one-year,dsl,no,yes,yes,no,bank transfer,0,no,no,1,0,1,124,no,north,yes
T02090,68,109.6,month-to-month,dsl,yes,no,no,yes,bank transfer,0,no,no,1,0,0,69,no,islands,no
T00251,53,47.4,two-year,fibre,no,no,yes,yes,e-check,0,yes,yes,1,0,1,248,yes,north,no
T00233,4,42.2,two-year,fibre,no,no,no,no,mailed check,0,no,yes,0,0,1,48,no,north,no
T04497,22,86.2,month-to-month,fibre,no,no,yes,yes,card,0,no,no,1,0,0,41,no,centre,no
T04764,9,53,month-to-month,none,yes,no,yes,yes,mailed check,0,no,no,0,1,0,65,no,south,no
T05384,25,97,month-to-month,none,no,no,no,yes,card,0,yes,no,1,2,0,47,no,islands,yes
T01251,42,20.6,month-to-month,none,no,no,yes,yes,mailed check,1,yes,yes,1,0,0,129,no,south,no
T00272,11,69.8,month-to-month,dsl,no,yes,yes,no,e-check,0,no,no,1,1,0,114,yes,south,no
T06940,28,103.2,month-to-month,none,no,no,no,no,mailed check,0,no,no,1,0,2,38,no,islands,yes
T02988,13,104.9,one-year,fibre,no,yes,yes,yes,bank transfer,0,no,no,0,3,1,139,no,north,yes
T04741,7,48.2,two-year,dsl,yes,no,no,yes,bank transfer,0,no,no,1,0,0,36,no,islands,no
T04370,19,86.7,two-year,fibre,yes,yes,yes,no,card,0,no,yes,1,0,1,48,no,centre,no
T01399,46,95.8,one-year,dsl,yes,no,yes,no,mailed check,0,no,no,2,1,1,100,yes,north,no
T03141,64,85.6,one-year,dsl,yes,no,yes,yes,e-check,0,no,yes,1,1,1,89,no,south,no
T06243,24,92.1,two-year,fibre,yes,yes,no,yes,bank transfer,1,no,no,1,1,1,156,no,centre,no
T01883,116,27.1,one-year,fibre,no,no,no,no,e-check,0,no,no,0,3,0,265,no,south,yes
T02465,2,78.2,two-year,fibre,no,no,yes,yes,card,0,yes,no,2,0,1,34,no,north,no
T00358,49,46.3,month-to-month,none,yes,yes,no,yes,mailed check,0,no,no,2,1,2,16,no,north,no
T00878,1,45.1,month-to-month,dsl,no,yes,no,no,mailed check,1,no,no,3,1,1,273,no,south,no
T04663,78,65.9,month-to-month,none,no,yes,yes,yes,e-check,0,yes,yes,1,0,0,23,no,south,no
T05187,54,107.7,month-to-month,dsl,no,no,no,yes,e-check,0,no,no,0,0,0,51,no,south,yes
T05934,6,74.8,two-year,none,yes,no,no,yes,e-check,0,yes,no,2,0,0,74,yes,north,no
T04802,7,107.7,month-to-month,fibre,no,no,no,no,card,0,no,yes,1,0,0,78,yes,north,no
T04241,13,103.4,month-to-month,fibre,yes,no,no,yes,bank transfer,0,no,no,1,1,1,24,no,islands,no
T04840,1,70.9,month-to-month,none,no,no,no,no,bank transfer,1,no,yes,2,1,1,94,no,centre,yes
T06953,115,103.4,one-year,none,yes,no,yes,yes,card,0,yes,yes,2,1,0,38,no,north,no
T01303,18,75.5,month-to-month,none,yes,no,no,yes,bank transfer,0,no,no,2,0,0,34,no,centre,no
T02796,22,51.5,month-to-month,dsl,yes,no,no,yes,card,0,yes,no,3,0,0,146,no,islands,no
T03496,1,71,one-year,dsl,no,no,yes,yes,e-check,1,no,yes,0,1,0,37,yes,centre,no
T03724,20,23.1,month-to-month,fibre,yes,yes,yes,no,e-check,0,no,no,1,2,0,216,yes,islands,no
T01792,28,24.7,two-year,fibre,no,no,no,yes,mailed check,0,no,no,1,2,0,46,yes,south,no
T00504,21,55.9,month-to-month,dsl,yes,no,yes,yes,e-check,0,no,yes,1,0,1,72,no,north,no
T05001,5,107.8,month-to-month,dsl,no,no,no,no,e-check,0,no,no,1,0,0,57,no,centre,no
T01111,11,28.4,month-to-month,fibre,no,yes,yes,yes,card,0,no,no,1,1,1,59,no,north,yes
T06588,51,104.7,month-to-month,fibre,no,no,no,no,card,0,yes,no,1,1,0,38,yes,centre,no
T02804,112,80,month-to-month,fibre,no,no,no,no,e-check,0,no,no,1,1,1,35,yes,islands,yes
T06814,39,69,one-year,dsl,no,yes,no,yes,bank transfer,0,no,no,0,1,0,159,no,islands,no
T01501,14,35.3,one-year,dsl,no,no,no,no,bank transfer,0,no,no,1,1,1,90,no,north,yes
T04101,17,55.4,two-year,none,no,yes,yes,yes,e-check,0,no,yes,1,1,0,74,no,islands,no
T05824,57,28.4,month-to-month,fibre,no,no,no,yes,bank transfer,1,no,yes,1,0,1,51,no,south,yes
T02218,99,96.2,month-to-month,fibre,yes,no,no,no,card,1,no,no,2,1,0,87,no,north,no
T00252,8,59.7,month-to-month,fibre,no,yes,no,yes,e-check,0,no,no,2,0,0,7,yes,islands,no
T01377,4,26.3,month-to-month,fibre,no,yes,no,yes,card,1,no,no,1,0,1,157,no,south,yes
T04870,24,40.5,month-to-month,none,no,no,no,yes,bank transfer,0,no,no,2,2,0,22,no,north,no
T06952,15,79.8,month-to-month,none,yes,yes,no,no,card,0,yes,no,2,2,3,5,no,centre,yes
T02978,7,38.8,month-to-month,fibre,yes,yes,no,yes,card,0,yes,no,1,2,0,97,no,south,yes
T02074,22,95.2,month-to-month,dsl,no,yes,yes,no,mailed check,0,no,no,2,1,0,112,no,north,yes
T06427,7,28.2,month-to-month,dsl,yes,no,yes,yes,e-check,0,no,no,1,0,0,80,yes,south,no
T06948,27,44.5,one-year,none,no,yes,yes,yes,bank transfer,1,no,no,2,3,1,121,no,north,no
T04153,13,31.9,month-to-month,dsl,no,no,yes,yes,card,0,yes,no,1,0,0,53,no,south,no
T00285,3,67.8,month-to-month,fibre,no,no,no,no,bank transfer,0,yes,no,2,1,0,38,yes,centre,yes
T00869,7,75.8,month-to-month,fibre,no,no,yes,yes,e-check,0,no,yes,3,0,1,13,no,north,yes
T05689,11,54.9,one-year,fibre,no,no,yes,no,bank transfer,0,yes,yes,1,0,0,140,yes,islands,no
T01061,45,58.9,month-to-month,none,yes,yes,yes,yes,e-check,0,no,yes,2,1,1,91,no,islands,no
T00173,30,103.5,one-year,fibre,yes,no,yes,no,mailed check,0,yes,no,1,0,0,9,no,centre,no
T00105,1,35.2,month-to-month,dsl,yes,yes,yes,yes,mailed check,0,no,no,2,1,0,93,no,south,no
T06423,7,65.5,month-to-month,fibre,no,no,yes,no,e-check,0,yes,yes,2,0,0,114,no,centre,yes
T02110,2,46.5,month-to-month,fibre,no,no,yes,yes,card,0,yes,yes,1,1,1,30,no,south,yes
T00774,15,67.2,month-to-month,dsl,yes,no,yes,yes,mailed check,1,yes,no,1,0,0,23,no,islands,no
T02876,13,96.4,month-to-month,fibre,no,no,yes,yes,card,0,yes,yes,2,1,1,11,no,north,yes
T05864,1,21.7,two-year,dsl,no,no,yes,no,mailed check,0,no,no,1,1,0,20,yes,north,no
T04931,28,93.8,two-year,none,yes,no,no,yes,card,0,yes,no,0,2,0,22,no,islands,yes
T03613,3,36.7,month-to-month,dsl,no,no,yes,no,card,1,yes,no,1,2,0,16,no,centre,yes
T01433,18,33.4,month-to-month,dsl,yes,no,yes,no,mailed check,0,yes,no,2,0,1,108,no,islands,no
T03407,70,89.4,two-year,fibre,no,no,yes,no,e-check,0,yes,no,2,2,2,26,no,south,no
T06349,8,85.1,month-to-month,none,yes,yes,yes,no,bank transfer,1,yes,no,0,2,0,113,no,centre,no
T04489,31,83.9,month-to-month,fibre,no,yes,no,yes,mailed check,0,no,yes,2,0,0,88,yes,south,no
T02070,2,44.2,one-year,fibre,no,yes,no,no,card,0,no,no,2,0,0,37,no,south,no
T02235,7,74.5,two-year,fibre,no,no,no,no,e-check,0,no,no,1,0,0,193,yes,centre,no
T06824,7,65,month-to-month,dsl,yes,no,yes,yes,card,0,yes,no,2,1,2,14,no,islands,no
T00097,9,76,month-to-month,none,no,no,no,yes,mailed check,0,no,yes,1,0,1,51,no,south,yes
T06136,1,67.7,one-year,dsl,yes,no,yes,yes,card,0,no,no,3,1,0,83,no,south,yes
T05967,32,50.5,month-to-month,dsl,no,no,yes,yes,bank transfer,0,no,no,2,0,0,7,no,north,yes
T05703,14,50.9,month-to-month,dsl,no,yes,yes,no,mailed check,0,no,no,1,1,0,72,yes,north,yes
T02167,38,65.7,two-year,fibre,yes,yes,no,yes,bank transfer,0,no,no,1,4,1,30,no,centre,no
T00328,62,91.9,month-to-month,fibre,yes,no,yes,no,mailed check,0,yes,yes,1,1,1,62,no,south,no
T01423,19,90.1,two-year,fibre,no,no,yes,yes,e-check,0,no,no,1,1,0,130,no,islands,yes
T05822,84,73.1,one-year,fibre,no,yes,no,yes,mailed check,0,no,no,1,0,0,76,no,islands,no
T04707,36,54.4,two-year,fibre,yes,yes,yes,yes,bank transfer,0,no,no,1,0,1,48,no,centre,no
T01559,14,108.9,month-to-month,fibre,yes,no,no,yes,bank transfer,0,yes,no,2,2,0,16,yes,islands,no
T05298,6,28.1,month-to-month,dsl,no,no,no,no,card,0,no,yes,3,1,0,21,yes,islands,no
T00223,38,90.9,one-year,fibre,no,yes,no,no,card,0,yes,no,3,3,0,33,no,islands,no
T04142,9,34.2,month-to-month,none,no,no,no,yes,card,0,no,yes,3,1,0,100,no,north,no
T02481,41,36.2,two-year,none,no,yes,yes,no,mailed check,0,yes,no,0,0,0,41,no,north,no
T03336,38,78.2,two-year,fibre,no,no,no,yes,e-check,0,no,yes,1,0,0,44,no,islands,no
T04927,19,72.1,month-to-month,dsl,no,no,no,yes,card,0,yes,no,2,1,1,137,no,centre,yes
T02629,13,28.9,month-to-month,none,yes,no,no,yes,bank transfer,0,yes,no,1,0,0,52,no,islands,no
T03109,2,76.8,two-year,fibre,no,yes,yes,yes,e-check,0,yes,no,1,1,0,21,no,centre,no
T03961,64,60.1,two-year,fibre,yes,no,yes,no,bank transfer,0,yes,no,2,2,0,66,no,islands,no
T05535,51,44,one-year,fibre,no,yes,yes,yes,card,0,no,no,1,1,0,36,no,north,no
T04856,13,74.4,two-year,fibre,no,no,no,yes,card,0,no,no,0,3,0,143,yes,north,yes
T02841,37,108.9,one-year,fibre,no,no,yes,no,card,0,yes,no,1,0,0,157,no,islands,yes
T04550,23,34.7,month-to-month,fibre,no,no,yes,no,bank transfer,0,yes,no,0,0,1,53,yes,north,no
T03292,17,26,two-year,none,no,no,yes,no,mailed check,0,yes,no,1,1,0,184,no,north,no
T02330,40,68.8,month-to-month,fibre,yes,yes,yes,yes,card,0,no,no,1,0,1,79,no,north,no
T02502,14,73.4,month-to-month,fibre,yes,no,no,yes,card,1,yes,no,2,0,1,48,no,north,no
T05818,5,50,two-year,none,no,yes,yes,no,card,0,yes,no,1,0,1,54,no,islands,no
T04411,37,63.2,month-to-month,none,yes,no,yes,yes,e-check,0,yes,no,1,2,0,32,no,centre,yes
T02636,1,65.8,month-to-month,fibre,no,no,yes,yes,e-check,1,yes,yes,2,2,1,57,no,south,yes
T02165,24,100.3,one-year,none,no,yes,yes,yes,bank transfer,1,no,no,1,0,1,28,no,centre,yes
T04148,12,32.3,month-to-month,fibre,no,no,no,no,card,0,no,no,3,3,0,47,yes,north,yes
T00560,64,26.7,month-to-month,dsl,yes,no,no,no,bank transfer,0,no,yes,1,0,0,86,no,islands,no
T00977,45,96.2,two-year,fibre,no,no,yes,yes,mailed check,0,yes,no,1,0,0,129,no,north,no
T03757,11,77.4,two-year,dsl,yes,no,no,yes,bank transfer,0,no,no,2,0,0,70,no,south,no
T03931,35,73.9,two-year,fibre,no,no,yes,no,e-check,0,yes,no,3,2,1,81,no,south,no
T04680,3,24.2,one-year,fibre,no,no,no,yes,card,0,yes,yes,0,0,0,34,no,north,no
T01406,98,75.3,one-year,dsl,no,no,yes,yes,e-check,1,no,yes,1,2,1,29,no,north,no
T00088,10,42,month-to-month,none,no,no,yes,yes,bank transfer,0,yes,no,1,0,0,106,yes,islands,no
T00312,10,64.5,month-to-month,fibre,yes,yes,no,yes,bank transfer,0,yes,no,1,0,0,50,no,islands,no
T05176,31,46.1,two-year,dsl,yes,yes,no,no,mailed check,0,yes,no,2,1,1,37,yes,centre,no
T03120,42,33.4,month-to-month,none,no,no,no,yes,card,0,no,no,2,1,0,82,no,centre,no
T00810,1,39.4,two-year,dsl,no,no,yes,yes,e-check,0,no,yes,0,1,1,110,no,centre,no
T05350,32,47.4,month-to-month,dsl,no,no,yes,yes,mailed check,0,yes,no,1,1,2,92,no,centre,no
T04906,32,103.8,month-to-month,dsl,no,no,no,no,bank transfer,1,yes,no,2,1,0,127,no,islands,yes
T01370,3,20.8,month-to-month,dsl,no,no,no,yes,mailed check,0,no,no,3,1,0,132,yes,south,yes
T06966,4,54.4,month-to-month,dsl,no,no,yes,no,mailed check,0,yes,yes,3,0,0,8,no,islands,no
T01310,7,50.2,month-to-month,dsl,yes,yes,yes,yes,mailed check,0,no,no,1,0,4,62,no,islands,yes
T05849,28,29.3,month-to-month,fibre,no,yes,no,yes,bank transfer,0,no,yes,1,2,0,86,yes,north,no
T04986,5,77.1,one-year,none,yes,yes,yes,no,mailed check,0,no,no,3,2,0,42,no,islands,no
T06740,82,30.4,two-year,dsl,yes,no,yes,yes,card,0,yes,yes,1,4,1,77,yes,centre,no
T05140,14,29.4,month-to-month,fibre,no,yes,no,yes,mailed check,0,yes,no,1,0,0,179,yes,north,yes
T02009,67,35.7,month-to-month,fibre,no,no,no,yes,card,0,no,yes,2,1,0,112,yes,islands,no
T01009,16,23.5,month-to-month,dsl,no,no,no,yes,mailed check,0,yes,no,0,0,0,101,no,centre,no
T02834,41,50.7,month-to-month,dsl,yes,no,yes,no,bank transfer,0,yes,no,3,0,0,37,no,south,no
T03806,26,21,one-year,fibre,no,yes,yes,yes,mailed check,1,yes,no,3,1,0,38,no,islands,no
T06741,130,72.9,month-to-month,dsl,no,no,yes,yes,bank transfer,0,yes,no,1,1,1,15,no,centre,no
T00337,37,49.4,one-year,none,no,yes,yes,yes,mailed check,0,no,no,2,2,0,97,no,north,no
T01981,4,82.7,two-year,dsl,no,no,yes,yes,e-check,0,no,no,2,0,0,86,no,south,no
T00524,19,23.1,month-to-month,dsl,no,no,yes,no,e-check,0,yes,no,1,0,1,7,yes,islands,no
T01378,9,82.8,month-to-month,fibre,no,no,yes,yes,e-check,0,yes,no,1,1,0,16,no,centre,yes
T00183,8,65.6,one-year,dsl,no,no,yes,yes,card,0,no,no,1,1,1,80,no,south,no
T03153,18,88.1,month-to-month,dsl,yes,no,yes,yes,card,0,no,no,2,0,0,130,yes,centre,no
T00889,50,72.1,month-to-month,none,yes,yes,no,yes,e-check,0,yes,no,3,0,0,63,no,north,no
T06091,34,46.1,month-to-month,none,no,no,no,yes,e-check,0,no,no,3,1,1,63,no,centre,no
T01078,5,90.9,two-year,dsl,no,no,no,no,card,0,yes,no,2,1,0,51,yes,north,yes
T06726,4,92.9,month-to-month,fibre,yes,yes,no,yes,bank transfer,0,yes,no,2,1,0,219,no,centre,yes
T00668,3,24.2,month-to-month,fibre,no,yes,no,yes,bank transfer,0,no,no,2,1,0,38,no,islands,yes
T06056,31,88.8,month-to-month,dsl,no,no,no,yes,card,0,no,no,2,1,0,66,no,centre,no
T01119,22,92.7,two-year,fibre,no,yes,no,yes,mailed check,0,yes,no,1,0,0,37,no,islands,no
T01570,58,54.2,month-to-month,none,no,yes,yes,no,e-check,0,yes,no,3,0,2,81,no,south,no
T00131,4,75.6,month-to-month,fibre,no,no,no,yes,mailed check,1,no,no,1,1,0,98,no,centre,yes
T03391,11,23.7,month-to-month,fibre,no,no,no,yes,mailed check,0,no,yes,2,1,0,174,no,south,no
T06666,11,94.9,two-year,fibre,yes,no,no,yes,card,0,yes,yes,2,0,1,98,no,north,no
T02380,41,90.6,month-to-month,none,yes,no,yes,yes,card,0,yes,no,2,0,0,30,no,islands,yes
T03781,13,86.2,month-to-month,dsl,no,yes,no,no,e-check,0,no,no,1,1,0,118,yes,islands,yes
T02721,20,109.3,month-to-month,fibre,no,no,no,no,bank transfer,0,no,no,1,1,1,33,no,islands,no
T03932,24,57.2,two-year,fibre,no,no,no,yes,e-check,0,no,no,1,1,0,104,no,south,no
T01957,1,79.1,month-to-month,fibre,yes,no,no,no,e-check,0,yes,yes,2,0,0,48,no,north,no
T00586,27,22,month-to-month,fibre,yes,no,yes,no,e-check,1,no,yes,1,4,2,97,no,south,yes
T02525,1,75.4,month-to-month,fibre,yes,no,no,yes,e-check,0,yes,yes,1,0,1,112,no,islands,yes
T06713,60,64.1,one-year,fibre,no,yes,no,yes,mailed check,0,no,yes,1,2,0,145,no,south,yes
T02789,23,25.7,month-to-month,dsl,no,yes,yes,no,bank transfer,0,yes,no,1,3,0,74,no,north,yes
T03908,4,40.4,one-year,fibre,no,yes,yes,yes,e-check,1,yes,yes,1,1,0,80,no,south,no
T02008,125,108.8,one-year,fibre,yes,yes,yes,yes,card,0,no,no,2,0,0,24,no,north,no
T03554,8,45.3,one-year,fibre,yes,no,yes,no,mailed check,0,no,yes,1,0,0,119,no,centre,no
T05380,6,74.8,one-year,none,no,no,yes,no,bank transfer,0,no,no,1,3,0,22,yes,centre,yes
T01499,1,81,month-to-month,none,no,no,no,no,mailed check,1,yes,no,0,0,0,183,no,islands,no
T00123,3,100.6,one-year,dsl,no,no,no,yes,bank transfer,0,no,no,3,0,0,46,yes,north,no
T06607,36,52.3,month-to-month,dsl,no,no,yes,no,bank transfer,0,yes,no,0,0,1,43,no,north,yes
T06445,7,91.9,month-to-month,fibre,no,no,no,yes,bank transfer,1,no,no,1,1,0,37,no,centre,yes
T06311,107,29.5,two-year,fibre,no,yes,yes,yes,mailed check,1,no,no,2,0,0,98,no,north,no
T03615,35,53.4,month-to-month,fibre,no,no,no,no,card,0,yes,no,1,3,0,20,no,south,yes
T05265,44,27.8,month-to-month,fibre,no,no,yes,no,bank transfer,0,no,no,2,1,0,79,no,north,no
T06675,6,59.8,one-year,dsl,yes,yes,no,yes,mailed check,0,yes,yes,1,1,1,77,no,north,no
T03989,82,64.4,month-to-month,fibre,yes,no,no,no,bank transfer,0,yes,no,2,2,0,27,no,centre,yes
T05962,51,97.8,month-to-month,none,yes,yes,yes,no,bank transfer,0,no,yes,0,0,0,39,no,north,yes
T06066,27,53.7,month-to-month,fibre,no,no,no,no,e-check,1,yes,yes,1,0,0,19,yes,islands,yes
T04218,23,62.8,two-year,none,yes,no,no,no,bank transfer,1,yes,no,1,1,0,61,no,centre,no
T00577,7,105.2,month-to-month,fibre,no,no,yes,yes,card,0,no,no,1,0,1,62,no,islands,yes
T04169,10,59.7,one-year,dsl,yes,yes,no,no,mailed check,0,no,no,1,1,0,170,no,islands,no
T02344,1,94.5,two-year,dsl,no,no,no,yes,mailed check,0,yes,no,1,0,2,124,no,islands,no
T06665,44,60.2,two-year,dsl,yes,yes,no,yes,mailed check,0,no,yes,1,2,0,195,yes,centre,no
T03256,14,33.3,two-year,fibre,no,yes,no,yes,card,0,no,yes,1,1,0,42,no,centre,no
T03062,12,31.3,two-year,fibre,yes,no,no,no,bank transfer,0,yes,no,1,0,0,106,no,islands,no
T00220,51,86.7,month-to-month,dsl,yes,no,yes,no,card,0,no,no,1,0,2,54,no,south,no
T04823,68,30.2,month-to-month,dsl,yes,yes,yes,no,mailed check,0,yes,yes,1,1,2,226,no,islands,no
T01015,53,71,one-year,none,no,yes,yes,yes,mailed check,0,yes,yes,1,0,0,31,no,centre,yes
T05507,11,54.7,month-to-month,none,no,yes,no,no,card,1,no,no,0,0,1,20,yes,islands,no
T04783,22,107.6,month-to-month,fibre,no,yes,no,yes,mailed check,0,no,no,2,0,1,12,no,south,no
T03042,11,83.6,one-year,dsl,no,no,yes,yes,card,1,yes,no,1,2,0,50,no,centre,no
T02918,66,65.5,month-to-month,dsl,no,yes,yes,yes,e-check,0,no,no,1,0,1,78,no,islands,no
T03534,18,71.8,month-to-month,dsl,no,no,no,no,bank transfer,0,yes,no,2,1,0,85,no,north,yes
T06614,5,79,month-to-month,fibre,yes,yes,yes,no,e-check,0,yes,no,1,0,0,89,yes,centre,no
T02314,12,104.1,one-year,fibre,no,no,yes,yes,e-check,1,no,no,0,2,0,20,no,south,yes
T02136,9,54.9,month-to-month,fibre,yes,yes,no,no,bank transfer,1,yes,no,1,0,0,79,yes,centre,no
T01709,18,84.8,month-to-month,none,no,no,yes,no,e-check,0,no,yes,1,2,2,73,no,islands,no
T01245,16,71.4,month-to-month,dsl,yes,no,yes,yes,bank transfer,0,no,no,2,1,1,97,no,centre,no
T06593,14,39.8,month-to-month,fibre,no,yes,yes,yes,card,0,no,no,1,1,0,25,yes,islands,no
T05398,12,74.8,month-to-month,fibre,no,no,no,yes,card,0,yes,no,1,1,0,160,no,centre,no
T03057,2,37.5,month-to-month,fibre,no,yes,yes,yes,mailed check,0,no,no,0,0,0,101,no,islands,yes
T00982,4,96.9,two-year,fibre,yes,yes,yes,no,bank transfer,0,yes,no,2,0,0,9,yes,centre,no
T04321,82,83.8,month-to-month,none,yes,yes,no,yes,mailed check,0,no,no,1,2,0,38,no,north,no
T03344,2,26.1,month-to-month,dsl,yes,yes,no,yes,mailed check,0,no,no,1,0,1,48,no,north,no
T05388,18,92.8,month-to-month,fibre,no,no,no,yes,mailed check,0,no,yes,1,1,1,148,yes,islands,no
T06393,71,70.1,month-to-month,dsl,yes,no,no,yes,e-check,1,yes,no,1,1,1,141,no,islands,no
T06003,147,76.8,one-year,dsl,yes,no,yes,no,card,0,yes,no,1,1,0,36,no,south,no
T05007,48,96.2,one-year,dsl,no,no,no,yes,bank transfer,0,no,no,2,0,2,118,no,north,yes
T04082,3,106.8,one-year,fibre,no,yes,yes,no,mailed check,0,no,no,1,1,0,99,yes,south,yes
T05664,84,93.4,month-to-month,none,no,no,no,yes,bank transfer,0,yes,yes,1,1,0,19,no,islands,no
T03627,16,102.3,month-to-month,fibre,no,yes,no,yes,mailed check,1,no,yes,2,0,0,82,yes,islands,no
T00832,12,57.6,month-to-month,none,no,yes,yes,no,bank transfer,0,no,yes,1,2,2,40,yes,south,no
T01298,5,81.3,month-to-month,dsl,no,yes,yes,no,bank transfer,0,no,no,1,2,1,58,no,south,yes
T04806,33,33.5,one-year,fibre,no,no,no,yes,mailed check,0,no,no,1,0,0,252,yes,south,no
T01068,56,106.5,month-to-month,dsl,no,no,no,no,mailed check,0,no,no,1,0,0,129,no,north,no
T02679,5,93.6,two-year,dsl,no,yes,no,no,bank transfer,0,no,no,2,0,0,84,no,islands,no
T05813,8,63.4,month-to-month,fibre,no,yes,no,yes,bank transfer,1,no,no,1,0,0,80,no,south,yes
T03668,57,69.6,one-year,dsl,no,no,yes,yes,mailed check,0,no,yes,2,1,0,53,no,north,yes
T00485,16,47.9,month-to-month,fibre,yes,no,yes,yes,mailed check,0,yes,no,1,1,0,30,no,north,no
T03568,11,33.4,one-year,fibre,no,yes,no,yes,mailed check,0,yes,yes,1,0,0,86,no,islands,no
T03271,1,49.1,two-year,none,no,yes,yes,yes,mailed check,0,no,no,1,0,0,31,no,centre,no
T03815,33,38.6,one-year,none,no,yes,yes,yes,e-check,0,yes,yes,1,0,3,122,no,north,no
T02444,3,35.4,month-to-month,fibre,no,no,no,no,card,0,no,no,1,1,0,22,no,centre,yes
T02581,43,84.6,month-to-month,dsl,no,no,yes,no,card,0,yes,yes,2,1,0,91,no,south,no
T03416,23,64.9,month-to-month,dsl,no,no,yes,yes,mailed check,0,no,yes,1,0,0,24,yes,north,yes
T02747,8,106.2,two-year,fibre,yes,no,yes,no,mailed check,0,no,yes,1,0,1,145,no,north,no
T04913,71,29,one-year,fibre,no,yes,yes,yes,e-check,0,yes,no,1,1,1,60,no,north,no
T01701,21,76.2,month-to-month,fibre,no,yes,no,yes,e-check,0,yes,yes,1,2,1,85,no,south,yes
T02576,66,75,month-to-month,dsl,no,yes,no,no,e-check,0,yes,no,2,2,0,59,no,south,no
T01235,44,43.7,one-year,dsl,yes,yes,no,no,mailed check,0,yes,no,1,1,0,100,no,north,no
T02464,10,85.9,one-year,fibre,no,yes,yes,no,bank transfer,0,yes,no,2,1,0,62,no,islands,yes
T05194,30,94.1,month-to-month,dsl,no,no,yes,yes,e-check,1,yes,no,2,0,0,121,no,south,no
T02397,28,66.9,two-year,fibre,yes,no,no,no,mailed check,0,no,no,2,1,0,58,no,north,no
T05715,7,105.1,month-to-month,fibre,no,yes,yes,yes,e-check,0,no,no,2,1,2,225,no,south,yes
T03773,19,78.3,two-year,dsl,no,no,yes,yes,mailed check,0,no,yes,1,1,0,8,no,north,no
T04477,23,99.2,month-to-month,dsl,no,no,no,no,e-check,0,no,no,2,0,0,71,no,north,yes
T00825,3,53.8,one-year,none,no,no,yes,no,bank transfer,0,no,no,2,1,1,132,no,islands,yes
T00620,39,49.7,one-year,dsl,no,yes,no,yes,e-check,0,no,yes,1,1,2,153,no,centre,no
T04485,2,59.9,one-year,none,no,yes,yes,no,card,1,yes,no,2,0,1,250,no,north,no
T06524,1,58.7,month-to-month,fibre,no,no,yes,yes,card,0,yes,yes,3,2,2,76,yes,north,yes
T06703,111,76.8,two-year,dsl,yes,no,no,no,e-check,0,yes,no,1,1,0,18,no,islands,no
T02117,102,38.4,month-to-month,none,no,no,yes,yes,e-check,0,yes,no,1,2,0,7,no,south,no
T01118,100,20.1,month-to-month,dsl,yes,no,no,yes,e-check,0,yes,no,1,1,1,145,no,south,yes
T01982,24,66.2,one-year,dsl,no,yes,yes,yes,e-check,1,yes,no,1,0,0,33,yes,islands,no
T04433,2,81.6,two-year,none,no,no,no,yes,card,1,yes,no,2,0,0,126,no,north,no
T01397,3,60.9,month-to-month,dsl,yes,no,yes,no,card,1,no,yes,1,0,2,49,yes,north,yes
T04220,24,107.5,one-year,fibre,no,yes,yes,no,card,0,yes,yes,1,0,1,17,no,islands,no
T06958,20,80.6,month-to-month,dsl,yes,no,no,no,bank transfer,0,yes,no,0,0,1,54,no,south,no
T06304,11,105.6,one-year,dsl,yes,no,no,yes,bank transfer,0,yes,no,1,0,0,48,no,centre,no
T01712,20,47.4,month-to-month,none,yes,no,no,no,bank transfer,0,yes,no,1,1,0,85,no,islands,yes
T00327,36,61.3,one-year,dsl,no,no,no,yes,e-check,0,yes,no,1,0,0,314,no,centre,no
T05437,57,105.4,month-to-month,none,yes,no,yes,yes,bank transfer,0,yes,no,0,1,1,93,no,north,no
T02950,19,77.6,month-to-month,none,no,yes,no,no,bank transfer,1,no,no,1,0,1,58,no,islands,no
T04208,32,80.6,month-to-month,dsl,yes,no,yes,yes,bank transfer,0,no,no,2,0,0,10,no,islands,no
T01724,2,50,month-to-month,dsl,no,no,yes,yes,mailed check,0,yes,no,2,1,0,17,no,islands,no
T01478,7,29.3,month-to-month,none,yes,no,no,no,bank transfer,0,yes,yes,1,0,1,43,no,islands,no
T02248,5,96,month-to-month,fibre,no,yes,yes,no,e-check,0,yes,yes,1,2,2,157,no,islands,yes
T05696,8,52.3,month-to-month,none,no,yes,no,yes,bank transfer,0,yes,no,1,0,1,17,no,south,no
T04541,17,80.3,month-to-month,dsl,no,no,no,yes,mailed check,0,yes,no,1,2,1,42,no,north,yes
T00414,10,94.3,one-year,none,no,yes,yes,yes,card,0,no,no,1,0,0,73,no,centre,no
T01306,103,48.9,two-year,none,no,yes,yes,no,e-check,0,yes,no,1,0,1,51,no,north,no
T03183,33,57.7,one-year,fibre,no,yes,no,yes,card,1,yes,no,1,1,0,40,no,north,no
T04792,49,33.2,month-to-month,fibre,no,yes,no,no,card,0,no,yes,3,1,0,77,yes,islands,no
T04381,19,91.5,month-to-month,dsl,yes,yes,yes,yes,card,0,yes,no,1,1,0,63,no,north,no
T00435,82,32.6,month-to-month,fibre,no,yes,yes,no,bank transfer,0,no,yes,1,0,1,65,no,islands,no
T01550,75,74.3,month-to-month,dsl,no,no,yes,yes,mailed check,1,yes,no,2,0,0,201,no,north,yes
T04026,27,29,one-year,dsl,no,no,no,no,bank transfer,0,yes,yes,2,1,0,43,no,south,no
T04052,16,87.3,one-year,fibre,no,no,no,yes,e-check,1,yes,yes,2,0,0,121,yes,islands,no
T00958,73,79.1,month-to-month,none,no,yes,no,no,mailed check,0,yes,no,2,0,2,90,no,centre,yes
T06303,20,87.1,month-to-month,dsl,no,no,yes,no,e-check,0,no,no,3,0,1,13,no,south,yes
T05252,12,103.9,month-to-month,dsl,yes,no,yes,yes,mailed check,1,no,yes,2,0,0,47,no,centre,yes
T00049,73,36.5,month-to-month,fibre,no,no,yes,yes,bank transfer,1,yes,no,3,2,0,205,no,centre,no
T05069,31,101.2,month-to-month,dsl,no,no,no,no,card,0,yes,no,1,0,0,39,no,north,yes
T06367,1,96.4,month-to-month,none,yes,no,yes,no,card,1,no,no,1,0,1,166,no,south,yes
T05546,8,30.6,month-to-month,none,yes,yes,no,yes,card,0,yes,no,2,0,0,71,yes,islands,no
T01194,7,20.3,month-to-month,dsl,yes,no,no,no,mailed check,1,yes,yes,3,0,0,4,no,south,yes
T06826,32,99.6,month-to-month,fibre,yes,no,no,no,bank transfer,0,no,no,1,1,0,75,yes,north,no
T03043,7,37.3,month-to-month,fibre,no,no,no,yes,mailed check,1,yes,no,1,0,0,104,no,north,yes
T05081,4,45.5,month-to-month,dsl,no,yes,no,no,e-check,0,no,no,1,2,0,75,yes,centre,yes
T01856,59,63.3,month-to-month,dsl,yes,no,yes,no,card,0,yes,no,1,2,0,131,no,centre,yes
T01067,10,100.2,month-to-month,fibre,no,no,no,no,card,0,no,yes,0,1,0,10,yes,south,no
T03354,9,34.6,month-to-month,dsl,no,yes,yes,yes,bank transfer,0,no,yes,1,0,0,67,no,south,no
T04841,7,98.2,two-year,none,no,yes,no,yes,e-check,0,yes,yes,1,2,0,209,no,centre,yes
T04432,28,62.5,month-to-month,dsl,yes,no,yes,no,e-check,0,no,yes,2,1,0,96,no,north,no
T00707,51,86.9,two-year,dsl,no,yes,yes,yes,mailed check,0,no,no,1,2,0,9,no,north,no
T04106,28,84.2,month-to-month,none,yes,no,no,no,card,0,yes,yes,2,2,1,79,yes,centre,yes
T01294,62,51.5,two-year,dsl,no,no,yes,yes,e-check,0,no,no,1,1,1,55,yes,centre,yes
T05945,16,33.7,one-year,fibre,no,no,no,yes,bank transfer,0,no,no,1,1,1,28,no,north,no
T01758,23,20.5,two-year,dsl,yes,no,no,yes,bank transfer,0,yes,no,2,0,0,28,no,north,no
T03859,1,57.6,one-year,dsl,yes,yes,no,yes,bank transfer,0,no,no,1,0,0,17,no,islands,no
T02269,20,106.9,one-year,fibre,no,no,yes,no,e-check,0,no,no,1,2,0,25,yes,centre,no
T03657,2,65.7,month-to-month,fibre,no,no,no,yes,card,0,yes,no,3,0,0,259,no,south,no
T04762,23,63.6,month-to-month,fibre,yes,no,no,yes,e-check,0,no,no,1,1,1,65,no,islands,no
T02551,7,59.1,one-year,dsl,yes,yes,no,yes,e-check,0,yes,yes,2,1,0,26,no,south,yes
T02208,46,46.7,month-to-month,fibre,no,yes,no,yes,bank transfer,0,no,no,2,0,2,55,no,north,yes
T03516,2,94.8,month-to-month,none,yes,no,yes,no,card,0,yes,yes,1,0,0,109,no,south,yes
T03787,2,92,one-year,fibre,no,no,yes,no,card,0,yes,yes,3,1,0,61,no,islands,yes
T02770,21,49.9,month-to-month,none,no,yes,yes,yes,e-check,0,no,no,1,0,1,67,yes,centre,no
T03678,91,65.7,two-year,none,no,yes,no,yes,bank transfer,0,no,no,2,1,0,66,yes,north,no
T01117,36,42.7,month-to-month,none,no,yes,yes,no,bank transfer,0,no,yes,2,2,0,73,no,north,no
T05648,62,63.7,month-to-month,fibre,no,no,yes,yes,e-check,1,yes,no,1,3,0,103,yes,north,yes
T01350,17,61,one-year,none,no,yes,no,yes,bank transfer,0,no,no,2,0,0,99,no,north,no
T06642,25,48.8,month-to-month,dsl,no,yes,no,no,card,1,yes,yes,1,0,0,159,no,centre,no
T00068,47,92.9,month-to-month,none,yes,no,yes,no,e-check,0,yes,no,3,0,0,53,no,centre,no
T04618,4,83.6,month-to-month,none,no,no,yes,yes,e-check,0,yes,yes,2,1,0,38,no,north,yes
T05913,33,79.8,two-year,none,no,yes,no,yes,bank transfer,0,yes,no,2,0,1,183,no,north,no
T00336,34,60.7,one-year,fibre,no,yes,no,yes,bank transfer,0,no,yes,1,0,1,18,yes,north,no
T06357,39,108.1,one-year,dsl,no,no,yes,no,card,0,no,no,1,0,1,31,no,centre,no
T05984,62,26.1,month-to-month,fibre,no,no,no,yes,e-check,0,no,no,1,0,1,75,no,south,no
T01093,21,52.3,month-to-month,fibre,yes,yes,yes,yes,mailed check,0,yes,no,2,1,0,46,no,south,no
T06857,22,64.7,month-to-month,dsl,no,no,no,no,e-check,0,yes,no,1,2,0,164,no,south,yes
T00518,24,62.2,month-to-month,dsl,no,no,yes,yes,bank transfer,0,yes,yes,1,0,0,216,no,centre,no
T05391,16,65.4,month-to-month,fibre,yes,no,no,yes,bank transfer,1,no,no,1,1,1,50,no,islands,yes
T03307,39,43.8,month-to-month,fibre,no,no,yes,yes,mailed check,0,no,no,2,0,0,57,no,south,no
T03666,57,26.8,month-to-month,fibre,no,yes,yes,no,bank transfer,0,no,no,1,1,2,34,no,south,no
T04962,13,79.5,two-year,dsl,no,no,no,yes,card,0,yes,no,3,0,0,85,no,south,no
T03945,105,73.6,month-to-month,dsl,yes,yes,no,no,e-check,0,yes,no,2,0,1,87,no,centre,no
T02963,3,67.8,month-to-month,fibre,no,yes,yes,yes,bank transfer,0,yes,no,1,1,2,53,no,islands,no
T01339,80,20.3,two-year,fibre,no,no,no,no,mailed check,0,yes,no,3,1,0,52,no,centre,no
T00180,55,56.4,month-to-month,none,no,no,no,no,bank transfer,0,yes,no,1,1,0,31,yes,islands,no
T06685,7,25.2,one-year,none,yes,no,no,yes,card,0,yes,no,0,0,2,127,no,north,no
T06727,52,74.6,two-year,none,no,no,yes,yes,mailed check,0,yes,yes,0,0,1,77,no,islands,no
T04750,15,89.2,month-to-month,none,no,no,yes,no,bank transfer,0,yes,no,2,1,0,128,yes,north,yes
T05921,14,65.2,one-year,none,yes,no,no,no,card,0,no,no,2,1,0,83,no,south,no
T05121,90,70.8,month-to-month,fibre,no,yes,yes,no,e-check,0,no,no,1,0,3,16,no,north,yes
T06165,13,31.3,two-year,none,no,no,yes,yes,mailed check,0,yes,yes,2,0,0,75,no,centre,no
T00995,67,71.8,two-year,fibre,no,no,no,no,card,0,yes,no,0,1,0,75,yes,south,no
T06626,100,39.7,month-to-month,fibre,yes,no,yes,yes,bank transfer,0,yes,no,1,1,0,101,no,centre,no
T00508,21,68.1,month-to-month,dsl,yes,no,no,yes,mailed check,1,no,no,2,3,1,50,no,islands,no
T05070,83,98.7,month-to-month,fibre,no,no,no,no,e-check,0,no,no,3,1,1,15,no,north,no
T02088,14,86.1,two-year,dsl,no,no,yes,yes,card,0,yes,no,1,0,0,81,no,north,no
T04038,24,44.6,two-year,fibre,no,no,no,no,bank transfer,0,yes,no,2,0,1,93,no,south,no
T02768,51,34,two-year,fibre,no,yes,yes,no,e-check,0,yes,no,1,2,1,37,no,islands,no
T05992,30,60.7,one-year,fibre,no,no,yes,yes,bank transfer,0,yes,yes,2,0,1,79,no,islands,no
T06063,8,37.3,two-year,none,no,no,no,no,card,0,no,no,3,0,0,77,no,south,no
T06655,37,22.3,month-to-month,fibre,yes,yes,yes,yes,e-check,0,yes,yes,1,1,1,33,no,centre,yes
T00289,25,31.1,two-year,none,no,yes,yes,yes,bank transfer,0,yes,no,1,0,0,21,no,centre,no
T01813,4,100.5,month-to-month,none,yes,no,no,yes,card,0,no,yes,1,0,0,108,no,south,yes
T03952,36,29.6,month-to-month,dsl,no,no,yes,yes,e-check,0,yes,no,2,2,0,58,no,north,no
T02299,31,27.6,month-to-month,fibre,no,yes,no,yes,bank transfer,0,no,yes,1,2,0,60,no,north,yes
T03178,31,73.4,two-year,dsl,no,yes,no,yes,mailed check,0,no,no,1,0,1,140,yes,north,no
T03149,13,39,month-to-month,none,yes,no,yes,yes,bank transfer,0,yes,yes,0,1,0,169,yes,north,no
T03477,4,53.3,one-year,dsl,yes,yes,no,no,bank transfer,0,yes,no,1,1,0,43,no,centre,no
T04853,7,104.9,month-to-month,fibre,no,yes,yes,no,bank transfer,0,no,no,1,3,1,106,no,south,no
T06561,10,21.7,one-year,none,no,yes,yes,no,mailed check,0,no,no,0,3,1,98,yes,south,yes
T02618,13,74.3,month-to-month,none,no,no,yes,yes,e-check,0,no,yes,2,1,0,71,no,south,yes
T06973,82,30.4,month-to-month,dsl,yes,yes,yes,no,e-check,0,yes,yes,1,0,0,37,yes,north,no
T01280,48,91.2,one-year,fibre,no,no,no,no,mailed check,0,yes,no,3,0,0,33,no,islands,no
T05601,23,72.7,month-to-month,none,no,no,yes,yes,bank transfer,0,no,no,1,0,1,79,no,north,no
T03837,23,45.6,month-to-month,fibre,no,yes,yes,no,mailed check,0,no,no,1,2,4,98,no,centre,yes
T00282,1,95,month-to-month,fibre,no,no,yes,no,e-check,0,no,yes,1,1,1,208,no,south,yes
T01402,9,31.5,month-to-month,dsl,no,no,no,yes,card,0,yes,no,0,0,1,208,yes,south,no
T04659,23,64,two-year,fibre,no,no,no,yes,card,0,yes,no,2,0,0,98,no,north,no
T00706,21,64.1,month-to-month,fibre,no,no,no,yes,card,0,no,yes,1,1,2,111,yes,islands,yes
T06011,13,46.3,month-to-month,none,no,no,yes,no,e-check,0,no,yes,1,2,1,59,no,islands,no
T04372,4,46.2,one-year,none,no,no,no,no,bank transfer,0,yes,no,3,1,0,17,no,south,no
T00966,107,73.4,month-to-month,fibre,no,yes,yes,no,card,0,no,no,1,0,0,26,no,islands,no
T01713,3,85.6,one-year,dsl,yes,yes,no,yes,card,1,yes,no,3,1,0,35,no,south,no
T03901,11,84.6,month-to-month,none,no,no,yes,no,card,0,yes,yes,0,1,0,63,no,islands,yes
T04480,1,79.1,one-year,fibre,no,no,yes,no,mailed check,0,yes,yes,1,1,0,52,no,north,no
T06569,5,107.6,month-to-month,fibre,yes,yes,no,yes,e-check,1,yes,no,1,0,1,119,no,centre,yes
T02219,16,37.7,two-year,dsl,no,no,no,no,mailed check,1,yes,no,1,0,0,34,no,south,no
T05605,19,87.8,two-year,dsl,no,no,no,yes,bank transfer,0,no,no,1,2,1,62,no,islands,no
T05687,66,74.4,two-year,dsl,yes,no,no,yes,e-check,0,no,no,0,0,0,138,no,centre,no
T05941,11,39.2,one-year,none,no,no,no,yes,card,0,no,no,2,1,0,14,no,north,no
T05659,7,31.5,month-to-month,fibre,no,no,yes,yes,e-check,0,yes,no,0,1,0,128,no,north,no
T05730,6,66,one-year,dsl,yes,yes,no,no,bank transfer,0,yes,yes,2,1,0,49,no,centre,no
T04914,24,54.5,month-to-month,fibre,no,no,no,yes,card,1,no,yes,1,0,0,43,no,islands,yes
T00638,22,65.5,one-year,none,no,no,yes,yes,card,0,yes,yes,2,0,0,50,no,south,no
T03524,2,71.1,two-year,none,yes,no,yes,no,bank transfer,0,yes,no,1,2,0,62,no,islands,no
T06598,17,82,month-to-month,none,no,yes,no,no,mailed check,0,no,no,2,0,2,69,no,centre,yes
T00654,28,24.2,month-to-month,fibre,yes,no,yes,no,bank transfer,0,yes,yes,0,2,0,92,no,south,yes
T00794,64,54.6,two-year,dsl,no,no,yes,yes,bank transfer,0,no,no,1,2,3,33,yes,islands,no
T01689,1,102.2,one-year,fibre,no,no,yes,no,mailed check,0,no,no,2,3,3,80,no,centre,yes
T01596,8,106.6,two-year,none,no,no,no,yes,e-check,0,no,no,1,0,0,71,no,north,no
T06261,19,21.4,month-to-month,fibre,no,yes,no,no,card,0,no,yes,2,0,0,130,no,south,no
T02435,7,87,month-to-month,none,no,yes,yes,yes,e-check,0,no,no,1,0,1,45,no,islands,yes
T04246,60,62.3,month-to-month,dsl,no,no,yes,no,mailed check,0,yes,yes,1,1,0,97,no,islands,yes
T01277,40,63,one-year,fibre,yes,yes,no,yes,card,1,no,no,3,1,0,111,yes,islands,yes
T05236,8,42.1,month-to-month,fibre,no,no,yes,no,card,0,no,yes,2,2,1,77,no,centre,no
T02620,28,89.8,one-year,fibre,no,yes,yes,no,e-check,0,no,yes,3,1,0,77,no,south,no
T06755,25,89.4,month-to-month,dsl,no,no,yes,yes,mailed check,0,yes,no,1,0,1,157,yes,north,yes
T05779,5,43.4,month-to-month,dsl,no,no,no,yes,mailed check,0,yes,no,1,0,0,45,yes,south,no
T05636,76,59,two-year,dsl,no,no,no,no,bank transfer,0,yes,no,1,1,0,108,no,north,no
T05462,15,72.4,month-to-month,none,no,yes,no,yes,mailed check,0,no,no,1,2,1,94,no,south,yes
T02513,119,105.9,two-year,fibre,no,no,yes,yes,card,1,no,yes,1,0,1,21,no,islands,no
T01662,38,63,month-to-month,fibre,yes,no,no,yes,e-check,1,yes,no,2,1,0,23,no,islands,yes
T01208,127,23.1,month-to-month,fibre,yes,no,yes,no,e-check,0,no,no,0,1,2,130,no,centre,no
T00117,30,31.9,month-to-month,none,yes,no,no,yes,bank transfer,0,no,yes,2,0,0,36,no,south,no
T02197,31,55.1,two-year,dsl,no,no,no,no,mailed check,0,no,yes,2,0,0,40,no,south,no
T03280,27,83.4,month-to-month,fibre,yes,no,yes,yes,e-check,0,no,no,1,0,1,47,no,south,no
T04198,3,70.4,month-to-month,none,no,no,no,yes,mailed check,0,yes,no,1,0,0,13,yes,south,no
T02097,54,101.7,one-year,fibre,no,no,no,no,bank transfer,0,yes,no,2,0,1,105,no,centre,no
T01012,128,83.6,month-to-month,none,no,no,yes,no,e-check,0,yes,no,1,0,0,53,no,centre,no
T02078,36,72.8,one-year,dsl,yes,yes,yes,no,bank transfer,0,no,no,1,1,1,168,no,islands,no
T02714,5,76.9,one-year,dsl,yes,no,no,yes,e-check,0,no,no,2,2,0,25,no,south,no
T03753,50,93.4,two-year,fibre,no,no,yes,yes,mailed check,1,yes,no,1,0,0,123,no,south,no
T02004,12,100.2,month-to-month,fibre,yes,yes,no,no,mailed check,0,yes,no,1,1,0,30,no,south,no
T02669,73,83.9,two-year,dsl,yes,yes,no,yes,card,0,yes,no,1,1,1,14,no,centre,no
T00320,11,92.3,month-to-month,none,no,no,no,yes,bank transfer,0,yes,yes,1,1,1,79,no,centre,yes
T04461,111,53.5,two-year,none,no,no,no,yes,bank transfer,0,yes,no,1,0,0,14,no,north,no
T04521,3,20.4,month-to-month,dsl,no,no,no,yes,e-check,1,no,no,1,0,1,91,no,islands,yes
T03660,4,81.5,one-year,dsl,no,no,no,yes,mailed check,1,yes,no,1,0,0,95,yes,south,no
T00510,5,58.9,month-to-month,fibre,no,no,yes,no,mailed check,0,yes,no,1,1,2,21,no,islands,yes
T05079,36,20.5,month-to-month,fibre,no,yes,no,yes,bank transfer,0,no,yes,2,1,3,60,no,south,yes
T03555,9,42.6,two-year,dsl,yes,no,yes,no,card,0,no,yes,1,3,0,101,no,north,no
T02154,6,91,month-to-month,dsl,no,no,no,yes,bank transfer,0,no,no,1,1,0,81,no,north,yes
T00989,1,79.9,one-year,dsl,no,yes,no,yes,mailed check,0,no,yes,2,3,0,45,no,islands,no
T05103,37,25.3,month-to-month,fibre,no,no,no,yes,mailed check,1,yes,yes,2,0,0,76,yes,centre,no
T00990,70,106.8,one-year,none,yes,no,yes,no,bank transfer,0,yes,no,2,0,0,118,no,north,no
T04661,2,69,one-year,dsl,no,yes,yes,no,bank transfer,0,no,no,1,1,0,26,yes,centre,no
T02500,8,101.9,one-year,fibre,no,yes,yes,yes,mailed check,0,no,no,1,2,0,258,yes,south,yes
T00736,9,67.8,month-to-month,dsl,yes,yes,no,yes,e-check,0,no,yes,2,1,0,72,no,south,yes
T00503,49,87,month-to-month,dsl,yes,no,no,yes,e-check,1,no,no,1,1,3,14,no,south,yes
T02805,18,45.9,one-year,none,no,yes,no,yes,e-check,0,no,no,0,4,0,34,no,islands,no
T06114,29,98.4,two-year,none,no,no,no,yes,bank transfer,0,no,no,1,0,0,10,no,south,no
T05419,26,84.6,month-to-month,dsl,no,no,no,no,e-check,0,yes,yes,2,0,0,118,no,south,no
T02236,21,44.5,month-to-month,none,no,no,no,no,e-check,0,yes,yes,2,1,1,5,no,islands,yes
T05281,42,104.3,month-to-month,dsl,no,yes,yes,yes,bank transfer,0,yes,no,3,1,1,99,no,north,yes
T00766,40,54.4,two-year,dsl,yes,yes,yes,yes,bank transfer,0,no,no,1,0,0,61,yes,south,no
T06992,1,57.7,month-to-month,fibre,no,no,yes,yes,bank transfer,0,yes,no,1,0,1,111,no,islands,yes
T03114,4,73.7,month-to-month,fibre,no,no,yes,yes,bank transfer,0,yes,yes,2,1,1,145,no,centre,no
T01884,32,106.4,month-to-month,dsl,yes,no,yes,yes,mailed check,1,no,no,2,2,1,51,no,islands,yes
T00962,93,48.7,month-to-month,dsl,yes,yes,no,no,bank transfer,0,no,yes,1,1,1,101,no,centre,no
T02111,37,67.9,two-year,dsl,yes,no,yes,yes,card,0,yes,yes,3,0,0,157,no,south,no
T02884,8,56.8,two-year,none,yes,no,no,yes,e-check,0,yes,no,2,0,2,104,yes,islands,no
T05032,14,71.7,one-year,fibre,no,yes,yes,yes,bank transfer,0,yes,no,1,2,1,50,no,islands,no
T03195,37,89.6,two-year,none,no,no,yes,yes,mailed check,0,yes,no,2,2,1,8,no,south,no
T06438,47,38.1,one-year,fibre,no,no,no,yes,bank transfer,1,yes,no,0,0,1,110,yes,islands,no
T03789,7,27.4,month-to-month,fibre,no,yes,no,no,e-check,0,yes,yes,1,0,0,16,no,south,no
T00496,104,43.6,two-year,dsl,yes,no,no,yes,e-check,0,no,no,0,1,1,45,no,islands,no
T04752,47,25.9,one-year,fibre,no,no,yes,yes,bank transfer,0,yes,no,3,2,0,104,no,islands,no
T03875,1,97.3,month-to-month,fibre,no,no,yes,no,card,0,no,no,1,1,1,137,no,islands,no
T03713,23,72.6,one-year,dsl,yes,no,yes,yes,mailed check,0,no,no,2,0,1,21,no,centre,no
T05565,5,66,month-to-month,none,no,no,no,yes,mailed check,1,yes,no,1,0,0,105,no,north,yes
T01356,154,95.2,month-to-month,fibre,yes,no,no,no,mailed check,0,no,no,1,0,0,84,no,south,no
T06020,19,73,two-year,fibre,yes,no,yes,yes,card,0,no,no,1,1,2,170,no,south,no
T01197,8,43.9,month-to-month,none,no,yes,yes,yes,card,0,no,yes,0,1,2,69,yes,north,no
T01895,17,104.6,month-to-month,dsl,no,no,yes,no,mailed check,0,yes,no,1,0,0,30,no,north,no
T00928,6,23,month-to-month,dsl,no,no,yes,no,bank transfer,0,yes,yes,2,3,0,153,no,islands,yes
T00169,29,34.5,month-to-month,fibre,yes,no,yes,yes,mailed check,0,no,no,1,1,0,93,no,south,yes
T03845,1,78.2,month-to-month,fibre,yes,no,no,yes,mailed check,0,yes,no,1,0,0,27,yes,south,no
T01244,20,26,month-to-month,none,yes,yes,no,no,e-check,0,yes,yes,1,1,2,19,no,south,no
T03164,57,52.9,two-year,fibre,yes,no,yes,no,e-check,0,yes,yes,1,0,0,87,no,centre,no
T04396,15,34.3,two-year,dsl,no,no,yes,yes,mailed check,0,no,yes,3,0,0,25,no,centre,no
T05485,60,97.1,one-year,fibre,no,no,yes,yes,mailed check,0,yes,no,1,2,1,42,no,north,no
T03701,65,95.7,month-to-month,none,no,no,yes,no,card,1,no,no,1,0,0,91,no,north,yes
T06554,21,61.4,one-year,none,yes,no,yes,no,mailed check,0,no,no,2,2,0,141,no,centre,no
T02830,17,109.6,month-to-month,dsl,yes,no,no,yes,card,0,no,no,1,1,1,26,no,islands,no
T05164,59,73.8,one-year,dsl,no,no,no,yes,e-check,0,yes,no,3,1,0,83,no,north,no
T00838,38,109.2,month-to-month,fibre,no,no,yes,yes,card,0,no,no,2,0,0,109,yes,north,no
T05718,54,75.2,two-year,none,yes,no,no,yes,bank transfer,0,yes,no,2,0,0,19,no,south,no
T02178,1,92,two-year,fibre,yes,no,no,yes,bank transfer,0,no,yes,2,0,1,85,no,islands,no
T05725,28,44.4,one-year,fibre,no,yes,yes,no,card,0,no,no,1,1,0,119,no,north,no
T01732,13,43.9,month-to-month,dsl,no,no,no,yes,card,0,yes,no,1,1,1,18,no,centre,no
T03063,7,96.9,one-year,dsl,no,yes,yes,no,bank transfer,0,yes,no,2,1,0,23,no,north,no
T04039,30,95.8,month-to-month,fibre,no,no,yes,yes,e-check,0,yes,no,1,1,1,5,no,centre,no
T00770,33,86.3,month-to-month,dsl,yes,yes,yes,yes,e-check,1,no,no,2,0,0,113,no,islands,no
T04265,2,57.3,one-year,dsl,yes,no,yes,no,card,0,no,no,1,2,0,51,yes,south,no
T06881,30,62.6,month-to-month,fibre,no,no,yes,no,card,0,no,yes,2,0,1,110,no,north,no
T02742,4,82.2,month-to-month,fibre,no,no,yes,yes,e-check,0,yes,no,1,2,0,41,no,centre,yes
T00190,28,39.2,one-year,none,no,no,no,yes,card,0,yes,yes,1,0,0,75,yes,islands,no
T02387,2,20.1,two-year,none,no,no,yes,yes,card,0,yes,yes,1,0,0,102,no,centre,no
T05008,49,25.4,month-to-month,none,no,no,no,no,bank transfer,0,yes,no,2,1,0,92,no,islands,no
T03578,42,48,two-year,dsl,yes,no,no,yes,mailed check,0,no,yes,1,0,0,90,yes,south,no
T00738,3,72.2,one-year,fibre,yes,no,yes,yes,e-check,0,yes,no,0,1,1,77,no,north,yes
T00461,25,95.1,month-to-month,none,no,yes,no,yes,e-check,0,yes,no,2,0,0,65,no,centre,no
T06718,57,83.9,month-to-month,none,no,yes,yes,yes,mailed check,0,no,yes,0,0,1,13,no,centre,no
T03663,1,33.1,two-year,fibre,yes,no,no,yes,e-check,0,no,no,0,1,2,81,no,south,no
T04613,3,78.5,two-year,none,no,yes,no,no,card,0,no,no,2,3,0,95,no,south,no
T02810,68,45.4,month-to-month,fibre,no,yes,yes,yes,e-check,0,yes,no,0,0,0,30,yes,centre,no
T00726,41,28.9,one-year,fibre,no,no,no,no,mailed check,0,yes,yes,0,1,0,72,no,south,no
T04967,51,85.6,two-year,fibre,yes,yes,no,no,card,0,yes,no,1,0,0,119,yes,islands,no
T06140,40,77.5,month-to-month,none,no,no,yes,yes,e-check,0,no,no,1,0,1,16,no,north,no
T05415,66,25.5,month-to-month,fibre,yes,no,no,no,mailed check,0,no,no,1,1,0,56,no,north,no
T01703,5,33.6,month-to-month,fibre,no,no,yes,yes,bank transfer,0,no,no,2,2,1,19,no,north,yes
T02016,79,69.5,month-to-month,none,no,yes,yes,no,mailed check,0,yes,yes,1,0,0,50,yes,north,no
T02808,39,83,one-year,none,yes,no,yes,yes,card,0,no,yes,2,2,0,22,no,north,no
T03233,69,94.7,month-to-month,dsl,no,yes,no,yes,e-check,0,yes,yes,1,2,0,163,no,islands,yes
T06080,1,45.5,two-year,dsl,no,yes,no,yes,bank transfer,0,yes,no,2,2,0,20,no,centre,no
T00650,45,63.4,one-year,fibre,no,no,no,yes,bank transfer,0,yes,yes,1,0,1,34,no,islands,no
T00700,10,35.6,two-year,dsl,no,yes,yes,yes,mailed check,0,no,yes,3,1,2,121,yes,south,no
T06637,5,56.5,one-year,fibre,no,yes,yes,yes,card,0,no,no,1,0,1,81,no,islands,no
T03709,6,98.3,two-year,fibre,yes,no,yes,yes,bank transfer,0,yes,no,0,1,0,21,yes,centre,no
T00143,10,54.6,two-year,dsl,yes,no,no,yes,card,0,yes,yes,2,1,1,99,no,islands,no
T06943,90,43.3,two-year,dsl,yes,yes,no,no,e-check,0,yes,yes,2,1,0,64,yes,south,no
T00549,8,67.9,one-year,none,no,no,no,no,card,0,no,no,1,1,2,22,no,centre,yes
T00416,8,84.1,month-to-month,dsl,no,no,no,yes,bank transfer,0,no,yes,2,0,1,151,no,north,yes
T01977,10,43.5,one-year,dsl,no,no,no,no,e-check,0,yes,no,1,1,1,68,no,islands,no
T04255,73,59.6,one-year,fibre,no,no,no,yes,bank transfer,0,yes,yes,2,0,1,12,no,north,no
T02720,68,103.5,month-to-month,fibre,no,yes,yes,yes,bank transfer,0,yes,no,1,1,1,31,no,islands,no
T01730,53,44.6,one-year,dsl,no,yes,yes,no,bank transfer,0,no,no,2,0,0,52,no,north,no
T01284,7,31.8,two-year,dsl,no,no,no,yes,mailed check,0,yes,no,2,0,1,45,no,south,no
T01598,11,42.5,month-to-month,dsl,no,yes,yes,no,card,0,yes,no,1,1,1,15,no,south,no
T04863,17,73.9,month-to-month,dsl,no,no,yes,yes,card,0,no,no,1,0,0,24,no,south,no
T05109,9,47,month-to-month,none,no,no,yes,yes,e-check,0,yes,no,1,3,0,67,no,north,yes
T00926,28,103.1,two-year,fibre,yes,no,yes,no,e-check,1,no,yes,1,1,0,108,no,centre,yes
T04608,149,92.2,month-to-month,none,yes,no,no,yes,e-check,0,no,yes,1,2,0,96,yes,centre,yes
T05973,37,34.4,one-year,fibre,yes,no,no,yes,bank transfer,0,yes,no,2,1,0,9,no,centre,yes
T02920,62,54.8,one-year,fibre,yes,no,yes,no,card,0,no,no,1,0,1,105,no,south,no
T01153,39,79.9,one-year,fibre,yes,yes,no,yes,mailed check,0,yes,no,0,0,0,116,no,islands,no
T05022,28,49.7,month-to-month,none,no,yes,yes,yes,e-check,0,no,yes,2,1,2,20,no,islands,no
T04955,27,59.4,month-to-month,dsl,no,yes,no,yes,card,0,no,yes,2,0,1,9,no,islands,no
T06542,10,51,one-year,dsl,yes,yes,no,yes,card,0,no,no,1,2,0,56,no,islands,no
T05414,107,55.4,month-to-month,fibre,yes,yes,no,yes,card,1,no,no,1,0,0,80,no,centre,no
T00769,6,72.8,month-to-month,fibre,yes,no,yes,yes,bank transfer,0,no,no,1,2,0,40,no,centre,yes
T05312,38,50.1,two-year,dsl,yes,no,yes,no,bank transfer,1,no,yes,2,0,2,67,no,north,no
T03030,1,47.3,two-year,none,yes,yes,no,no,e-check,1,yes,no,1,0,0,211,no,north,no
T00419,4,30,two-year,fibre,no,no,no,yes,e-check,0,no,yes,1,2,0,57,no,islands,no
T04043,65,77.4,month-to-month,fibre,yes,yes,no,yes,e-check,0,yes,yes,1,0,2,88,no,north,yes
T00041,30,33.2,month-to-month,none,no,no,yes,yes,e-check,0,no,no,0,0,0,15,no,islands,no
T04540,46,77.8,one-year,dsl,yes,no,yes,yes,card,1,no,no,2,2,0,177,no,south,no
T03610,101,92.2,month-to-month,fibre,yes,no,yes,yes,e-check,0,yes,no,1,0,0,47,no,south,no
T04560,21,58,month-to-month,none,no,yes,yes,yes,card,0,yes,no,1,1,1,15,no,south,no
T02337,2,20.4,two-year,dsl,no,no,no,no,mailed check,0,no,no,0,1,1,131,no,south,no
T02202,1,39.5,month-to-month,fibre,no,no,yes,yes,bank transfer,0,no,no,2,0,0,90,no,centre,yes
T00955,21,69.8,month-to-month,dsl,no,no,no,yes,bank transfer,0,no,yes,1,0,0,71,no,centre,no
T01431,17,23.3,month-to-month,fibre,no,no,no,yes,card,0,no,no,2,1,0,26,yes,south,no
T00879,19,96.4,month-to-month,none,no,no,yes,no,mailed check,0,no,no,1,0,0,234,yes,north,no
T05111,16,39.2,month-to-month,dsl,yes,yes,no,yes,card,0,yes,no,1,0,0,22,yes,centre,no
T06933,27,94,one-year,none,no,no,yes,no,bank transfer,0,no,no,1,2,0,66,no,south,no
T01639,8,99.4,month-to-month,dsl,no,no,no,no,card,0,no,yes,1,1,0,16,no,centre,no
T03163,151,85.2,month-to-month,none,no,yes,no,yes,card,0,yes,no,1,1,0,32,no,islands,no
T05999,88,28.2,month-to-month,fibre,no,yes,yes,yes,e-check,1,no,yes,1,1,2,110,no,islands,no
T03605,42,56.3,one-year,fibre,yes,no,no,yes,bank transfer,0,yes,no,0,0,0,21,no,south,no
T06100,143,79.6,two-year,fibre,no,yes,no,no,mailed check,0,yes,yes,2,0,0,154,no,north,no
T06247,13,54.4,one-year,dsl,yes,yes,no,yes,mailed check,0,yes,no,1,0,1,84,no,centre,no
T05670,16,63.4,month-to-month,dsl,yes,yes,no,no,mailed check,0,no,no,2,0,1,113,no,north,no
T00730,1,34.7,two-year,dsl,no,yes,no,yes,mailed check,0,no,yes,1,0,1,35,no,centre,yes
T03891,1,101.9,month-to-month,none,yes,yes,yes,yes,mailed check,0,no,no,0,2,0,104,no,islands,no
T00341,12,52.4,one-year,dsl,yes,yes,no,yes,mailed check,0,no,yes,1,1,0,71,no,centre,no
T02637,45,31.7,one-year,none,yes,yes,yes,yes,e-check,1,yes,no,2,0,0,73,yes,south,no
T02245,31,51.8,two-year,fibre,yes,no,no,yes,card,0,no,no,1,0,0,125,yes,islands,no
T03541,14,103.9,one-year,fibre,yes,no,no,yes,mailed check,1,yes,no,3,2,0,93,no,north,no
T02229,8,38,month-to-month,dsl,no,no,no,yes,e-check,0,no,no,2,2,0,39,no,south,no
T01476,16,109.6,one-year,dsl,no,yes,yes,yes,e-check,0,no,yes,3,2,2,74,no,south,yes
T03939,13,24.4,month-to-month,fibre,yes,no,yes,no,e-check,0,no,no,1,2,3,47,no,centre,yes
T02733,1,67.9,one-year,dsl,no,no,yes,yes,card,0,no,no,1,1,2,8,yes,north,no
T04295,14,86.5,month-to-month,dsl,no,yes,no,no,card,0,yes,no,2,3,1,26,no,centre,yes
T02974,24,20.5,one-year,dsl,no,yes,no,yes,bank transfer,0,yes,yes,2,1,0,48,no,south,no
T05045,17,58.4,two-year,dsl,yes,yes,yes,yes,bank transfer,0,no,no,2,1,1,46,no,north,no
T03990,4,72.4,month-to-month,dsl,no,yes,yes,yes,e-check,0,no,no,1,2,0,73,no,islands,yes
T03212,10,76.7,month-to-month,none,no,yes,no,yes,e-check,0,no,yes,1,0,1,109,yes,south,yes
T03096,17,30,two-year,fibre,no,no,no,yes,bank transfer,0,yes,no,1,0,0,131,no,south,no
T00106,50,28.4,month-to-month,fibre,yes,no,no,no,card,0,no,no,1,0,0,187,no,north,yes
T00860,46,21.9,month-to-month,none,yes,yes,yes,yes,mailed check,0,no,yes,3,2,0,48,no,north,no
T00406,25,109.4,one-year,none,no,no,yes,yes,mailed check,0,no,no,2,0,0,114,no,south,no
T06345,14,87.3,month-to-month,fibre,yes,no,yes,no,e-check,0,no,yes,1,1,0,180,no,south,no
T03688,13,53,month-to-month,none,yes,no,yes,no,bank transfer,1,yes,no,2,2,0,43,no,centre,no
T01770,39,67.4,one-year,none,no,yes,no,yes,mailed check,0,no,no,3,1,0,62,no,centre,no
T04597,54,68.7,one-year,none,no,no,yes,yes,bank transfer,0,no,no,1,0,1,107,no,centre,no
T01300,44,54.9,month-to-month,dsl,no,no,yes,no,mailed check,0,yes,no,3,0,1,53,no,centre,yes
T00617,24,68.3,month-to-month,dsl,no,yes,no,yes,bank transfer,0,yes,no,2,1,0,85,no,islands,no
T02017,35,22.4,month-to-month,fibre,no,no,yes,yes,e-check,0,no,yes,1,1,1,191,no,islands,yes
T04232,18,20.7,month-to-month,dsl,no,yes,no,no,e-check,0,no,no,1,1,0,71,yes,centre,no
T05316,7,70.5,month-to-month,fibre,yes,no,no,yes,mailed check,0,yes,no,0,0,1,114,no,south,no
T01191,29,108.2,one-year,fibre,yes,yes,no,yes,card,0,yes,yes,1,0,4,125,no,islands,no
T04639,1,42.7,month-to-month,none,no,yes,no,yes,card,1,no,no,0,0,1,274,no,islands,yes
T06350,313,27.5,month-to-month,dsl,yes,no,yes,yes,mailed check,0,yes,no,2,1,0,16,no,centre,no
T05518,84,37,month-to-month,dsl,no,no,yes,yes,e-check,0,no,yes,1,3,0,123,no,islands,yes
T03012,21,78.9,month-to-month,fibre,no,no,yes,no,bank transfer,0,no,no,2,0,0,34,no,centre,no
T05566,12,69.9,one-year,dsl,yes,no,no,no,e-check,0,no,yes,3,0,0,51,no,north,no
T03170,1,68.1,month-to-month,dsl,yes,no,no,yes,bank transfer,0,yes,no,1,1,0,55,yes,north,no
T04478,16,44.7,two-year,fibre,yes,no,yes,no,mailed check,0,no,no,0,0,0,37,no,centre,no
T04793,5,76.8,two-year,fibre,no,no,yes,yes,e-check,0,no,no,3,2,0,197,no,islands,no
T04807,112,75.1,month-to-month,dsl,no,no,no,yes,bank transfer,0,no,no,1,0,0,49,yes,islands,no
T03995,20,76.3,one-year,fibre,yes,no,yes,yes,e-check,0,yes,no,2,1,3,175,no,south,no
T04036,80,26.5,month-to-month,dsl,no,yes,no,yes,card,0,no,no,2,3,1,52,no,north,no
T05869,25,61.3,month-to-month,dsl,no,no,yes,yes,e-check,0,yes,no,1,1,0,22,yes,north,no
T03476,58,54.6,month-to-month,fibre,no,yes,yes,yes,mailed check,1,no,no,1,1,0,46,no,north,yes
T03548,3,56.6,two-year,dsl,yes,yes,no,no,e-check,0,no,no,1,3,0,82,no,centre,no
T03019,1,98.1,month-to-month,fibre,no,no,no,no,card,1,yes,no,2,0,2,75,no,north,yes
T04859,94,105.9,month-to-month,dsl,yes,no,yes,yes,mailed check,0,yes,no,1,0,0,48,yes,north,no
T00463,8,26.5,two-year,none,yes,no,no,no,bank transfer,0,no,yes,2,2,0,21,yes,islands,no
T00418,35,80.8,month-to-month,dsl,yes,no,no,yes,mailed check,0,yes,yes,0,1,1,146,no,centre,no
T00036,52,65.5,month-to-month,dsl,yes,yes,no,yes,bank transfer,1,yes,no,1,2,0,138,no,centre,no
T05606,13,106.4,month-to-month,dsl,no,no,no,yes,mailed check,0,yes,no,2,1,0,34,no,islands,no
T04238,18,52.4,month-to-month,fibre,no,no,no,yes,mailed check,0,no,no,2,0,0,20,no,centre,no
T05198,24,52.4,month-to-month,fibre,no,yes,no,no,e-check,0,yes,no,1,3,0,53,yes,islands,no
T06235,7,51.4,month-to-month,fibre,no,no,no,no,mailed check,0,yes,no,1,0,2,66,no,centre,yes
T06177,17,67.1,month-to-month,dsl,yes,no,yes,no,mailed check,0,no,yes,2,0,0,145,no,centre,no
T03260,9,97.7,two-year,dsl,no,yes,no,yes,bank transfer,0,no,no,1,1,0,28,no,north,no
T02060,126,33,two-year,fibre,yes,yes,no,yes,e-check,0,no,no,1,1,0,14,no,north,yes
T03179,17,45.5,one-year,none,no,no,yes,yes,bank transfer,0,no,yes,1,2,1,76,yes,south,no
T01574,7,23.4,month-to-month,none,no,no,yes,yes,mailed check,0,no,no,1,1,0,39,no,south,yes
T05570,69,103,month-to-month,fibre,yes,no,yes,no,mailed check,0,yes,yes,2,0,0,175,no,north,yes
T02654,43,100.5,month-to-month,dsl,no,no,no,no,card,0,no,no,3,1,0,116,no,centre,yes
T04482,21,27.3,month-to-month,dsl,no,yes,no,no,card,0,yes,no,0,0,0,122,no,north,yes
T03938,74,95.3,month-to-month,dsl,yes,yes,no,yes,card,0,no,yes,2,0,1,42,no,centre,yes
T04392,57,59.9,month-to-month,dsl,no,yes,no,no,e-check,0,no,no,1,2,1,26,no,centre,yes
T06671,21,43.4,one-year,dsl,no,no,yes,no,card,0,no,no,2,1,1,29,no,north,no
T03431,20,24.5,one-year,fibre,yes,yes,yes,no,e-check,0,yes,no,1,0,0,28,no,centre,no
T01575,126,104.1,month-to-month,fibre,no,no,yes,no,card,1,yes,yes,1,1,0,37,no,islands,yes
T04577,41,43.2,month-to-month,dsl,no,yes,yes,yes,mailed check,0,no,yes,1,0,1,143,no,islands,no
T00007,58,102.1,two-year,dsl,no,yes,yes,no,e-check,0,yes,no,2,0,0,41,no,centre,no
T02313,28,61,two-year,dsl,no,yes,yes,yes,bank transfer,1,yes,no,1,0,0,91,no,south,no
T05013,2,29.8,two-year,none,no,no,no,yes,mailed check,0,no,no,1,0,0,40,no,north,no
T01127,57,42.6,one-year,none,yes,yes,no,no,bank transfer,0,yes,yes,2,0,0,115,no,centre,no
T01075,10,84.5,two-year,fibre,yes,yes,yes,no,bank transfer,0,no,no,1,1,0,55,yes,north,no
T01605,7,30.9,two-year,dsl,no,no,no,yes,card,1,yes,no,1,2,2,33,no,centre,no
T04292,7,47.8,two-year,fibre,yes,no,yes,yes,bank transfer,0,no,yes,2,0,0,41,no,south,no
T01778,30,41.7,two-year,fibre,no,yes,yes,yes,bank transfer,0,no,yes,1,0,0,128,no,centre,no
T01021,40,100.9,month-to-month,none,no,no,yes,no,e-check,0,yes,no,1,0,0,123,no,centre,no
T04152,68,91.9,month-to-month,fibre,yes,no,yes,no,bank transfer,0,yes,no,1,0,2,110,no,islands,yes
T03800,33,61.2,month-to-month,none,no,no,no,no,e-check,0,no,no,2,1,1,118,yes,south,no
T04069,14,81.2,month-to-month,dsl,yes,no,no,no,card,1,yes,yes,1,1,0,128,no,north,no
T00812,2,80.3,one-year,none,no,yes,no,yes,e-check,0,no,no,2,0,1,118,no,south,no
T01373,7,67.7,month-to-month,fibre,no,yes,no,yes,mailed check,0,yes,no,1,0,0,23,no,north,no
T06494,1,34.4,month-to-month,dsl,no,no,no,yes,card,1,yes,yes,1,0,0,40,no,islands,yes
T01313,68,77.9,one-year,fibre,no,no,no,yes,bank transfer,0,no,yes,2,0,0,32,yes,islands,yes
T00478,55,105.7,one-year,none,yes,no,yes,yes,mailed check,1,yes,yes,2,1,0,125,no,centre,no
T02976,25,78.1,month-to-month,dsl,yes,yes,yes,yes,card,1,yes,no,0,1,0,93,no,north,no
T01582,100,34.2,month-to-month,dsl,no,no,yes,yes,bank transfer,0,no,no,0,2,2,227,yes,south,no
T00270,4,26.9,month-to-month,dsl,no,yes,yes,no,e-check,0,no,no,2,1,1,14,yes,centre,yes
T06536,17,60.7,two-year,fibre,no,no,yes,yes,mailed check,0,yes,yes,1,1,3,36,no,islands,no
T05091,20,72.7,month-to-month,fibre,no,yes,no,yes,card,0,no,yes,1,1,0,149,no,south,yes
T02188,27,82.1,month-to-month,none,yes,no,yes,yes,mailed check,1,no,no,1,0,1,69,no,centre,yes
T02948,12,107.2,month-to-month,fibre,no,no,yes,yes,e-check,0,yes,no,1,1,2,47,no,north,yes
T05442,45,101.9,one-year,dsl,yes,no,no,no,e-check,0,yes,yes,2,1,1,90,no,islands,yes
T06909,43,51.5,one-year,fibre,no,no,no,no,e-check,0,yes,no,1,2,0,12,yes,south,no
T00542,4,59.9,month-to-month,fibre,no,no,yes,yes,e-check,0,yes,no,1,0,1,120,no,centre,no
T01683,30,89.6,two-year,fibre,yes,no,yes,yes,card,1,no,yes,1,0,1,37,no,north,no
T01836,6,50.1,month-to-month,none,no,yes,yes,yes,e-check,0,no,no,0,1,0,28,no,centre,yes
T00978,30,105.3,month-to-month,fibre,yes,no,no,no,mailed check,0,no,no,2,1,0,155,no,islands,yes
T01878,9,83.7,month-to-month,fibre,no,no,yes,yes,bank transfer,0,no,yes,1,1,0,70,yes,south,yes
T06147,60,46.6,month-to-month,fibre,no,no,yes,yes,mailed check,0,no,yes,2,1,0,99,no,north,no
T01673,97,50.7,one-year,fibre,yes,yes,no,yes,e-check,0,no,no,3,0,0,75,no,south,no
T01907,36,33,month-to-month,dsl,no,no,no,yes,e-check,0,yes,no,2,0,1,139,yes,north,yes
T00563,5,61.9,month-to-month,fibre,yes,yes,no,yes,e-check,0,yes,no,2,0,0,120,no,north,yes
T05851,70,92.7,one-year,fibre,no,yes,no,yes,mailed check,0,yes,no,2,2,0,62,no,south,no
T04543,20,86.4,month-to-month,dsl,no,no,yes,yes,card,0,no,no,3,1,0,47,no,south,no
T04074,3,62.5,month-to-month,fibre,yes,no,yes,yes,mailed check,1,no,yes,1,1,0,113,no,centre,yes
T02041,38,27,two-year,dsl,no,no,no,yes,bank transfer,0,yes,yes,1,2,0,108,no,north,no
T02983,12,56.1,two-year,fibre,no,yes,no,yes,mailed check,0,yes,no,2,1,0,116,no,north,no
T04847,49,98.4,one-year,fibre,yes,no,no,no,card,1,no,yes,1,0,0,19,no,south,no
T03490,34,86.2,one-year,fibre,yes,yes,no,yes,card,0,yes,no,3,1,0,152,no,south,no
T06193,19,33,one-year,none,no,no,yes,yes,e-check,0,no,no,2,1,0,31,yes,centre,no
T01987,20,103.7,two-year,none,no,no,yes,yes,bank transfer,0,no,no,2,1,1,34,no,north,no
T03505,27,101.3,month-to-month,fibre,yes,yes,yes,yes,card,0,no,yes,1,0,0,115,no,south,no
T02226,57,60.8,two-year,dsl,no,no,yes,no,mailed check,0,no,no,1,1,0,186,yes,islands,no
T02256,34,80.4,month-to-month,dsl,no,yes,no,yes,e-check,0,no,yes,1,3,1,47,no,islands,no
T04068,1,75.1,month-to-month,none,yes,yes,yes,yes,mailed check,0,yes,no,0,0,0,213,no,south,no
T04390,45,25.6,month-to-month,dsl,no,yes,yes,no,card,0,no,yes,1,1,0,10,no,north,yes
T04954,26,78.6,month-to-month,dsl,yes,no,yes,yes,mailed check,0,no,no,0,1,0,8,no,centre,no
T02292,7,35.5,two-year,dsl,no,yes,no,yes,mailed check,1,yes,no,1,2,0,88,no,south,no
T05107,11,53.6,two-year,none,yes,yes,no,no,mailed check,0,no,no,2,2,0,120,no,north,no
T00967,8,105.6,two-year,fibre,no,no,yes,no,card,1,yes,no,1,1,0,12,no,islands,no
T05554,14,84.1,month-to-month,fibre,yes,yes,no,yes,mailed check,0,yes,yes,1,0,0,67,no,islands,yes
T04660,65,91.4,two-year,fibre,no,no,yes,yes,card,1,no,no,1,1,0,31,no,islands,no
T03423,13,79.9,month-to-month,dsl,no,no,no,yes,mailed check,0,no,no,2,0,0,123,no,north,no
T06573,1,57.7,two-year,dsl,yes,no,yes,yes,mailed check,1,yes,no,1,1,0,39,no,centre,no
T00729,48,69.2,month-to-month,none,no,no,no,no,bank transfer,0,yes,no,1,1,0,136,no,south,no
T06204,47,70.1,month-to-month,fibre,yes,no,yes,no,e-check,0,yes,no,2,1,0,155,yes,north,no
T01039,16,27.8,month-to-month,none,yes,yes,yes,no,mailed check,0,no,no,1,0,2,67,no,islands,yes
T06796,2,27.5,month-to-month,none,no,no,yes,no,mailed check,0,yes,no,3,1,1,86,no,islands,yes
T01270,18,56.7,two-year,dsl,no,no,no,yes,e-check,0,no,yes,1,0,0,19,yes,centre,no
T00507,69,73.2,one-year,none,no,no,no,yes,card,0,no,yes,3,1,1,96,no,south,no
T04076,51,44.2,month-to-month,fibre,no,no,yes,yes,card,0,no,no,1,1,0,20,no,north,no
T06798,19,73.2,month-to-month,none,no,yes,yes,yes,card,1,no,yes,3,2,0,275,no,north,yes
T03156,28,47.8,one-year,fibre,yes,yes,yes,no,mailed check,0,no,no,1,0,0,113,no,islands,no
T04647,57,66.9,one-year,dsl,yes,no,yes,yes,mailed check,1,yes,no,0,0,2,15,no,south,no
T05329,12,43.9,one-year,dsl,yes,no,no,no,e-check,0,no,yes,2,2,1,101,no,centre,no
T03780,5,71.1,one-year,dsl,no,no,no,yes,e-check,0,no,no,1,0,0,147,no,south,no
T03776,21,58.6,one-year,fibre,yes,yes,yes,yes,card,0,no,yes,2,0,1,100,no,centre,no
T00646,23,60.7,two-year,fibre,no,no,yes,no,e-check,0,no,no,1,0,1,89,no,islands,no
T04290,59,31.4,two-year,dsl,no,no,yes,no,mailed check,1,yes,yes,3,0,0,130,no,north,no
T05041,15,25.3,two-year,fibre,yes,yes,no,yes,e-check,0,yes,no,1,3,0,61,no,south,no
T04051,1,34.4,month-to-month,dsl,no,no,no,yes,bank transfer,0,yes,yes,1,2,0,46,no,north,yes
T00973,48,65.1,month-to-month,dsl,no,yes,no,no,mailed check,0,yes,yes,1,1,0,46,yes,centre,no
T06922,12,57.5,month-to-month,dsl,yes,no,no,no,mailed check,0,no,yes,2,0,1,62,no,centre,yes
T02394,35,84.5,one-year,fibre,yes,no,yes,yes,mailed check,0,yes,no,1,2,1,127,no,south,yes
T02522,1,83.3,two-year,dsl,yes,yes,no,yes,card,0,yes,yes,1,2,0,36,yes,north,no
T01619,18,76.1,two-year,fibre,no,no,no,no,mailed check,0,no,yes,1,1,1,69,no,islands,no
T05003,15,37.9,one-year,fibre,yes,no,no,yes,bank transfer,0,no,no,2,3,1,25,no,north,no
T03236,72,73,month-to-month,fibre,yes,no,yes,yes,card,1,yes,yes,0,1,2,113,yes,south,yes
T01084,25,61.9,two-year,fibre,no,no,yes,yes,e-check,0,yes,no,2,0,0,69,no,centre,no
T05155,9,31,two-year,dsl,yes,yes,no,no,bank transfer,1,yes,no,1,2,0,39,yes,north,no
T00536,5,76.1,month-to-month,dsl,yes,yes,yes,yes,e-check,0,no,yes,1,0,1,196,yes,south,no
T02738,99,39.8,month-to-month,fibre,yes,no,yes,yes,mailed check,0,no,yes,1,2,1,85,yes,islands,no
T05640,16,37.7,month-to-month,fibre,no,no,no,yes,card,0,yes,no,2,1,0,14,no,islands,yes
T03983,1,39.7,month-to-month,dsl,yes,no,no,yes,mailed check,0,no,no,0,1,1,96,no,islands,no
T01181,14,56.8,one-year,dsl,no,no,no,yes,mailed check,0,yes,yes,2,1,1,18,no,south,no
T03842,56,107.5,two-year,fibre,yes,no,no,yes,card,0,yes,no,1,1,1,5,no,south,no
T03880,52,26.9,month-to-month,fibre,yes,no,yes,yes,card,0,yes,no,3,1,0,41,no,south,no
T03521,30,55.8,one-year,fibre,yes,no,yes,yes,card,1,yes,no,1,2,2,46,no,south,no
T00243,112,105.4,one-year,fibre,yes,no,yes,yes,mailed check,0,yes,no,1,0,0,123,no,islands,no
T06329,69,109.5,month-to-month,fibre,no,no,yes,yes,card,0,no,no,0,1,1,220,no,centre,yes
T06690,1,24.1,month-to-month,fibre,no,yes,no,no,e-check,0,no,yes,1,2,0,11,no,south,yes
T05735,15,32.2,month-to-month,fibre,no,no,yes,no,e-check,1,no,no,1,3,2,60,no,south,yes
T01460,2,58.2,month-to-month,dsl,no,yes,yes,yes,bank transfer,0,yes,yes,3,0,0,34,no,south,no
T00893,41,42.3,month-to-month,none,no,no,no,no,mailed check,0,yes,yes,1,1,0,66,no,centre,no
T02604,19,40.5,month-to-month,none,no,no,yes,no,bank transfer,0,yes,no,1,0,1,20,no,north,no
T06099,31,64.2,one-year,dsl,no,no,no,yes,bank transfer,0,no,no,2,1,0,56,no,centre,no
T05322,1,23.4,month-to-month,none,yes,no,yes,yes,card,0,no,no,1,2,0,18,no,south,yes
T04451,14,38.1,month-to-month,fibre,no,no,yes,no,card,0,no,yes,1,0,1,152,yes,centre,no
T06222,20,73.7,one-year,dsl,no,yes,no,no,mailed check,0,yes,no,1,1,0,105,no,islands,no
T04111,33,32.7,one-year,none,no,no,yes,no,e-check,0,yes,no,1,0,0,132,no,south,no
T02539,4,88.4,month-to-month,fibre,no,yes,no,no,bank transfer,0,no,yes,1,0,1,99,no,centre,yes
T00191,32,41.3,one-year,dsl,yes,yes,yes,no,e-check,0,yes,yes,2,0,0,210,no,centre,no
T05563,60,52.1,two-year,fibre,no,no,no,yes,mailed check,0,yes,no,1,1,0,113,no,centre,no
T05808,47,59,one-year,dsl,yes,no,no,no,card,0,no,yes,2,1,1,103,no,south,no
T04825,91,26.5,two-year,none,yes,yes,no,no,mailed check,0,no,yes,2,2,1,89,no,centre,no
T02689,12,74.3,month-to-month,fibre,yes,yes,no,yes,bank transfer,0,no,no,1,0,1,87,no,centre,yes
T04197,101,46.7,month-to-month,fibre,no,no,yes,no,mailed check,0,yes,yes,2,1,0,130,no,south,no
T02751,25,40.9,month-to-month,fibre,no,yes,yes,no,mailed check,0,yes,no,1,0,0,32,no,islands,no
T02377,32,42.3,two-year,dsl,no,no,yes,yes,mailed check,1,no,yes,2,0,2,40,yes,north,no
T05547,15,89.2,month-to-month,none,no,no,no,no,bank transfer,0,yes,no,2,0,0,53,no,south,no
T05572,14,48,month-to-month,fibre,no,no,yes,yes,mailed check,0,yes,no,2,1,1,169,no,south,yes
T01798,25,102.7,month-to-month,none,no,no,yes,yes,bank transfer,0,no,no,1,1,1,105,yes,north,yes
T03435,5,30.3,month-to-month,dsl,yes,yes,no,no,bank transfer,0,yes,yes,2,0,1,96,no,north,no
T04409,37,45.9,month-to-month,fibre,yes,yes,no,no,bank transfer,0,no,yes,1,0,1,66,no,centre,no
T02643,14,105.6,two-year,none,no,no,no,yes,card,0,no,no,2,1,2,60,yes,north,no
T02379,6,101.8,one-year,dsl,no,no,no,yes,card,0,no,no,3,2,0,30,no,south,no
T00024,18,70.8,month-to-month,dsl,no,yes,yes,yes,bank transfer,0,no,yes,1,0,0,40,no,islands,no
T06178,47,26.1,one-year,dsl,no,yes,yes,yes,card,0,no,no,2,2,1,18,yes,north,no
T03971,142,76.8,one-year,dsl,yes,no,no,no,bank transfer,0,yes,no,1,0,1,113,no,south,no
T00229,28,43,month-to-month,dsl,no,no,yes,no,mailed check,0,no,yes,1,1,0,105,no,south,no
T00872,15,78.5,month-to-month,dsl,yes,yes,no,yes,e-check,1,no,no,1,2,0,80,no,south,no
T06623,38,27.9,one-year,none,yes,yes,no,yes,e-check,1,no,yes,1,1,0,175,no,islands,no
T00667,7,105.4,month-to-month,none,no,no,no,yes,card,1,no,no,2,0,1,55,no,south,no
T04595,35,44.1,month-to-month,fibre,no,no,yes,yes,e-check,0,no,yes,2,2,0,55,no,south,no
T05645,9,101.9,month-to-month,dsl,no,yes,no,no,card,0,yes,yes,0,0,1,25,yes,islands,yes
T00634,2,48.7,one-year,fibre,yes,no,no,yes,mailed check,0,yes,yes,0,2,0,70,no,south,no
T00941,62,53.3,month-to-month,dsl,yes,no,no,yes,bank transfer,0,no,yes,0,1,0,132,no,islands,no
T04179,15,104.9,two-year,none,no,yes,no,yes,bank transfer,0,yes,no,1,0,0,107,no,south,no
T04939,40,85.4,month-to-month,fibre,no,no,no,yes,bank transfer,0,no,yes,1,1,0,76,yes,centre,yes
T05581,67,71.7,one-year,dsl,no,yes,yes,no,card,0,no,yes,3,2,2,68,no,north,no
T06629,125,24.9,month-to-month,none,no,no,yes,no,bank transfer,0,no,no,2,0,0,25,yes,south,no
T02506,9,73.4,one-year,dsl,no,yes,yes,no,e-check,0,no,no,0,0,0,89,no,islands,no
T05122,4,28.8,month-to-month,none,no,no,yes,yes,e-check,0,yes,no,2,2,0,54,no,centre,yes
T00760,32,35.5,two-year,fibre,yes,yes,yes,yes,mailed check,1,no,no,2,1,0,158,no,south,no
T05656,26,27.2,one-year,fibre,no,no,yes,yes,e-check,0,yes,no,1,3,1,26,no,centre,no
T04035,17,82.1,month-to-month,dsl,no,no,yes,no,mailed check,0,no,no,1,1,0,70,no,south,no
T04402,5,53.7,two-year,dsl,no,no,no,no,mailed check,0,no,no,0,2,0,97,no,islands,no
T05733,9,44.4,one-year,none,no,yes,no,yes,card,0,yes,no,3,1,1,49,no,north,no
T02996,13,68.1,one-year,fibre,no,no,yes,yes,card,1,yes,no,1,0,0,23,no,centre,yes
T04090,53,85.4,one-year,dsl,no,no,yes,yes,bank transfer,0,no,no,1,0,0,61,no,centre,no
T04614,14,98.2,one-year,fibre,no,yes,yes,no,bank transfer,0,no,no,3,1,0,16,no,centre,no
T00655,53,100.2,one-year,dsl,no,yes,no,no,mailed check,0,no,no,1,0,0,52,no,north,no
T00213,1,63.7,month-to-month,dsl,no,yes,no,yes,bank transfer,0,no,yes,3,1,0,128,yes,centre,no
T00787,36,30.4,month-to-month,fibre,no,yes,no,no,e-check,1,yes,yes,3,1,1,110,no,south,no
T05756,22,87.7,month-to-month,dsl,no,no,no,yes,card,0,yes,no,1,1,0,60,no,south,yes
T03015,57,103.7,one-year,none,no,yes,yes,no,mailed check,0,yes,no,1,1,1,64,no,centre,no
T01611,23,77.1,two-year,dsl,no,no,yes,no,e-check,0,yes,no,1,0,1,85,no,islands,no
T05511,30,69.8,month-to-month,dsl,yes,no,yes,no,bank transfer,0,no,no,1,1,0,10,no,north,no
T02696,34,106,month-to-month,dsl,no,no,yes,yes,e-check,0,yes,yes,3,0,0,4,no,centre,no
T04857,22,55.7,month-to-month,dsl,no,no,no,yes,mailed check,0,no,no,1,1,0,92,no,north,yes
T00570,9,66,month-to-month,none,yes,no,yes,no,mailed check,0,no,no,2,2,0,32,no,north,no
T05926,51,51.8,month-to-month,none,no,yes,no,no,card,0,no,no,1,0,2,105,no,south,no
T03269,31,82.6,month-to-month,fibre,yes,no,yes,yes,bank transfer,0,no,no,1,2,0,20,no,islands,yes
T06711,1,96.9,month-to-month,none,no,no,yes,yes,mailed check,0,no,no,1,0,0,106,no,islands,yes
T00835,92,87.3,two-year,dsl,yes,no,yes,yes,bank transfer,0,yes,no,0,1,0,81,no,north,no
T01380,2,71.5,month-to-month,dsl,yes,yes,no,no,mailed check,0,no,no,1,0,1,67,yes,islands,yes
T01257,16,53.2,one-year,dsl,no,no,yes,yes,card,0,yes,no,0,1,0,130,no,islands,no
T03378,27,47.5,month-to-month,fibre,yes,no,yes,yes,bank transfer,0,no,no,1,0,0,152,no,islands,no
T00613,2,39.4,month-to-month,fibre,no,no,no,yes,bank transfer,0,no,yes,1,1,0,7,no,islands,yes
T01259,48,104.9,month-to-month,none,no,no,yes,yes,mailed check,0,no,no,1,0,0,27,no,centre,no
T04697,30,46.4,two-year,fibre,yes,no,yes,no,card,0,no,no,2,0,0,57,no,south,no
T05651,23,105.8,month-to-month,dsl,yes,no,yes,no,bank transfer,0,yes,no,1,0,0,75,no,south,no
T05514,96,96.6,two-year,fibre,no,yes,no,no,e-check,0,yes,no,1,0,0,206,yes,centre,no
T05694,51,23.2,month-to-month,dsl,no,yes,no,yes,bank transfer,0,no,no,0,1,0,142,no,islands,no
T04023,33,104.2,month-to-month,none,no,no,yes,no,e-check,0,yes,no,1,0,1,217,no,islands,yes
T04380,17,92.9,month-to-month,fibre,no,yes,yes,yes,card,0,no,no,2,0,0,65,no,centre,yes
T06774,13,26.9,one-year,fibre,no,no,yes,no,bank transfer,0,yes,yes,3,2,2,55,no,islands,no
T03623,22,23.6,month-to-month,fibre,no,no,yes,yes,e-check,0,no,yes,3,1,2,212,no,north,yes
T05345,6,98.9,month-to-month,dsl,yes,yes,no,no,e-check,0,no,no,1,0,0,107,no,centre,no
T05285,45,87.9,month-to-month,dsl,no,no,no,no,e-check,0,no,no,2,1,0,19,no,centre,yes
T01547,17,66.4,month-to-month,fibre,no,no,no,yes,bank transfer,1,no,no,2,0,0,66,no,centre,no
T05789,40,79,two-year,fibre,no,yes,yes,no,card,0,yes,no,2,1,0,35,no,north,no
T04450,149,37.5,month-to-month,dsl,no,no,no,yes,e-check,1,no,no,1,1,0,62,no,islands,yes
T06306,6,38.8,one-year,dsl,no,no,no,yes,bank transfer,1,yes,yes,1,1,0,126,no,centre,no
T03034,21,76.4,one-year,none,no,yes,no,yes,bank transfer,0,yes,no,2,2,1,304,no,south,no
T03967,72,54.4,one-year,dsl,no,no,no,no,mailed check,0,yes,no,0,0,0,64,no,south,no
T00686,2,70.5,two-year,fibre,no,no,no,yes,mailed check,0,yes,no,3,0,2,47,yes,north,no
T02261,33,108,month-to-month,dsl,yes,yes,no,yes,e-check,0,no,no,2,0,0,44,no,centre,no
T06734,13,52.9,one-year,fibre,yes,no,no,yes,bank transfer,0,no,no,1,0,0,85,yes,islands,no
T01978,43,64.6,month-to-month,dsl,no,no,no,no,card,0,yes,yes,3,1,1,74,yes,north,no
T05893,15,40.2,month-to-month,dsl,no,no,yes,yes,bank transfer,1,yes,no,2,1,1,106,no,islands,yes
T03265,49,106.8,month-to-month,fibre,yes,no,no,no,e-check,0,yes,yes,1,0,0,46,no,north,yes
T01707,7,96.3,one-year,none,no,no,no,yes,mailed check,0,no,no,2,0,0,19,no,north,no
T05610,11,99.2,two-year,fibre,yes,yes,no,yes,mailed check,0,yes,no,2,1,0,86,no,north,no
T00164,64,25.6,one-year,dsl,no,no,no,yes,e-check,0,yes,no,1,0,0,61,no,south,no
T00141,33,93.7,two-year,dsl,no,yes,no,yes,mailed check,0,yes,no,2,0,0,13,yes,islands,no
T03593,11,44.8,one-year,none,no,no,no,no,e-check,1,yes,no,2,1,1,42,no,islands,no
T04936,17,79.3,month-to-month,fibre,no,no,no,no,card,0,no,no,2,2,0,125,no,north,no
T01459,11,26,month-to-month,fibre,yes,no,yes,no,bank transfer,0,yes,no,1,2,4,102,no,north,yes
T00649,47,90.7,month-to-month,fibre,yes,no,no,yes,card,1,yes,no,1,0,0,138,no,south,no
T04811,14,53.3,month-to-month,none,no,no,yes,yes,mailed check,0,no,yes,2,1,1,105,no,centre,no
T06275,39,35.2,two-year,dsl,no,no,no,no,e-check,0,yes,yes,1,0,3,71,yes,centre,no
T00877,3,47.5,month-to-month,dsl,yes,no,yes,yes,bank transfer,0,no,no,2,2,0,98,no,south,no
T04188,29,65.4,month-to-month,fibre,no,no,yes,no,mailed check,0,yes,no,1,0,1,4,no,centre,yes
T01205,36,94,month-to-month,none,yes,no,no,no,bank transfer,0,yes,no,2,1,1,65,no,south,no
T03594,13,35.5,month-to-month,fibre,no,no,no,yes,card,0,no,yes,2,1,3,29,no,south,yes
T05247,22,56.1,month-to-month,fibre,yes,yes,yes,yes,e-check,0,yes,yes,2,0,1,173,yes,centre,no
T06389,6,71.8,month-to-month,dsl,no,no,no,yes,bank transfer,1,no,no,2,0,3,42,yes,south,yes
T00323,21,75.5,two-year,dsl,yes,yes,no,yes,card,0,yes,no,1,1,0,247,no,south,no
T00884,57,61.1,month-to-month,fibre,yes,yes,yes,yes,mailed check,0,no,no,1,1,1,40,no,south,yes
T06236,31,41.8,month-to-month,dsl,yes,yes,no,yes,e-check,0,no,no,1,1,0,57,no,south,no
T00590,6,35.6,month-to-month,none,yes,no,yes,yes,bank transfer,0,no,yes,3,2,0,54,no,north,no
T01850,21,104.7,month-to-month,fibre,no,yes,yes,yes,bank transfer,1,no,no,2,0,1,48,no,south,yes
T00130,30,81,month-to-month,none,yes,no,yes,yes,mailed check,0,yes,no,3,0,0,149,no,islands,no
T06078,13,64.8,month-to-month,none,no,yes,no,no,card,0,yes,no,3,1,0,34,no,south,yes
T05228,31,49.7,two-year,dsl,no,no,no,yes,e-check,1,yes,no,1,1,0,73,no,north,no
T05777,39,96.3,one-year,fibre,yes,no,yes,yes,card,0,yes,no,1,1,0,28,yes,islands,no
T04766,2,79.3,two-year,dsl,no,no,yes,yes,e-check,1,yes,yes,2,0,0,47,no,south,no
T03396,29,72.2,two-year,fibre,no,no,yes,no,e-check,0,yes,yes,1,0,0,25,no,north,no
T04399,7,69.1,month-to-month,none,no,no,yes,yes,e-check,0,yes,yes,3,2,1,12,no,north,no
T00875,10,85.6,month-to-month,dsl,yes,no,no,yes,bank transfer,0,no,no,1,0,0,91,no,north,no
T04237,21,86.7,month-to-month,dsl,no,no,no,yes,e-check,0,no,yes,1,0,2,7,no,islands,yes
T00084,12,97,month-to-month,fibre,yes,yes,no,yes,card,1,yes,no,2,0,0,25,no,islands,yes
T04110,28,78.8,month-to-month,dsl,yes,no,no,no,e-check,0,no,no,2,1,0,80,no,centre,yes
T03053,9,100.8,month-to-month,dsl,no,no,yes,yes,card,0,yes,no,2,3,1,146,yes,centre,yes
T06882,29,40.3,month-to-month,fibre,yes,yes,no,yes,card,0,no,yes,1,1,1,147,no,south,no
T05603,6,93.4,one-year,none,no,no,no,no,bank transfer,0,no,yes,1,0,1,154,no,islands,no
T02791,17,82.3,one-year,none,no,no,yes,yes,mailed check,0,yes,no,1,0,2,116,no,centre,no
T03922,76,102,month-to-month,fibre,no,no,no,yes,bank transfer,0,no,no,0,2,0,36,no,centre,no
T06115,12,109.3,month-to-month,fibre,yes,no,yes,yes,mailed check,0,yes,yes,1,2,0,87,no,north,yes
T02253,18,107.7,two-year,fibre,no,no,yes,yes,bank transfer,0,no,no,0,1,0,96,no,islands,no
T01405,32,44.2,one-year,fibre,no,no,no,no,mailed check,0,no,no,2,2,0,52,no,south,no
T00193,54,77.6,one-year,fibre,no,yes,no,yes,card,0,no,no,2,1,1,69,no,south,no
T06413,5,88.5,one-year,fibre,no,no,no,yes,mailed check,0,no,no,1,2,0,355,no,islands,no
T05047,8,57.8,month-to-month,dsl,no,no,no,yes,card,0,yes,no,1,2,0,78,yes,islands,no
T01888,6,98.1,month-to-month,dsl,no,no,no,no,mailed check,0,no,no,3,2,2,14,no,centre,yes
T05760,76,86,month-to-month,none,no,yes,no,no,card,0,no,no,1,2,2,37,no,centre,no
T04282,99,65.4,month-to-month,fibre,no,no,no,yes,mailed check,0,no,yes,1,0,2,206,no,north,no
T05333,33,83.5,month-to-month,dsl,no,no,yes,yes,mailed check,0,no,no,1,0,0,21,yes,south,no
T03488,6,35.3,month-to-month,dsl,no,no,no,no,e-check,1,no,no,3,0,0,123,yes,islands,no
T01625,24,21.5,month-to-month,fibre,no,no,no,no,bank transfer,0,yes,yes,0,0,0,59,no,islands,yes
T04455,15,73.6,two-year,dsl,yes,no,yes,no,e-check,1,yes,no,2,2,0,137,no,south,no
T06411,27,106.3,month-to-month,none,yes,no,no,yes,card,0,no,yes,2,0,0,271,no,islands,no
T05745,9,59.4,month-to-month,fibre,no,yes,no,no,e-check,0,no,yes,1,1,2,57,no,north,yes
T04323,46,23.6,one-year,dsl,yes,no,yes,yes,card,0,no,no,1,0,0,66,no,centre,no
T01511,60,98.5,month-to-month,dsl,no,no,yes,yes,bank transfer,0,yes,no,2,0,0,56,no,north,no
T00354,71,73.7,one-year,fibre,no,no,no,yes,card,0,no,no,1,2,0,189,no,south,no
T02959,26,65.8,two-year,fibre,yes,yes,no,no,mailed check,0,yes,yes,2,1,2,89,no,islands,no
T02657,28,73.1,one-year,dsl,yes,no,yes,no,mailed check,0,no,no,1,0,0,111,no,north,no
T05676,1,106.9,month-to-month,dsl,no,yes,yes,yes,card,0,yes,yes,1,1,0,71,no,south,no
T04088,10,29.7,month-to-month,none,no,yes,yes,no,e-check,0,no,no,1,0,1,104,no,centre,no
T02087,5,99.7,month-to-month,none,yes,yes,no,yes,mailed check,0,yes,yes,1,0,2,143,no,south,no
T05094,16,87.6,month-to-month,fibre,no,yes,yes,yes,bank transfer,0,no,no,2,0,1,45,no,islands,yes
T04533,4,74.7,month-to-month,dsl,no,yes,no,yes,bank transfer,1,no,yes,3,0,1,90,no,north,no
T04007,91,108.7,one-year,dsl,no,no,no,yes,bank transfer,0,no,no,2,0,0,131,no,islands,no
T02895,74,51.5,month-to-month,fibre,yes,yes,no,yes,e-check,1,no,no,1,1,0,36,no,centre,no
T01636,24,25.3,two-year,fibre,yes,no,yes,yes,e-check,0,yes,no,0,3,1,65,no,north,no
T05903,19,57.8,month-to-month,none,no,no,no,yes,card,0,no,yes,3,1,0,151,no,islands,no
T00671,59,69.8,month-to-month,none,no,no,no,yes,e-check,0,no,no,2,0,1,97,no,centre,yes
T04617,14,28.3,month-to-month,none,no,no,no,no,bank transfer,0,no,yes,1,0,0,88,no,islands,no
T03342,20,45,month-to-month,dsl,no,yes,yes,no,card,0,yes,no,1,1,0,63,no,north,no
T05836,15,89.4,one-year,dsl,no,no,yes,yes,bank transfer,0,no,no,2,0,1,20,no,islands,no
T03347,110,108.8,one-year,fibre,no,no,no,yes,card,0,yes,no,3,1,0,65,yes,north,no
T02970,33,109.8,month-to-month,fibre,no,yes,yes,yes,mailed check,0,yes,yes,1,2,1,94,yes,north,yes
T03134,2,36,month-to-month,fibre,yes,no,no,no,bank transfer,0,yes,yes,1,2,0,43,yes,centre,yes
T04919,1,79.4,month-to-month,none,no,yes,yes,yes,mailed check,0,no,no,1,0,2,24,no,centre,yes
T03086,96,99.7,one-year,fibre,yes,no,no,no,card,0,no,no,0,1,4,80,no,south,yes
T03464,5,58.6,one-year,none,yes,yes,no,yes,card,1,yes,no,1,0,0,75,no,centre,no
T05451,9,91.9,one-year,dsl,no,no,yes,yes,card,0,yes,yes,1,2,0,140,no,centre,yes
T00580,35,108.6,month-to-month,dsl,no,no,yes,no,card,0,no,no,2,1,1,127,no,south,no
T03287,2,76.9,one-year,fibre,no,no,yes,no,e-check,0,yes,yes,2,2,0,84,no,islands,no
T00912,15,100.2,month-to-month,fibre,no,yes,no,yes,bank transfer,0,yes,no,1,0,0,47,no,centre,yes
T00732,24,87.7,two-year,fibre,yes,no,yes,yes,card,0,no,no,1,2,1,59,no,north,yes
T03136,19,65.1,month-to-month,dsl,no,no,no,yes,card,0,yes,no,3,2,0,263,no,north,no
T02638,51,43.3,two-year,fibre,no,no,no,no,card,1,no,no,2,1,1,22,no,islands,no
T03699,3,31.7,month-to-month,dsl,no,yes,no,no,mailed check,1,no,no,1,0,0,57,no,north,no
T00008,21,69,month-to-month,none,no,yes,yes,yes,bank transfer,0,yes,no,1,1,0,123,no,centre,yes
T01116,48,82.5,two-year,fibre,yes,no,no,yes,bank transfer,0,no,no,1,1,0,21,no,centre,no
T01299,27,33.9,one-year,fibre,no,no,yes,no,mailed check,1,yes,yes,0,1,0,127,no,south,yes
T06772,20,25.9,one-year,none,yes,no,yes,no,e-check,0,no,no,2,3,0,69,no,centre,no
T06663,45,74.5,month-to-month,none,yes,no,yes,no,e-check,0,yes,no,2,1,0,87,no,islands,no
T01070,15,67.7,two-year,fibre,yes,no,yes,yes,e-check,0,yes,no,2,1,0,132,no,north,no
T05991,10,24.3,two-year,dsl,yes,no,yes,no,mailed check,0,yes,no,0,1,0,7,no,islands,no
T06026,12,54.8,one-year,none,no,no,no,yes,card,0,yes,no,1,2,0,52,no,islands,no
T00636,47,87.7,month-to-month,fibre,no,no,yes,no,mailed check,0,no,no,2,1,1,34,no,centre,yes
T00217,21,96.8,month-to-month,fibre,no,no,yes,yes,mailed check,0,no,no,1,0,1,99,no,centre,yes
T02549,16,88.7,month-to-month,dsl,yes,no,no,yes,e-check,0,yes,yes,1,1,0,94,yes,centre,yes
T00059,8,25.1,one-year,fibre,no,yes,no,no,mailed check,0,yes,no,2,0,0,125,no,centre,yes
T02587,18,87.7,month-to-month,fibre,yes,no,yes,no,card,0,yes,no,2,0,4,44,no,south,yes
T02893,11,51.3,month-to-month,fibre,no,no,yes,no,bank transfer,1,yes,no,1,1,1,30,no,centre,no
T06273,28,24.2,two-year,fibre,yes,yes,no,yes,e-check,1,no,yes,2,0,0,114,no,north,no
T00021,35,102.3,month-to-month,fibre,yes,yes,yes,no,e-check,1,no,no,1,1,3,190,no,north,yes
T04407,16,101.8,two-year,fibre,no,no,no,yes,bank transfer,0,yes,no,1,1,0,31,no,north,no
T06443,1,58.4,one-year,none,no,yes,yes,yes,mailed check,0,yes,no,1,0,0,76,no,south,no
T01107,14,40.8,one-year,none,no,yes,yes,yes,bank transfer,1,no,no,1,0,1,261,no,north,no
T03415,43,70.6,month-to-month,fibre,no,no,yes,no,e-check,0,no,yes,2,0,0,91,yes,south,yes
T03810,99,94.2,month-to-month,dsl,no,yes,yes,yes,mailed check,0,no,yes,0,2,0,27,no,islands,no
T00230,15,55.5,month-to-month,fibre,no,yes,yes,no,card,0,yes,no,2,1,0,85,no,islands,yes
T02389,27,102.9,month-to-month,fibre,no,no,yes,no,mailed check,0,yes,yes,2,1,0,118,no,north,yes
T03334,53,77.9,month-to-month,fibre,no,no,yes,no,e-check,0,no,yes,1,0,1,296,yes,islands,yes
T05907,10,37.6,one-year,dsl,yes,yes,yes,yes,bank transfer,0,yes,no,1,0,1,63,no,centre,no
T02005,4,56.4,two-year,dsl,yes,no,yes,yes,mailed check,0,yes,no,0,0,0,86,yes,centre,no
T05325,17,87.6,month-to-month,dsl,yes,no,no,no,e-check,0,no,yes,1,1,1,185,no,south,no
T05178,2,24.6,two-year,dsl,yes,no,no,yes,bank transfer,0,no,no,1,2,0,27,no,south,no
T03358,9,66.5,month-to-month,dsl,yes,no,yes,no,mailed check,0,yes,no,2,0,1,60,no,islands,no
T06421,5,76.5,month-to-month,fibre,no,no,yes,yes,card,0,no,no,2,1,1,188,no,north,no
T01214,49,27.5,two-year,none,no,yes,yes,yes,e-check,0,yes,no,2,1,1,98,yes,south,no
T04388,14,85.5,one-year,dsl,no,no,no,yes,mailed check,0,no,no,3,0,0,55,no,centre,no
T06758,26,28.7,month-to-month,dsl,no,yes,yes,yes,card,0,no,yes,2,0,0,46,no,islands,no
T04384,6,36.9,month-to-month,dsl,yes,yes,yes,yes,e-check,0,no,no,2,1,0,46,yes,north,no
T03665,16,75.1,month-to-month,dsl,no,yes,no,yes,card,0,yes,no,2,2,0,58,no,south,no
T00457,1,40.1,month-to-month,none,yes,no,no,yes,bank transfer,0,no,no,0,0,0,26,no,islands,yes
T01508,7,91.4,month-to-month,dsl,no,yes,yes,no,bank transfer,0,yes,no,2,3,0,98,no,north,yes
T01211,18,92.9,one-year,fibre,no,yes,yes,yes,mailed check,0,yes,yes,0,4,0,91,yes,north,no
T03599,10,38.1,one-year,fibre,no,no,no,no,e-check,0,no,no,3,0,1,70,yes,islands,no
T01237,14,65.1,one-year,dsl,no,yes,yes,yes,e-check,0,no,no,1,0,0,105,no,islands,no
T01170,19,40,month-to-month,fibre,no,no,yes,no,mailed check,0,no,no,1,0,1,91,no,centre,yes
T05711,95,70,month-to-month,fibre,yes,no,no,yes,mailed check,0,yes,no,2,1,1,123,no,south,no
T05286,65,72.8,one-year,dsl,yes,yes,no,yes,card,0,no,no,1,0,1,90,no,islands,no
T02336,5,108.9,one-year,fibre,no,yes,no,yes,mailed check,0,no,no,2,0,1,131,yes,centre,no
T05152,9,67.5,one-year,dsl,no,no,no,yes,card,0,yes,no,2,0,0,27,no,north,yes
T06425,7,106.9,month-to-month,fibre,no,no,no,no,e-check,1,yes,no,3,1,1,282,yes,centre,yes
T01775,1,90.4,one-year,fibre,yes,no,no,yes,mailed check,0,yes,no,0,2,0,111,yes,centre,no
T03637,44,27.8,one-year,fibre,no,no,no,no,e-check,0,yes,no,1,0,0,32,yes,islands,no
T05108,59,77.6,two-year,dsl,no,yes,no,no,e-check,0,yes,no,1,3,0,19,no,north,no
T00538,16,30.6,month-to-month,fibre,no,yes,yes,yes,bank transfer,1,yes,yes,0,0,0,134,no,centre,yes
T03918,31,94.4,month-to-month,none,no,yes,yes,yes,mailed check,0,no,yes,0,0,0,33,yes,south,no
T00818,13,86,one-year,dsl,no,yes,yes,no,mailed check,0,yes,no,1,0,1,81,no,islands,no
T06643,1,100,two-year,fibre,no,yes,yes,yes,card,0,yes,yes,2,1,0,138,no,north,no
T06259,18,103.4,one-year,fibre,no,no,yes,no,card,0,no,yes,1,1,0,103,no,islands,yes
T06317,12,61.5,month-to-month,dsl,no,yes,yes,no,e-check,0,no,yes,2,2,0,64,no,south,yes
T06564,22,27.6,one-year,fibre,no,yes,no,yes,e-check,0,no,no,3,0,0,15,no,centre,no
T06209,76,104.3,month-to-month,fibre,no,yes,no,no,mailed check,1,yes,yes,2,1,0,175,no,centre,yes
T02790,9,101.5,month-to-month,none,no,yes,no,no,card,0,no,yes,1,0,0,131,no,south,no
T02826,5,32.3,two-year,none,no,no,no,no,mailed check,0,no,yes,1,2,0,161,yes,centre,no
T04071,75,68.3,month-to-month,fibre,yes,no,no,yes,e-check,0,no,no,1,2,0,59,no,north,no
T05499,13,20.7,one-year,fibre,yes,yes,yes,yes,mailed check,0,no,no,1,1,0,8,no,south,no
T01428,21,105.4,one-year,fibre,no,no,no,yes,mailed check,0,no,no,3,2,0,211,no,south,no
T04667,18,106.1,one-year,fibre,no,no,yes,no,mailed check,0,yes,yes,3,2,2,28,no,centre,yes
T03094,35,92.6,two-year,dsl,no,no,yes,no,e-check,0,yes,no,1,0,0,42,no,islands,no
T01044,83,105.4,month-to-month,dsl,no,no,no,no,card,0,no,no,1,2,0,94,no,north,no
T06010,59,28.8,two-year,none,no,no,no,no,card,0,yes,no,1,1,0,32,no,centre,no
T04305,21,99.1,month-to-month,dsl,no,no,no,no,mailed check,0,yes,no,3,0,0,17,no,north,yes
T00240,18,24.4,month-to-month,fibre,yes,no,yes,no,e-check,1,yes,no,1,2,0,88,yes,islands,yes
T00765,67,70,month-to-month,dsl,no,no,yes,yes,bank transfer,0,no,yes,1,1,1,76,yes,islands,no
T06706,28,66.3,month-to-month,dsl,no,yes,no,no,mailed check,0,yes,no,0,1,0,21,no,centre,no
T00115,42,20.6,one-year,dsl,yes,yes,no,no,e-check,0,no,no,1,0,0,107,no,centre,no
T02149,3,73.4,month-to-month,fibre,no,no,yes,no,card,0,yes,no,1,1,1,121,no,south,yes
T02981,80,97.3,month-to-month,fibre,no,no,no,yes,e-check,0,yes,no,2,3,1,130,no,south,yes
T00412,21,92.9,month-to-month,fibre,no,no,no,yes,bank transfer,0,yes,no,1,0,0,7,no,centre,no
T01231,23,36.6,one-year,dsl,yes,no,yes,yes,mailed check,0,no,no,2,1,0,52,yes,islands,no
T06014,32,61.3,one-year,fibre,no,no,no,no,e-check,0,yes,no,2,1,0,130,no,north,yes
T03371,29,26.3,one-year,fibre,yes,yes,no,yes,card,0,no,no,1,0,0,98,no,centre,no
T02406,43,81.8,month-to-month,fibre,yes,yes,no,yes,card,0,yes,no,1,1,1,138,no,centre,no
T01762,7,26.5,one-year,dsl,yes,no,no,yes,e-check,0,no,no,0,0,0,30,no,south,no
T05685,47,90.1,two-year,fibre,no,yes,yes,yes,mailed check,0,no,no,2,1,0,74,no,centre,no
T05115,3,24.5,two-year,dsl,no,no,no,no,card,0,no,no,0,0,0,78,yes,islands,no
T05539,10,108.3,two-year,dsl,no,no,no,yes,e-check,0,no,no,1,2,0,13,no,islands,no
T01917,23,38.6,month-to-month,fibre,no,yes,yes,no,mailed check,0,yes,no,1,0,0,65,no,north,no
T06811,1,42.9,month-to-month,dsl,no,no,yes,no,card,0,no,no,2,0,1,74,no,north,no
T05573,60,57.3,two-year,fibre,no,no,no,yes,mailed check,0,no,no,1,0,1,33,yes,north,yes
T06449,34,31.3,month-to-month,dsl,no,yes,no,no,bank transfer,0,no,no,2,1,0,50,yes,centre,yes
T00603,42,41.9,two-year,fibre,no,no,yes,yes,bank transfer,1,yes,yes,2,1,0,7,yes,south,no
T02176,2,108.2,one-year,fibre,no,no,yes,yes,mailed check,0,no,no,2,2,0,144,no,centre,yes
T03386,22,27.4,one-year,dsl,no,yes,no,yes,bank transfer,0,no,no,1,1,0,41,no,south,no
T00454,1,66.6,month-to-month,fibre,no,no,no,no,card,0,no,no,1,0,0,25,no,islands,no
T05684,1,59.7,month-to-month,dsl,no,no,no,yes,mailed check,0,no,no,1,0,0,100,no,islands,no
T05798,24,73.9,month-to-month,dsl,yes,yes,no,no,e-check,0,yes,no,1,2,2,26,no,south,yes
T05396,8,93.2,two-year,fibre,no,no,no,no,card,0,no,no,0,0,0,47,no,centre,no
T06840,1,37.1,month-to-month,dsl,yes,no,yes,no,card,0,no,no,2,1,0,6,no,south,no
T00831,5,68.6,month-to-month,dsl,no,no,yes,yes,mailed check,0,yes,no,1,1,0,74,no,south,yes
T06955,32,24.2,month-to-month,dsl,yes,no,no,no,card,0,yes,yes,2,0,0,50,no,islands,no
T06408,1,49.2,one-year,fibre,no,no,yes,no,e-check,0,yes,no,1,1,1,53,no,centre,yes
T03079,99,105.3,one-year,none,no,yes,no,no,bank transfer,0,yes,no,1,0,1,74,no,north,no
T03408,9,45.4,one-year,dsl,no,no,no,yes,e-check,0,yes,no,0,1,0,59,no,north,no
T01345,29,26.9,two-year,fibre,no,no,no,yes,bank transfer,0,no,no,1,0,0,29,no,centre,no
T02713,10,85.5,one-year,dsl,yes,no,yes,yes,card,0,yes,no,2,1,0,85,no,islands,no
T05583,32,75.7,one-year,dsl,no,yes,yes,yes,card,1,no,yes,2,1,1,88,no,centre,no
T06042,37,59.3,one-year,fibre,no,no,no,no,mailed check,0,no,yes,1,2,1,153,no,centre,yes
T04081,10,92.7,month-to-month,dsl,no,yes,no,yes,bank transfer,0,no,no,1,2,1,149,no,north,no
T06452,19,87.4,month-to-month,none,yes,no,yes,yes,bank transfer,0,yes,no,0,2,1,67,no,centre,yes
T04269,1,90.9,one-year,dsl,yes,no,no,yes,bank transfer,0,no,no,1,1,0,85,no,north,no
T04474,77,56.7,month-to-month,fibre,yes,yes,no,yes,card,0,no,yes,1,1,1,114,no,islands,yes
T03147,109,68.4,one-year,dsl,yes,no,yes,no,e-check,0,yes,no,2,1,0,106,yes,north,no
T06250,52,84.8,one-year,dsl,no,no,yes,yes,mailed check,0,no,no,1,0,0,138,yes,south,no
T04028,41,22.6,month-to-month,dsl,no,no,yes,yes,e-check,0,yes,no,0,1,1,14,yes,centre,no
T01352,4,73.8,two-year,dsl,no,yes,yes,yes,e-check,0,yes,no,1,1,0,161,no,south,no
T06068,12,94.8,two-year,dsl,yes,yes,no,yes,card,0,no,no,2,2,1,70,no,north,no
T04002,18,56.3,one-year,fibre,no,no,yes,no,bank transfer,1,yes,no,1,3,0,59,no,islands,no
T02092,6,52.7,one-year,fibre,no,yes,no,yes,card,1,yes,no,3,1,0,87,no,south,yes
T05366,109,70,two-year,none,no,yes,yes,yes,bank transfer,0,yes,no,1,0,0,93,yes,islands,no
T05556,51,90.3,one-year,fibre,no,no,no,no,mailed check,0,yes,yes,1,0,0,175,yes,centre,no
T05551,40,34,month-to-month,fibre,no,yes,yes,yes,mailed check,1,no,no,1,2,0,171,no,islands,yes
T00046,46,85.6,month-to-month,none,yes,no,yes,no,card,0,yes,yes,1,0,0,192,no,south,yes
T00330,45,57.1,month-to-month,fibre,no,no,no,yes,e-check,0,yes,yes,2,3,0,36,no,north,yes
T05222,9,95.6,one-year,fibre,yes,yes,yes,yes,card,0,no,no,0,2,0,23,no,centre,no
T01045,7,86.7,month-to-month,fibre,no,no,no,yes,mailed check,0,yes,no,1,1,1,155,no,centre,yes
T04874,82,86.2,month-to-month,fibre,no,no,yes,yes,e-check,0,yes,no,2,1,1,170,no,north,no
T01897,26,109.6,month-to-month,fibre,no,yes,no,yes,e-check,0,yes,yes,1,1,0,143,no,centre,yes
T04537,16,82.9,month-to-month,dsl,no,no,yes,no,e-check,0,no,no,1,2,0,28,no,north,no
T00674,10,28.6,two-year,none,no,no,no,yes,e-check,0,yes,yes,2,0,1,21,no,south,no
T03202,68,81.2,month-to-month,fibre,yes,yes,no,yes,mailed check,0,no,yes,2,2,2,54,no,islands,no
T00004,61,51.9,month-to-month,none,yes,no,no,yes,bank transfer,0,no,no,3,0,0,15,yes,north,no
T03353,15,65.7,month-to-month,fibre,no,no,yes,yes,card,0,yes,no,1,1,0,79,no,south,no
T06422,3,73.3,month-to-month,none,yes,yes,yes,yes,e-check,0,yes,yes,2,0,1,153,no,south,no
T00527,48,21.2,month-to-month,dsl,no,yes,yes,yes,e-check,0,yes,yes,2,0,0,85,no,islands,no
T05901,26,43.4,month-to-month,fibre,no,no,yes,yes,card,0,no,yes,1,2,1,213,no,north,yes
T03084,7,105.4,month-to-month,fibre,no,no,yes,yes,card,0,yes,no,1,0,0,14,no,islands,no
T01011,27,56.1,month-to-month,fibre,no,yes,yes,no,mailed check,0,no,yes,0,1,0,80,no,islands,no
T00540,12,94.3,month-to-month,fibre,no,yes,no,yes,mailed check,0,yes,yes,1,1,2,48,no,centre,yes
T04202,11,58.1,one-year,dsl,yes,no,yes,yes,e-check,1,yes,no,1,0,0,47,yes,north,no
T05348,11,71.2,two-year,fibre,no,yes,no,yes,e-check,0,yes,yes,2,1,1,25,no,centre,no
T01206,9,66,month-to-month,fibre,yes,yes,yes,yes,bank transfer,0,no,yes,1,3,0,28,no,north,no
T06686,20,109.1,month-to-month,fibre,no,no,no,yes,card,0,no,yes,1,1,2,200,no,north,no
T05118,12,53.2,one-year,fibre,no,no,yes,no,mailed check,0,yes,no,1,0,1,22,no,north,no
T06331,9,46.9,month-to-month,fibre,yes,yes,no,yes,bank transfer,0,no,no,3,0,0,29,no,islands,yes
T02318,29,93.1,one-year,fibre,no,no,no,no,e-check,0,yes,no,2,0,1,99,no,north,yes
T06107,66,27.5,month-to-month,fibre,no,yes,no,yes,mailed check,0,no,no,3,0,0,209,no,south,yes
T03882,36,103.5,two-year,dsl,yes,no,yes,yes,card,0,no,yes,1,2,0,13,no,south,no
T06606,22,58.3,one-year,dsl,no,no,no,yes,e-check,0,no,no,1,0,0,38,no,south,no
T03041,66,71.7,one-year,dsl,no,yes,no,yes,card,0,no,yes,1,1,0,75,no,islands,no
T04140,12,23.3,two-year,fibre,no,no,no,no,bank transfer,0,yes,yes,0,1,0,117,no,north,no
T01932,19,83.8,month-to-month,dsl,no,no,no,yes,mailed check,0,yes,yes,2,1,0,97,no,south,no
T03262,17,94.2,month-to-month,fibre,no,no,yes,yes,e-check,0,no,no,1,0,0,67,no,centre,no
T01896,74,60.8,two-year,fibre,no,no,yes,yes,mailed check,0,yes,no,1,0,2,55,no,centre,no
T01203,31,23.2,one-year,dsl,no,yes,no,yes,bank transfer,0,no,yes,0,1,0,144,no,islands,no
T06361,75,56.7,month-to-month,dsl,no,yes,no,yes,e-check,0,yes,no,0,0,0,113,no,centre,no
T00316,18,36.7,one-year,fibre,no,no,no,no,bank transfer,0,no,no,1,0,0,86,no,islands,no
T04671,103,83.1,month-to-month,dsl,yes,no,no,no,card,0,no,yes,0,1,0,128,no,islands,no
T03917,22,84,two-year,dsl,no,no,no,yes,e-check,0,no,no,2,1,0,92,no,north,no
T04364,14,46.1,one-year,none,no,no,yes,yes,bank transfer,0,no,no,1,0,1,42,no,north,no
T02717,23,51.9,two-year,fibre,no,yes,no,no,e-check,0,no,yes,2,0,0,54,no,north,no
T04508,65,53,month-to-month,fibre,yes,no,no,no,bank transfer,0,no,no,2,0,0,84,no,south,no
T03827,1,83.9,month-to-month,fibre,no,no,yes,yes,bank transfer,0,no,no,1,0,1,73,no,centre,yes
T00845,1,99.6,two-year,dsl,no,no,no,yes,mailed check,0,yes,yes,0,1,2,165,no,south,yes
T05817,63,86.2,one-year,none,no,yes,no,yes,e-check,0,no,no,1,1,1,96,yes,south,no
T03137,1,91.6,month-to-month,none,no,no,yes,yes,e-check,0,no,no,2,0,0,64,no,north,no
T01960,87,97.9,one-year,dsl,yes,no,yes,yes,mailed check,0,yes,no,1,1,0,76,yes,south,no
T06834,5,70.3,one-year,none,yes,no,no,yes,bank transfer,0,no,yes,0,2,0,104,no,islands,no
T01722,30,91.4,two-year,dsl,no,no,no,yes,mailed check,0,yes,yes,0,0,1,44,no,north,no
T00495,27,46.8,one-year,none,yes,no,no,yes,bank transfer,0,no,yes,1,0,0,63,no,islands,yes
T03902,14,58.1,month-to-month,dsl,yes,yes,no,yes,mailed check,0,yes,yes,3,2,0,112,no,south,yes
T06053,53,89.9,month-to-month,fibre,yes,yes,no,yes,card,0,no,no,2,1,0,55,yes,centre,no
T00881,10,20.9,two-year,fibre,no,yes,no,no,card,1,yes,no,1,2,0,41,no,north,no
T00181,85,60.1,month-to-month,dsl,yes,yes,no,yes,e-check,0,yes,yes,2,0,1,117,no,north,yes
T03840,12,65.6,month-to-month,dsl,yes,no,yes,yes,e-check,0,yes,no,2,3,1,64,yes,islands,no
T05972,1,78.9,month-to-month,fibre,no,yes,yes,yes,card,0,no,no,2,1,0,58,no,south,yes
T03432,9,20.7,month-to-month,fibre,yes,yes,no,yes,e-check,1,no,no,1,2,0,50,no,islands,yes
T06401,8,109.8,month-to-month,fibre,no,yes,yes,yes,bank transfer,0,yes,yes,0,3,1,20,no,north,yes
T00033,57,25.8,month-to-month,fibre,yes,no,yes,no,card,0,no,no,1,0,0,29,no,centre,no
T06105,16,105.3,month-to-month,dsl,no,yes,yes,no,mailed check,0,yes,no,0,1,0,146,no,north,yes
T02216,1,28.7,two-year,dsl,no,no,yes,yes,mailed check,0,yes,no,2,0,0,115,no,north,no
T00691,22,102.7,month-to-month,fibre,no,yes,yes,no,e-check,0,yes,yes,2,1,1,46,no,centre,yes
T02815,19,29,month-to-month,fibre,no,no,yes,yes,mailed check,1,yes,yes,2,0,0,38,no,islands,no
T00042,70,69.2,month-to-month,fibre,no,no,no,yes,mailed check,0,yes,no,0,0,0,112,no,centre,yes
T03451,59,98.7,two-year,fibre,yes,yes,no,yes,mailed check,0,no,yes,0,0,0,125,no,south,no
T00807,11,40.4,month-to-month,dsl,no,no,no,yes,e-check,0,no,yes,1,1,0,105,no,south,no
T00996,150,64.1,one-year,dsl,yes,yes,yes,no,mailed check,0,yes,yes,1,1,1,73,no,north,no
T05089,1,46.7,two-year,none,no,yes,no,yes,e-check,0,yes,no,3,0,0,188,yes,islands,no
T03463,3,95.3,two-year,dsl,yes,no,yes,yes,bank transfer,0,yes,yes,3,1,0,38,no,centre,no
T04460,3,103.2,one-year,fibre,yes,no,yes,yes,mailed check,1,yes,yes,2,0,1,124,no,islands,yes
T00694,41,99.1,month-to-month,fibre,yes,no,no,yes,e-check,0,yes,no,3,1,0,29,no,centre,yes
T01548,9,85.2,month-to-month,fibre,yes,no,yes,no,mailed check,0,no,no,2,0,0,66,no,south,no
T05378,55,22.9,month-to-month,none,no,no,yes,yes,card,0,no,no,1,1,0,66,no,north,no
T03603,56,67.8,one-year,none,no,no,yes,yes,bank transfer,0,yes,no,1,0,0,27,no,north,no
T04832,24,96.7,month-to-month,dsl,yes,no,yes,yes,bank transfer,0,no,no,0,1,2,226,no,north,yes
T02670,19,56,one-year,fibre,no,no,yes,no,e-check,1,yes,yes,1,3,2,110,no,south,yes
T05922,13,71.4,two-year,none,yes,yes,yes,no,mailed check,0,yes,yes,1,1,0,32,no,south,no
T05701,2,52.9,month-to-month,fibre,yes,yes,no,yes,card,0,no,no,1,0,0,76,no,islands,no
T06563,80,102.8,one-year,fibre,yes,no,no,yes,e-check,0,yes,no,2,1,1,116,no,north,yes
T02782,47,55.8,one-year,fibre,yes,no,no,yes,bank transfer,0,yes,no,2,0,0,30,no,south,no
T04615,38,59.7,two-year,none,no,no,no,yes,e-check,0,no,no,0,0,0,252,no,south,no
T04693,6,65.4,month-to-month,fibre,yes,no,no,no,e-check,0,no,no,0,1,2,37,no,south,yes
T04908,70,54.5,one-year,fibre,no,no,no,no,bank transfer,1,yes,no,1,2,0,36,no,north,no
T00325,17,49.2,month-to-month,fibre,no,no,yes,yes,bank transfer,0,no,no,1,0,1,53,no,south,yes
T01101,2,108,month-to-month,fibre,no,yes,no,yes,e-check,0,no,no,1,3,0,37,no,north,yes
T01503,116,55.2,month-to-month,fibre,no,no,yes,yes,e-check,0,no,no,0,0,0,6,no,south,yes
T01202,25,109.1,two-year,fibre,yes,no,yes,no,bank transfer,1,yes,no,1,1,1,118,no,islands,no
T04775,17,90.9,one-year,dsl,yes,yes,yes,no,card,0,no,yes,2,1,1,88,no,north,no
T05334,1,52.9,one-year,dsl,yes,yes,yes,no,mailed check,1,no,no,3,1,0,25,no,centre,no
T01765,34,48.5,month-to-month,fibre,yes,yes,no,yes,bank transfer,1,yes,no,1,2,2,23,no,north,yes
T02413,13,30.7,two-year,fibre,no,yes,no,no,bank transfer,0,yes,yes,2,1,1,23,no,north,no
T03246,12,24.8,month-to-month,none,no,no,yes,yes,card,0,yes,no,1,1,0,40,no,south,no
T02763,4,67.5,month-to-month,none,yes,no,no,yes,bank transfer,0,yes,no,2,0,1,120,no,centre,yes
T06950,30,42.3,month-to-month,fibre,yes,no,yes,yes,bank transfer,1,yes,no,0,2,0,46,no,north,yes
T00344,53,93.7,two-year,none,yes,yes,yes,yes,card,0,yes,no,2,0,1,104,no,centre,no
T06860,102,50.6,month-to-month,fibre,no,yes,no,yes,bank transfer,1,yes,no,3,3,1,10,yes,north,no
T06581,36,40.1,one-year,dsl,no,no,no,no,bank transfer,0,yes,no,2,0,1,54,no,north,no
T04155,20,63,month-to-month,none,yes,no,no,yes,mailed check,0,yes,no,2,2,1,68,yes,south,no
T04514,75,22.1,month-to-month,fibre,yes,yes,yes,yes,e-check,0,no,no,1,0,0,120,no,islands,yes
T06862,22,71.2,one-year,fibre,no,no,yes,yes,mailed check,0,yes,no,2,0,0,128,yes,islands,no
T03664,10,89.2,one-year,fibre,yes,no,no,no,mailed check,0,yes,no,2,0,0,39,no,north,no
T05714,23,40.5,month-to-month,fibre,yes,yes,no,yes,card,0,no,no,1,1,1,91,no,centre,no
T06199,33,46.6,month-to-month,fibre,yes,no,no,yes,e-check,0,yes,yes,2,1,0,66,no,north,no
T01224,43,21.2,month-to-month,none,no,no,no,yes,e-check,0,no,no,2,1,0,117,yes,centre,no
T06625,32,93.1,month-to-month,dsl,yes,no,yes,no,e-check,0,no,yes,2,2,1,294,no,south,yes
T04640,38,54.7,month-to-month,fibre,yes,no,yes,yes,bank transfer,0,no,no,2,2,0,13,no,centre,no
T00162,14,55.8,two-year,fibre,no,no,no,no,bank transfer,0,no,yes,2,1,2,40,no,centre,no
T05360,9,107.6,month-to-month,dsl,yes,yes,no,yes,bank transfer,1,yes,no,2,1,0,129,yes,centre,no
T00194,31,22.4,month-to-month,dsl,yes,no,no,yes,e-check,0,yes,yes,2,2,0,71,no,islands,no
T00382,22,25.1,month-to-month,none,no,no,yes,no,card,0,no,no,3,1,1,115,no,south,no
T06648,20,45.1,one-year,dsl,yes,yes,yes,yes,bank transfer,0,no,yes,3,0,1,55,no,islands,no
T03145,89,89.9,month-to-month,fibre,no,no,no,no,mailed check,0,no,no,0,2,0,9,no,north,no
T05826,19,102,month-to-month,dsl,no,no,no,no,bank transfer,0,no,no,2,0,0,6,no,islands,yes
T02752,38,93.5,month-to-month,none,no,no,no,yes,e-check,0,no,yes,3,0,3,113,no,centre,yes
T06496,18,50.1,month-to-month,dsl,no,no,no,yes,bank transfer,0,no,no,2,1,0,94,no,islands,no
T02504,40,91.1,month-to-month,fibre,yes,no,no,no,bank transfer,0,no,no,0,0,0,28,no,south,yes
T03482,23,56.2,month-to-month,fibre,no,no,yes,yes,bank transfer,0,no,yes,1,1,0,123,no,islands,no
T06622,26,58.2,month-to-month,dsl,yes,no,yes,yes,e-check,0,yes,no,3,2,1,22,no,islands,no
T00369,35,44.5,month-to-month,none,no,no,yes,no,card,0,no,no,1,0,1,61,no,islands,yes
T04989,40,98.9,month-to-month,fibre,no,no,no,yes,bank transfer,0,no,yes,2,1,2,37,no,centre,yes
T05723,50,24.5,month-to-month,fibre,yes,no,no,yes,card,0,no,no,1,0,0,33,no,north,no
T06634,1,35.7,month-to-month,dsl,no,no,no,yes,e-check,0,no,yes,0,2,0,16,yes,centre,yes
T01838,8,106.6,two-year,dsl,yes,no,yes,yes,mailed check,0,yes,no,1,0,1,21,no,north,no
T04270,33,56.7,month-to-month,dsl,no,no,yes,yes,card,0,yes,no,2,1,0,132,no,south,no
T03937,7,34.4,month-to-month,dsl,yes,yes,yes,no,mailed check,0,no,no,3,0,0,93,no,islands,no
T02433,36,58.3,two-year,fibre,no,yes,no,no,mailed check,0,yes,no,1,1,0,35,no,north,no
T05816,87,61.7,one-year,fibre,no,yes,no,no,card,0,yes,yes,1,1,0,63,yes,south,no
T03078,11,82,two-year,fibre,no,no,no,no,card,0,no,no,2,2,1,30,no,south,no
T04978,55,77.9,month-to-month,dsl,yes,yes,yes,no,mailed check,0,yes,no,1,1,1,86,no,south,no
T06064,9,46.2,month-to-month,fibre,yes,no,no,yes,card,0,yes,no,1,3,0,206,no,centre,yes
T01448,7,107,one-year,dsl,yes,no,no,no,e-check,0,yes,no,1,0,0,89,no,south,yes
T06506,109,107.2,two-year,fibre,no,yes,no,yes,mailed check,0,no,no,2,2,0,40,yes,islands,no
T03098,2,68,one-year,fibre,no,yes,no,no,card,1,no,no,1,1,0,79,no,south,no
T02873,4,63.1,month-to-month,fibre,no,no,yes,no,mailed check,0,no,no,3,0,1,68,no,south,yes
T01302,7,51.8,month-to-month,fibre,no,no,yes,yes,e-check,1,no,no,1,0,1,130,no,centre,yes
T06278,87,36.3,month-to-month,none,no,yes,no,no,mailed check,0,yes,no,1,0,2,71,no,islands,no
T01147,3,53.2,month-to-month,dsl,yes,no,yes,no,mailed check,0,yes,no,1,0,0,3,yes,south,no
T01267,7,76.9,two-year,dsl,no,no,yes,yes,mailed check,0,no,no,1,2,0,59,yes,islands,yes
T01057,107,53.6,month-to-month,none,no,yes,yes,no,mailed check,0,yes,no,1,0,2,104,no,islands,no
T01365,98,80.9,month-to-month,dsl,no,yes,no,yes,card,0,no,no,2,0,0,58,no,north,no
T01006,40,51.2,month-to-month,fibre,no,no,yes,no,bank transfer,1,no,no,0,0,1,93,no,islands,no
T03622,21,46.4,month-to-month,fibre,no,yes,yes,no,e-check,0,yes,no,1,1,2,17,no,islands,yes
T06925,11,39.3,month-to-month,fibre,no,no,no,yes,mailed check,0,no,yes,1,1,2,30,no,islands,no
T01450,15,25.8,month-to-month,dsl,no,yes,no,yes,bank transfer,0,no,yes,1,0,1,49,no,centre,yes
T04757,18,55.5,month-to-month,none,no,no,yes,yes,card,0,yes,yes,2,1,0,95,no,south,no
T03125,3,54,month-to-month,fibre,no,no,yes,no,mailed check,1,yes,no,2,0,1,102,no,north,no
T05878,21,101.8,month-to-month,fibre,no,yes,no,no,card,0,no,yes,2,0,1,50,no,islands,yes
T05256,1,99.6,month-to-month,dsl,no,yes,yes,yes,mailed check,0,no,no,1,0,0,92,no,north,no
T06801,27,98.5,two-year,none,yes,no,no,yes,card,0,no,no,2,1,1,27,no,islands,no
T03518,49,48.3,two-year,dsl,no,no,no,yes,e-check,0,no,yes,1,2,1,87,no,north,yes
T04582,12,64,month-to-month,dsl,no,yes,yes,no,card,0,yes,yes,2,0,1,86,no,south,yes
T03905,10,26.6,month-to-month,fibre,no,no,yes,yes,e-check,0,yes,no,1,0,0,50,no,north,yes
T01777,47,104.2,month-to-month,fibre,yes,no,yes,yes,card,1,yes,no,2,2,1,50,no,centre,yes
T06299,36,103.2,one-year,none,yes,yes,yes,yes,card,0,no,no,2,0,1,49,no,islands,no
T04287,124,39.2,two-year,none,no,no,yes,yes,card,0,yes,no,0,1,2,76,no,islands,no
T06475,29,104.8,month-to-month,none,no,no,yes,no,bank transfer,1,yes,no,3,1,1,238,no,centre,yes
T06746,45,21.7,one-year,none,yes,yes,yes,yes,mailed check,0,no,yes,2,2,0,34,no,north,no
T04767,14,90.3,two-year,none,no,yes,yes,yes,mailed check,0,no,yes,1,0,0,108,no,south,no
T01446,35,49.8,two-year,fibre,no,no,no,no,mailed check,0,yes,yes,2,0,0,46,no,south,no
T06855,94,22,month-to-month,none,yes,no,yes,yes,e-check,0,no,no,2,1,0,67,no,centre,no
T00913,3,57.2,one-year,none,no,no,yes,yes,mailed check,0,yes,yes,2,1,1,34,no,north,yes
T00826,34,91.7,one-year,fibre,yes,yes,no,no,mailed check,0,yes,no,0,0,0,67,no,north,no
T06512,101,107.2,two-year,dsl,no,no,yes,yes,e-check,0,no,no,1,0,0,153,no,islands,no
T01128,34,38.6,month-to-month,fibre,yes,no,no,no,bank transfer,1,yes,no,3,0,0,17,no,south,no
T03604,21,38.9,month-to-month,none,no,no,no,yes,e-check,0,yes,no,2,0,0,45,no,islands,no
T02027,9,63.1,month-to-month,none,no,yes,no,yes,bank transfer,0,yes,no,1,0,0,121,no,south,yes
T06517,2,58.2,month-to-month,fibre,no,yes,yes,no,e-check,0,yes,no,1,0,2,21,yes,north,no
T02470,3,72.7,month-to-month,none,yes,yes,yes,yes,mailed check,0,yes,yes,2,0,0,23,no,islands,no
T01923,143,40.7,month-to-month,fibre,no,no,yes,no,card,0,yes,yes,1,0,1,81,no,north,no
T05649,3,58.4,one-year,fibre,no,yes,yes,no,bank transfer,0,no,no,3,0,0,42,no,centre,no
T06687,46,48.7,month-to-month,none,yes,yes,yes,no,card,0,yes,yes,1,0,0,85,no,centre,no
T00062,11,57.8,month-to-month,dsl,yes,no,no,yes,e-check,0,yes,yes,1,0,0,383,no,north,no
T05612,13,100.7,two-year,dsl,no,yes,no,yes,e-check,0,yes,no,1,1,1,95,no,south,yes
T06297,7,27.3,two-year,dsl,yes,no,yes,yes,bank transfer,0,no,yes,0,1,1,39,no,centre,no
T02473,54,75.2,month-to-month,fibre,no,yes,no,yes,e-check,0,yes,no,1,1,1,66,no,islands,yes
T03311,125,79.8,month-to-month,fibre,yes,yes,yes,no,bank transfer,0,yes,no,0,1,2,39,yes,south,no
T01971,2,106.4,month-to-month,fibre,yes,no,no,no,e-check,0,no,no,1,1,0,75,no,islands,yes
T03861,3,93.6,one-year,fibre,no,yes,yes,yes,e-check,1,no,yes,2,0,0,34,no,north,no
T02526,2,99.9,month-to-month,dsl,yes,no,no,yes,e-check,0,no,no,1,0,1,67,no,north,no
T05600,32,43.8,month-to-month,dsl,yes,no,yes,yes,e-check,0,no,no,1,1,0,46,no,islands,no
T00083,88,108.6,two-year,none,no,yes,no,no,mailed check,1,no,no,1,0,0,15,no,north,yes
T06283,9,106.6,two-year,fibre,no,no,yes,yes,bank transfer,0,no,yes,1,0,0,117,no,centre,no
T06804,5,47.8,month-to-month,fibre,no,no,no,yes,mailed check,0,yes,no,1,0,0,137,no,south,yes
T05205,6,80.8,one-year,fibre,yes,yes,yes,yes,e-check,0,yes,no,1,1,1,61,no,islands,no
T06371,30,67.1,month-to-month,fibre,yes,no,no,no,card,0,yes,no,0,1,0,86,yes,centre,no
T06116,76,43.3,month-to-month,dsl,yes,no,yes,yes,mailed check,0,no,yes,1,2,1,96,yes,north,no
T06062,27,59.2,two-year,dsl,no,no,yes,no,card,0,no,no,1,0,0,154,no,south,no
T03765,54,96.9,one-year,fibre,yes,no,yes,yes,bank transfer,0,yes,yes,1,1,1,42,yes,south,no
T00512,14,80,month-to-month,dsl,no,no,no,yes,e-check,0,yes,no,2,1,2,13,no,south,yes
T05410,1,109.1,month-to-month,dsl,no,no,no,yes,mailed check,0,no,no,0,0,1,190,no,north,yes
T03884,76,95.5,two-year,fibre,yes,no,yes,yes,mailed check,0,no,no,3,0,0,64,no,south,no
T01583,5,100.6,two-year,fibre,yes,no,no,no,bank transfer,1,yes,no,2,0,0,120,no,north,no
T03294,51,106.1,month-to-month,fibre,no,no,no,yes,card,1,no,no,1,0,0,27,yes,north,no
T01525,56,52,month-to-month,none,yes,no,yes,yes,mailed check,1,no,yes,1,1,0,121,no,centre,yes
T03509,5,84.7,one-year,dsl,yes,no,no,yes,card,0,no,yes,0,1,2,51,no,south,no
T02286,82,48.3,month-to-month,fibre,no,yes,yes,no,e-check,0,yes,no,0,1,1,78,no,centre,no
T06596,28,89.6,two-year,dsl,yes,no,no,yes,mailed check,0,yes,no,3,2,0,85,no,centre,no
T01364,86,23.8,month-to-month,none,no,no,no,no,e-check,0,no,yes,3,2,0,85,no,south,no
T02574,1,24.3,month-to-month,dsl,no,no,yes,yes,mailed check,0,no,no,1,1,0,54,no,south,yes
T01564,31,76.8,month-to-month,fibre,no,no,no,no,e-check,0,no,yes,1,0,2,202,no,north,yes
T00044,30,30.5,two-year,dsl,yes,no,no,no,bank transfer,0,yes,no,2,0,0,135,no,south,no
T06102,12,75.9,month-to-month,none,yes,no,yes,no,bank transfer,1,yes,yes,1,0,0,82,no,islands,no
T05364,183,71,one-year,none,no,yes,no,yes,card,0,yes,yes,0,1,0,85,no,centre,no
T05062,49,89.7,month-to-month,dsl,no,no,no,yes,e-check,0,yes,yes,1,0,0,120,no,centre,no
T05931,41,59.9,month-to-month,none,no,yes,yes,no,mailed check,0,no,no,1,0,1,144,yes,centre,no
T06463,62,45.2,one-year,dsl,yes,no,yes,no,e-check,0,no,no,3,0,0,53,yes,south,no
T01841,5,101.4,one-year,dsl,yes,no,yes,yes,card,0,yes,yes,1,0,1,18,no,islands,yes
T01996,54,73.1,two-year,fibre,no,yes,yes,no,mailed check,0,no,no,1,1,0,19,no,north,no
T05702,54,38.8,month-to-month,dsl,yes,no,yes,yes,card,0,yes,no,2,2,0,39,no,south,no
T06001,19,40.4,month-to-month,dsl,no,yes,no,no,bank transfer,0,no,no,1,0,1,35,no,south,no
T03649,10,61.1,one-year,dsl,yes,no,yes,no,card,0,yes,no,0,3,0,45,no,south,no
T06981,28,30.1,month-to-month,dsl,no,yes,no,yes,e-check,1,no,no,1,1,0,118,no,islands,yes
T04612,17,43.9,one-year,dsl,yes,yes,yes,no,e-check,1,no,no,3,0,1,49,no,islands,no
T04248,19,77.4,two-year,fibre,no,yes,yes,yes,bank transfer,0,no,no,2,0,0,93,no,south,no
T03440,29,55.1,two-year,dsl,no,no,yes,yes,e-check,0,yes,no,1,1,0,152,no,south,no
T02493,94,33.4,month-to-month,fibre,no,no,yes,no,bank transfer,0,yes,no,1,0,0,21,no,north,no
T05587,1,70.3,month-to-month,none,no,yes,no,yes,e-check,0,yes,no,2,0,0,95,no,south,no
T05998,4,55.2,two-year,fibre,yes,no,no,yes,e-check,0,no,yes,1,0,0,21,no,centre,no
T06366,79,87.4,one-year,dsl,no,no,yes,no,bank transfer,0,yes,no,0,0,0,90,no,south,no
T06787,8,97,one-year,dsl,no,no,no,yes,bank transfer,0,no,no,3,4,0,41,no,south,yes
T06505,6,74.4,month-to-month,fibre,no,no,no,no,bank transfer,1,yes,yes,1,2,1,105,no,islands,yes
T00670,1,70.4,one-year,dsl,yes,no,yes,yes,card,0,yes,no,1,1,0,274,no,islands,no
T02616,24,62.8,two-year,fibre,no,no,yes,yes,e-check,0,yes,no,3,0,0,42,no,north,no
T06825,51,52.6,one-year,none,yes,yes,yes,yes,e-check,1,no,no,1,0,1,218,no,centre,no
T04210,11,97.4,month-to-month,fibre,yes,yes,no,yes,mailed check,0,yes,no,1,1,1,35,no,islands,yes
T01246,45,31.2,one-year,none,yes,yes,no,no,card,0,yes,no,1,0,0,39,no,south,no
T02192,21,25.6,month-to-month,fibre,yes,no,yes,no,e-check,0,no,no,3,0,0,49,no,islands,no
T01098,41,48.8,month-to-month,none,no,no,yes,yes,card,1,yes,no,1,0,0,87,no,north,no
T05294,19,21,month-to-month,dsl,no,no,no,yes,e-check,0,no,no,1,0,0,50,yes,centre,no
T06747,109,43.5,two-year,none,no,yes,yes,yes,bank transfer,0,yes,yes,1,0,0,205,no,south,no
T01469,39,109.7,two-year,fibre,yes,no,yes,yes,mailed check,0,no,no,2,1,0,39,no,north,no
T05409,30,39.2,one-year,none,no,no,yes,yes,e-check,0,no,yes,2,2,0,109,no,islands,no
T01787,75,25.6,month-to-month,none,yes,yes,no,yes,e-check,0,no,no,1,1,0,162,no,centre,no
T02911,5,85.7,month-to-month,none,no,no,yes,yes,e-check,0,no,yes,1,3,1,22,no,centre,yes
T00824,94,48.2,one-year,fibre,no,yes,no,yes,mailed check,1,yes,no,0,1,1,30,no,islands,no
T00785,66,73.4,month-to-month,fibre,no,yes,yes,no,bank transfer,0,no,yes,2,1,0,122,yes,islands,no
T01221,22,89.5,one-year,fibre,no,no,no,no,e-check,0,no,no,2,0,0,188,no,islands,no
T04253,26,66.6,month-to-month,fibre,no,no,yes,yes,mailed check,0,no,no,1,1,1,88,no,centre,yes
T00092,59,89.5,one-year,fibre,yes,no,yes,no,e-check,0,no,no,0,2,0,7,no,south,no
T02230,8,26,month-to-month,none,no,yes,yes,yes,e-check,0,yes,yes,1,0,0,110,no,islands,no
T03465,4,24.5,month-to-month,fibre,yes,yes,no,no,card,0,no,no,1,1,0,87,yes,centre,no
T03801,28,49.6,month-to-month,dsl,yes,no,yes,yes,card,0,yes,yes,0,0,2,61,no,north,no
T03706,84,23.8,month-to-month,fibre,no,yes,no,yes,mailed check,1,yes,yes,1,0,0,290,no,islands,no
T03671,24,109.8,two-year,dsl,no,no,yes,no,card,1,no,yes,1,1,0,35,yes,islands,no
T00749,2,79.7,two-year,fibre,no,no,yes,no,e-check,0,yes,no,1,1,0,22,yes,south,no
T02251,22,56,one-year,dsl,yes,yes,yes,no,mailed check,0,yes,no,3,0,1,72,no,north,no
T03365,26,57,one-year,dsl,no,yes,yes,no,card,0,yes,no,1,1,0,379,yes,centre,no
T03099,88,23.1,two-year,none,no,no,yes,yes,card,0,yes,no,1,0,2,220,no,north,no
T01477,11,34.2,one-year,none,no,no,no,yes,card,0,yes,yes,1,0,1,52,no,centre,no
T02547,3,92.9,month-to-month,fibre,no,no,no,yes,e-check,1,yes,yes,2,0,0,4,no,centre,yes
T03510,17,47,one-year,dsl,no,no,no,yes,mailed check,1,no,no,1,0,2,113,no,islands,no
T01286,8,38.5,two-year,dsl,yes,no,yes,yes,card,0,yes,no,1,1,0,318,no,islands,no
T03702,6,52.3,month-to-month,dsl,no,yes,no,yes,mailed check,0,no,no,1,3,0,113,no,islands,yes
T01685,1,37.7,month-to-month,fibre,no,yes,no,no,card,0,no,yes,2,0,0,26,no,north,no
T02639,1,40.5,two-year,fibre,no,no,no,yes,mailed check,1,no,no,2,0,1,52,no,north,no
T01601,1,95.1,two-year,none,yes,no,no,no,bank transfer,0,no,yes,1,0,1,65,no,north,no
T01903,46,62.4,month-to-month,dsl,no,no,no,yes,mailed check,0,no,no,2,1,1,44,no,islands,yes
T01010,19,68.9,two-year,fibre,no,no,yes,yes,card,0,yes,yes,1,0,1,130,yes,north,no
T01772,24,38.2,one-year,dsl,no,yes,no,no,card,0,no,no,3,0,0,66,no,centre,no
T03004,11,70.8,two-year,dsl,yes,no,yes,yes,e-check,0,yes,yes,1,3,0,185,yes,centre,no
T06233,2,104.8,one-year,fibre,no,yes,no,yes,mailed check,0,yes,yes,0,1,0,44,yes,north,no
T05232,19,26,month-to-month,none,yes,no,yes,yes,bank transfer,0,yes,no,2,2,0,146,no,islands,yes
T06980,108,101.5,one-year,none,yes,no,yes,no,mailed check,0,yes,no,1,0,1,426,no,south,yes
T03097,45,34.7,month-to-month,fibre,no,no,no,no,card,0,no,no,1,0,0,16,no,centre,no
T00413,37,60.4,month-to-month,none,no,no,no,no,bank transfer,0,no,no,3,0,2,164,no,centre,no
T00214,64,79,two-year,none,no,no,yes,no,card,1,no,no,2,1,0,94,yes,centre,no
T06893,4,35.5,month-to-month,dsl,no,no,no,yes,bank transfer,0,yes,no,2,1,0,82,no,centre,no
T02854,29,109.3,two-year,dsl,no,no,yes,yes,card,1,yes,yes,1,2,0,72,no,south,no
T02490,6,64.2,month-to-month,dsl,yes,no,no,no,e-check,1,yes,no,2,1,0,63,no,islands,yes
T00680,48,51,month-to-month,none,no,no,yes,yes,bank transfer,0,yes,no,0,0,1,83,no,centre,no
T06770,20,35.2,month-to-month,dsl,no,yes,no,yes,card,1,yes,no,1,1,1,22,yes,north,no
T01510,1,20.7,two-year,fibre,yes,no,yes,no,mailed check,0,no,yes,1,0,0,23,no,north,no
T03651,25,25.8,month-to-month,dsl,yes,no,no,yes,bank transfer,0,no,no,1,0,0,25,no,south,no
T03381,13,70.2,two-year,none,yes,no,no,yes,mailed check,0,yes,yes,1,1,1,33,no,centre,no
T04182,43,24.7,one-year,fibre,no,yes,yes,no,e-check,0,yes,yes,1,0,0,76,yes,north,no
T04415,1,84.5,one-year,dsl,no,yes,yes,yes,card,0,yes,yes,1,1,0,126,no,centre,no
T04787,29,39.4,one-year,none,yes,no,no,yes,bank transfer,0,yes,no,0,0,2,89,no,south,no
T00030,2,89,month-to-month,none,yes,no,yes,yes,card,0,yes,no,1,1,0,72,no,centre,yes
T04443,16,105.2,month-to-month,fibre,yes,yes,yes,no,e-check,1,yes,no,1,2,0,80,no,north,yes
T04732,26,82.5,one-year,none,no,no,no,no,card,0,no,no,2,1,1,32,yes,centre,no
T06856,5,82,two-year,fibre,yes,no,yes,yes,bank transfer,0,yes,no,2,1,1,73,yes,islands,no
T02743,16,101.2,month-to-month,dsl,no,no,no,no,card,0,no,no,1,0,0,70,yes,islands,no
T00343,17,35.9,month-to-month,dsl,no,no,yes,yes,e-check,0,no,no,1,0,0,103,no,islands,no
T03117,43,35.2,month-to-month,fibre,no,no,no,no,bank transfer,0,yes,yes,2,0,1,57,no,south,no
T04205,32,34.7,month-to-month,none,no,no,no,yes,mailed check,0,yes,no,1,0,2,6,no,south,no
T01371,7,22.3,two-year,fibre,yes,no,yes,yes,bank transfer,0,no,no,3,3,1,74,no,south,no
T04648,26,28.6,one-year,none,yes,no,yes,yes,e-check,0,no,no,1,0,0,29,no,south,no
T06967,28,89,two-year,dsl,yes,no,no,no,mailed check,1,yes,yes,2,0,0,34,yes,islands,no
T04885,13,107.8,month-to-month,none,yes,yes,no,no,e-check,0,no,no,1,0,0,29,no,islands,no
T04057,108,89.6,month-to-month,fibre,no,no,yes,yes,mailed check,0,yes,yes,2,2,2,388,no,north,yes
T02660,10,81.4,two-year,dsl,no,no,no,no,bank transfer,1,no,no,0,2,1,66,no,north,no
T06914,16,50.8,one-year,fibre,no,yes,yes,yes,bank transfer,0,no,yes,1,1,0,104,no,north,no
T00689,10,105.6,month-to-month,none,yes,yes,yes,yes,mailed check,0,yes,yes,1,2,0,37,no,south,no
T01719,3,75.7,two-year,fibre,no,no,yes,yes,mailed check,0,no,no,3,0,1,81,no,south,no
T05792,8,102.5,month-to-month,fibre,no,no,yes,no,bank transfer,0,yes,no,3,1,0,22,no,centre,yes
T02317,35,88.5,two-year,fibre,yes,yes,yes,yes,e-check,0,yes,no,1,0,0,74,no,south,no
T04838,32,21.5,one-year,fibre,no,yes,no,yes,mailed check,0,no,no,1,0,1,21,yes,north,no
T05953,34,99.3,month-to-month,fibre,yes,no,no,no,e-check,0,yes,no,1,0,1,35,yes,south,no
T03648,44,65,two-year,fibre,no,no,yes,no,card,0,no,yes,0,1,2,67,no,centre,no
T06928,13,101.2,month-to-month,fibre,no,no,yes,no,e-check,0,no,no,2,0,0,168,no,islands,yes
T06310,5,86.9,one-year,none,no,no,no,no,e-check,1,no,no,3,2,1,32,no,north,no
T03397,95,24.3,one-year,fibre,no,no,yes,yes,e-check,0,yes,yes,2,1,0,66,no,centre,no
T01199,103,85.2,month-to-month,dsl,no,no,no,no,card,0,no,no,1,1,1,151,no,north,yes
T04017,35,40,two-year,none,no,yes,yes,yes,bank transfer,0,yes,no,1,1,0,146,no,centre,no
T05457,27,49.7,month-to-month,fibre,no,no,no,yes,card,0,no,yes,2,0,0,74,no,islands,no
T01943,1,103.2,month-to-month,fibre,no,yes,no,yes,e-check,0,no,yes,1,0,0,120,no,south,yes
T04408,31,89,one-year,fibre,yes,yes,yes,yes,card,0,yes,no,2,0,0,20,no,north,no
T01696,129,60.1,one-year,fibre,yes,yes,yes,yes,bank transfer,0,yes,yes,1,0,0,168,no,north,no
T04286,23,86.1,month-to-month,fibre,no,yes,yes,yes,mailed check,0,no,no,2,1,1,18,no,south,yes
T04279,29,62.5,month-to-month,none,yes,no,no,yes,e-check,0,yes,no,1,1,0,36,no,islands,yes
T02509,14,43.4,month-to-month,fibre,yes,no,yes,yes,e-check,0,yes,no,1,1,0,77,no,islands,no
T06680,36,72.5,one-year,fibre,yes,no,no,yes,bank transfer,0,yes,yes,1,1,2,29,no,centre,no
T02740,8,64.9,month-to-month,fibre,no,no,no,yes,bank transfer,0,no,no,1,0,0,75,yes,centre,yes
T04317,16,90.8,month-to-month,dsl,no,yes,no,yes,mailed check,0,yes,no,2,1,1,77,no,south,no
T04594,23,34.6,month-to-month,fibre,yes,no,no,yes,mailed check,0,yes,yes,2,1,1,109,no,centre,no
T05892,1,44.3,month-to-month,fibre,no,no,no,yes,bank transfer,0,yes,no,1,1,2,36,no,centre,yes
T02492,24,91.1,two-year,dsl,yes,yes,no,no,card,0,no,yes,3,0,1,11,no,centre,no
T02932,17,81.4,month-to-month,dsl,no,no,no,yes,e-check,0,no,no,2,0,0,176,no,south,no
T01898,3,65.6,month-to-month,fibre,no,no,no,yes,mailed check,0,yes,no,0,0,0,34,no,centre,no
T03139,23,80.1,month-to-month,dsl,yes,no,yes,yes,card,0,yes,no,1,0,0,48,yes,islands,no
T01390,49,22.4,month-to-month,fibre,no,no,no,no,card,0,yes,no,1,0,0,93,no,south,no
T04777,8,35,month-to-month,dsl,no,no,yes,yes,bank transfer,0,yes,no,2,0,0,92,yes,centre,yes
T02091,15,96.6,month-to-month,dsl,no,no,yes,no,card,0,yes,no,1,0,0,97,no,islands,no
T04643,1,83,month-to-month,fibre,yes,no,no,no,e-check,0,yes,no,1,0,0,28,yes,south,no
T02047,22,80.7,one-year,dsl,yes,no,yes,no,mailed check,1,yes,no,1,0,0,17,no,south,no
T01275,59,24.3,one-year,fibre,yes,no,yes,yes,mailed check,0,no,no,1,2,1,29,no,south,yes
T04070,10,85.7,month-to-month,fibre,no,no,no,no,card,1,no,no,1,1,0,220,no,north,no
T03545,27,76.8,month-to-month,fibre,no,no,yes,yes,card,0,yes,yes,0,1,1,72,yes,islands,yes
T02079,56,90.6,month-to-month,fibre,no,no,yes,yes,card,0,yes,yes,2,1,1,96,yes,north,yes
T05506,7,93.9,month-to-month,dsl,no,yes,yes,no,bank transfer,1,no,no,1,4,0,20,yes,centre,no
T04969,5,88.9,month-to-month,fibre,no,no,no,yes,bank transfer,0,yes,yes,1,0,0,30,no,north,yes
T02548,40,107.9,month-to-month,none,yes,no,yes,no,mailed check,0,yes,no,1,1,1,152,yes,north,no
T04748,26,91.6,one-year,dsl,no,no,yes,no,card,0,yes,no,2,0,1,29,no,centre,no
T01108,13,47.3,one-year,dsl,yes,no,no,no,e-check,1,yes,yes,1,2,0,75,yes,centre,no
T03392,4,32.7,one-year,fibre,no,no,yes,yes,mailed check,0,yes,no,1,1,0,27,no,south,yes
T05243,11,42.6,month-to-month,dsl,no,no,yes,no,card,0,yes,no,1,0,0,73,no,islands,no
T02943,47,20.6,month-to-month,none,no,no,yes,no,bank transfer,0,yes,no,1,1,1,14,no,centre,no
T04040,23,91.3,month-to-month,fibre,no,no,no,no,bank transfer,0,yes,no,2,1,0,95,no,north,no
T04905,9,43.7,one-year,fibre,no,no,yes,no,card,0,yes,no,2,0,0,42,no,north,no
T02887,27,30.5,month-to-month,none,no,no,no,no,bank transfer,0,yes,no,0,0,2,44,no,islands,no
T00939,30,58.8,month-to-month,fibre,no,yes,yes,no,mailed check,0,yes,no,3,1,0,64,yes,centre,no
T05408,14,84.9,month-to-month,dsl,no,yes,no,no,mailed check,0,no,no,2,2,0,106,yes,south,no
T02927,15,37.5,month-to-month,none,yes,yes,yes,no,e-check,0,yes,no,2,1,0,98,no,centre,no
T04552,24,109.9,one-year,fibre,no,no,no,no,e-check,0,no,no,2,1,2,8,no,south,yes
T03738,15,57.1,one-year,none,no,no,yes,yes,bank transfer,0,no,yes,1,1,0,168,no,islands,no
T06227,103,77.7,one-year,dsl,yes,yes,no,yes,bank transfer,0,yes,no,1,1,1,26,no,centre,no
T04006,48,54.1,two-year,none,yes,no,no,yes,e-check,0,no,no,1,0,0,8,yes,south,no
T05383,16,61.6,month-to-month,fibre,no,yes,no,yes,bank transfer,0,yes,no,1,1,0,38,no,centre,no
T05771,24,68.7,month-to-month,fibre,no,yes,no,yes,e-check,0,no,yes,2,0,0,50,no,centre,no
T06382,39,84.1,two-year,none,yes,yes,yes,yes,e-check,0,yes,yes,2,1,1,79,no,islands,no
T06480,29,43.6,month-to-month,dsl,no,no,yes,no,mailed check,0,no,no,1,0,1,84,no,south,no
T06576,3,94.9,two-year,fibre,no,yes,no,no,e-check,0,no,no,1,1,0,139,no,south,no
T04656,13,81.3,month-to-month,dsl,no,no,no,yes,bank transfer,0,no,no,1,0,1,44,no,centre,no
T03792,8,87.7,one-year,fibre,no,no,yes,yes,mailed check,0,no,yes,0,2,0,105,no,north,yes
T04515,1,26,one-year,fibre,yes,yes,no,yes,card,0,no,no,1,0,0,42,no,islands,no
T06387,32,44.5,one-year,dsl,no,no,yes,yes,mailed check,1,no,yes,2,1,0,120,no,south,no
T00458,86,68.4,two-year,dsl,yes,no,no,yes,bank transfer,0,no,no,1,1,1,156,no,north,no
T04066,48,91.9,two-year,fibre,no,no,yes,no,card,0,yes,no,1,0,2,50,no,north,no
T06444,52,36.5,two-year,fibre,no,no,no,no,mailed check,0,yes,no,1,1,1,33,no,north,no
T03077,52,63,month-to-month,none,no,yes,yes,yes,mailed check,0,no,no,1,0,0,55,no,north,no
T04951,32,108.5,month-to-month,none,yes,no,no,yes,bank transfer,0,yes,no,3,2,0,41,no,islands,no
T04855,13,75.1,month-to-month,none,no,yes,no,no,e-check,0,no,no,2,1,1,62,no,centre,no
T04700,8,63.5,month-to-month,fibre,no,no,no,no,e-check,0,yes,no,1,2,0,44,no,north,yes
T06733,16,70.1,one-year,dsl,no,no,no,no,e-check,0,yes,no,2,1,1,113,no,north,no
T03479,3,61.6,month-to-month,dsl,no,no,no,yes,e-check,0,no,no,2,1,0,82,no,south,yes
T02702,44,86.7,month-to-month,dsl,no,no,yes,yes,card,0,yes,no,2,1,0,55,yes,south,no
T03367,105,28.7,month-to-month,fibre,yes,no,no,yes,mailed check,0,yes,no,1,0,0,117,no,centre,no
T01788,21,27.7,month-to-month,fibre,no,no,yes,yes,bank transfer,0,yes,no,2,0,0,29,yes,islands,no
T04701,39,64.8,one-year,fibre,yes,no,no,no,e-check,0,yes,no,1,2,0,66,yes,north,no
T05161,64,103.3,one-year,fibre,yes,no,yes,yes,e-check,0,no,no,2,0,0,23,no,islands,no
T04462,24,48.5,one-year,dsl,yes,yes,yes,yes,mailed check,0,yes,yes,1,0,2,20,no,islands,no
T05658,52,87.5,one-year,none,no,yes,yes,no,mailed check,0,no,no,2,0,2,117,yes,islands,no
T01256,17,25.6,month-to-month,dsl,yes,no,yes,yes,card,0,no,no,3,2,1,29,yes,north,yes
T06853,6,75.6,month-to-month,dsl,no,no,yes,no,mailed check,0,yes,yes,2,0,0,24,yes,north,no
T05579,50,90.3,month-to-month,dsl,yes,no,yes,no,card,1,yes,no,1,1,0,57,yes,centre,no
T00023,56,57.2,month-to-month,dsl,no,no,no,no,card,0,yes,no,1,2,0,114,no,north,no
T04366,14,107,month-to-month,dsl,no,no,yes,yes,mailed check,0,no,yes,1,0,0,40,no,south,yes
T02471,44,97.9,two-year,dsl,no,no,yes,yes,bank transfer,0,no,no,1,0,0,93,no,north,no
T02908,41,25.6,one-year,fibre,no,no,yes,yes,card,1,no,no,1,1,0,25,no,south,no
T01424,20,80.4,one-year,dsl,no,yes,no,no,card,1,no,yes,3,1,1,90,no,islands,yes
T02478,4,35.6,two-year,dsl,no,no,yes,no,mailed check,0,no,yes,3,1,0,3,no,centre,no
T05145,9,34.4,one-year,none,no,yes,no,no,mailed check,0,no,no,2,0,0,44,yes,south,no
T06996,11,44.1,month-to-month,fibre,yes,no,yes,no,bank transfer,1,no,no,1,1,0,41,no,centre,no
T01445,16,72.6,one-year,fibre,no,no,no,yes,card,1,yes,no,2,1,2,80,no,north,yes
T02353,32,34.9,month-to-month,fibre,no,no,no,no,bank transfer,0,no,no,1,0,1,78,no,north,no
T01631,34,100.3,month-to-month,none,yes,yes,no,no,bank transfer,0,yes,yes,2,0,0,36,no,south,no
T06797,13,89.4,two-year,dsl,yes,yes,yes,no,card,0,no,no,1,1,1,34,no,south,no
T04897,1,105.8,month-to-month,fibre,yes,no,yes,yes,e-check,0,yes,no,1,2,2,240,no,north,yes
T02765,29,94.3,one-year,fibre,no,yes,no,yes,card,0,yes,no,0,0,1,66,no,centre,no
T01587,4,90.6,two-year,dsl,no,no,yes,no,e-check,1,no,no,1,2,0,64,no,centre,no
T01916,2,103.9,two-year,none,yes,no,no,yes,mailed check,0,yes,no,2,1,0,41,yes,islands,no
T04772,1,45.6,month-to-month,dsl,yes,yes,yes,no,e-check,0,yes,no,2,1,0,177,yes,south,no
T02625,1,108.6,one-year,fibre,no,no,no,no,mailed check,0,yes,no,2,1,0,116,no,south,no
T05159,38,60.9,month-to-month,dsl,yes,no,yes,no,card,0,no,no,3,1,1,56,no,north,no
T02233,38,100.3,one-year,fibre,no,no,no,yes,card,0,no,yes,1,0,0,27,yes,south,no
T03895,2,33.6,one-year,dsl,no,yes,yes,yes,card,0,no,yes,2,3,1,199,yes,north,no
T00259,14,63.7,month-to-month,fibre,yes,no,no,yes,mailed check,0,yes,yes,2,1,1,84,no,islands,no
T00758,36,23.7,month-to-month,none,no,no,no,yes,bank transfer,0,yes,no,1,0,2,29,no,islands,no
T03293,32,71.1,month-to-month,dsl,no,yes,no,yes,mailed check,0,yes,yes,2,0,0,35,no,south,no
T04502,74,83.6,one-year,none,no,no,no,yes,card,0,no,yes,3,2,1,164,yes,south,no
T06632,7,61.8,month-to-month,none,yes,no,yes,yes,card,1,no,no,0,0,0,30,no,centre,yes
T06108,10,65.1,two-year,fibre,no,no,yes,yes,e-check,0,no,yes,2,1,0,119,yes,north,yes
T06918,52,81.1,month-to-month,fibre,no,no,no,yes,mailed check,0,no,no,2,0,0,29,no,north,yes
T00126,75,92.2,month-to-month,dsl,no,no,no,yes,bank transfer,0,no,no,2,0,0,65,yes,centre,no
T06936,11,87,month-to-month,dsl,yes,no,yes,yes,mailed check,0,no,yes,3,0,0,73,yes,north,no
T03475,46,97.8,two-year,fibre,yes,no,no,no,mailed check,0,no,yes,3,1,2,38,yes,islands,yes
T03402,87,97.6,month-to-month,fibre,no,yes,no,yes,e-check,0,yes,no,1,1,1,72,no,centre,yes
T06864,8,67.7,month-to-month,dsl,no,yes,no,yes,mailed check,0,no,no,1,0,1,29,no,islands,no
T05168,1,102.3,month-to-month,fibre,no,yes,no,yes,card,0,no,no,3,1,0,94,no,centre,yes
T04303,2,66.7,month-to-month,fibre,no,yes,no,yes,bank transfer,1,yes,yes,2,2,0,20,yes,north,yes
T05165,3,89.5,month-to-month,dsl,yes,no,no,no,card,0,yes,no,1,0,0,68,no,north,no
T03933,49,97.7,month-to-month,none,no,no,no,no,bank transfer,0,no,no,2,0,1,190,no,centre,yes
T04837,3,28.6,month-to-month,dsl,no,no,yes,yes,bank transfer,0,no,yes,1,0,0,92,no,islands,no
T02440,2,24.6,one-year,none,no,no,no,no,e-check,0,yes,no,1,1,1,61,no,south,no
T02591,24,47.9,one-year,fibre,yes,yes,yes,no,mailed check,0,yes,no,1,1,1,50,no,north,no
T00721,53,100.5,one-year,fibre,yes,no,yes,yes,card,0,yes,yes,1,1,2,58,no,north,no
T01322,21,94.9,month-to-month,fibre,yes,no,yes,yes,e-check,1,no,yes,3,1,2,44,no,islands,yes
T03337,4,106.8,one-year,dsl,no,yes,no,no,bank transfer,0,no,yes,0,1,0,55,no,islands,no
T04561,15,42,two-year,dsl,yes,no,yes,yes,mailed check,1,yes,no,2,0,0,161,no,islands,no
T00862,19,100.2,month-to-month,none,no,yes,no,yes,e-check,0,yes,no,1,0,0,122,yes,north,no
T03600,44,53.4,month-to-month,dsl,no,no,yes,yes,bank transfer,0,yes,no,0,1,0,47,no,centre,no
T05374,5,85,month-to-month,fibre,no,no,yes,yes,bank transfer,0,yes,no,2,0,2,35,no,islands,yes
T06363,12,33.9,month-to-month,none,yes,no,yes,no,e-check,0,no,yes,3,1,1,41,no,north,no
T01055,10,64.2,month-to-month,fibre,yes,no,no,yes,bank transfer,1,yes,no,1,0,0,229,no,centre,yes
T06938,24,94.3,month-to-month,fibre,no,no,no,yes,mailed check,0,no,no,3,0,0,81,no,centre,no
T02014,13,72.5,month-to-month,fibre,no,yes,yes,yes,card,1,yes,no,1,1,0,73,no,islands,yes
T01708,10,28.9,month-to-month,fibre,no,no,yes,yes,bank transfer,0,no,no,1,0,2,80,no,islands,no
T06599,34,102.5,one-year,none,yes,no,no,no,bank transfer,0,yes,no,2,0,1,80,no,south,no
T03915,11,100.5,month-to-month,none,no,no,no,yes,card,1,no,no,1,2,0,36,no,islands,yes
T00204,28,36.7,month-to-month,none,no,yes,yes,no,e-check,0,yes,no,2,0,1,114,no,north,no
T04829,35,72.6,two-year,none,yes,no,yes,yes,e-check,0,no,no,1,1,1,111,no,north,no
T05321,2,53.8,two-year,fibre,no,no,yes,yes,bank transfer,0,no,yes,2,1,1,59,no,centre,no
T05284,9,77.8,month-to-month,none,yes,no,yes,yes,mailed check,0,no,no,2,3,0,115,yes,north,no
T01436,8,46.5,two-year,dsl,no,no,no,yes,e-check,0,yes,yes,2,2,2,137,no,south,no
T05332,45,97.5,two-year,dsl,no,no,yes,yes,bank transfer,0,no,no,1,1,0,54,yes,islands,no
T05536,14,29.2,month-to-month,dsl,no,yes,yes,no,card,0,yes,no,0,2,0,32,no,centre,no
T05782,4,69.8,two-year,fibre,no,yes,no,no,mailed check,1,yes,yes,1,2,0,78,yes,islands,no
T03299,16,37.9,month-to-month,none,yes,no,no,no,e-check,0,yes,yes,1,0,0,28,no,south,yes
T03804,38,54.5,two-year,dsl,no,no,yes,no,e-check,0,yes,yes,1,0,1,42,no,islands,no
T04539,29,42.6,two-year,dsl,no,no,no,yes,e-check,0,no,no,2,1,0,202,no,islands,no
T04403,10,60.3,one-year,fibre,yes,yes,no,yes,e-check,0,yes,no,2,0,2,140,no,islands,yes
T04056,15,69.8,one-year,dsl,no,yes,no,yes,e-check,1,no,no,2,0,1,17,no,islands,no
T06534,37,28.7,two-year,fibre,yes,no,no,no,mailed check,0,no,yes,1,0,1,132,no,islands,no
T06477,66,75.2,month-to-month,fibre,yes,no,no,yes,e-check,0,no,no,1,0,0,113,no,south,no
T03198,28,70.7,month-to-month,none,yes,no,yes,no,mailed check,0,yes,yes,2,0,0,56,yes,islands,no
T06154,1,101,month-to-month,none,no,no,yes,yes,bank transfer,0,no,yes,3,0,1,104,no,centre,yes
T06380,9,99.6,one-year,fibre,yes,no,no,no,e-check,0,no,no,2,1,0,207,no,islands,no
T03523,11,76,two-year,dsl,no,no,no,no,mailed check,0,no,no,1,1,0,194,no,islands,no
T04398,35,76.8,two-year,fibre,yes,no,no,yes,mailed check,1,yes,no,3,2,2,108,no,north,no
T04064,12,95.7,month-to-month,dsl,no,no,yes,no,e-check,0,no,no,1,1,0,80,no,centre,yes
T06547,4,31.3,month-to-month,dsl,no,no,no,yes,mailed check,0,yes,yes,0,0,1,125,no,islands,yes
T00525,8,49.6,month-to-month,fibre,no,yes,no,yes,bank transfer,0,no,no,2,0,1,68,no,north,no
T00308,1,86.5,month-to-month,fibre,yes,yes,no,no,bank transfer,0,yes,yes,3,0,2,49,yes,centre,yes
T00915,18,29,two-year,dsl,no,no,no,yes,e-check,0,yes,no,1,1,1,37,no,south,no
T06670,1,96.5,one-year,fibre,yes,no,no,yes,mailed check,0,no,no,1,1,0,162,no,south,no
T04708,10,30.8,two-year,dsl,no,no,no,no,bank transfer,0,yes,no,2,2,0,82,no,centre,no
T02128,18,36.6,two-year,fibre,no,no,no,no,e-check,0,yes,yes,1,0,1,40,no,centre,no
T00423,15,62.6,two-year,dsl,yes,yes,no,yes,bank transfer,0,no,no,1,1,0,74,no,centre,no
T02375,5,22.8,one-year,fibre,yes,yes,yes,yes,bank transfer,0,yes,yes,3,1,0,53,no,north,no
T04635,5,96.1,two-year,fibre,no,yes,no,no,e-check,0,no,yes,1,1,0,82,no,islands,yes
T02646,22,44.7,month-to-month,fibre,no,no,no,yes,e-check,0,yes,no,2,0,0,63,no,islands,yes
T01522,44,29.4,month-to-month,fibre,yes,no,yes,yes,bank transfer,0,yes,yes,2,0,0,33,no,centre,yes
T04903,38,67.8,one-year,fibre,no,no,yes,no,mailed check,1,no,no,1,0,0,147,yes,centre,no
T00953,16,95.6,month-to-month,dsl,yes,yes,yes,no,mailed check,0,no,no,3,0,1,55,no,centre,no
T00632,34,23.9,month-to-month,dsl,yes,no,yes,yes,card,0,no,no,1,2,0,27,no,islands,no
T05916,44,62.3,two-year,dsl,no,no,yes,yes,e-check,0,no,no,1,1,0,149,no,north,yes
T06493,9,64.9,month-to-month,fibre,no,no,yes,no,card,1,no,yes,1,0,0,51,no,islands,yes
T01123,7,95.7,two-year,fibre,yes,yes,no,no,e-check,0,no,yes,1,1,0,54,yes,islands,no
T00237,66,50.9,month-to-month,none,no,no,no,yes,card,0,yes,yes,2,1,0,34,yes,islands,yes
T06184,8,30.9,month-to-month,fibre,yes,no,no,no,bank transfer,0,no,no,2,1,0,97,no,north,yes
T02990,1,78.5,two-year,fibre,no,no,no,yes,bank transfer,1,no,no,1,1,0,147,no,south,no
T02754,32,42.1,month-to-month,dsl,yes,no,no,no,bank transfer,0,no,no,0,0,1,58,no,islands,no
T03567,71,50.7,two-year,none,no,no,no,no,e-check,0,no,yes,2,1,2,86,no,south,no
T04565,21,33.6,month-to-month,dsl,yes,no,yes,yes,e-check,0,yes,no,2,1,0,14,no,islands,no
T00122,25,59.2,month-to-month,fibre,yes,no,yes,yes,bank transfer,0,no,yes,2,0,0,17,no,centre,yes
T00497,58,74.6,month-to-month,fibre,yes,yes,no,yes,mailed check,0,yes,no,2,0,1,139,no,south,no
T01614,11,65.5,month-to-month,dsl,no,no,no,no,bank transfer,0,yes,no,2,0,0,45,yes,islands,no
T01216,17,49.7,month-to-month,none,yes,no,yes,no,bank transfer,1,no,no,2,1,1,48,no,south,no
T05627,32,82.9,month-to-month,none,yes,yes,yes,yes,mailed check,0,yes,no,1,2,0,42,no,north,no
T04201,26,29.5,month-to-month,dsl,no,no,no,no,mailed check,0,no,no,1,1,2,110,no,north,yes
T03155,22,86.9,month-to-month,fibre,no,no,yes,no,card,0,yes,no,0,0,1,44,no,centre,yes
T02030,5,60.7,one-year,fibre,no,no,yes,yes,mailed check,0,yes,no,2,0,0,83,no,islands,yes
T05873,9,28.6,month-to-month,dsl,no,yes,no,yes,card,1,yes,no,1,1,0,51,yes,north,no
T04091,13,60.7,month-to-month,dsl,no,no,no,no,bank transfer,0,yes,no,2,0,1,11,no,centre,no
T01138,46,53.2,two-year,fibre,no,no,no,yes,mailed check,0,no,no,2,1,1,65,no,islands,no
T03626,1,77.8,two-year,none,yes,no,no,no,bank transfer,0,yes,no,1,0,0,42,no,north,no
T04240,1,86.1,month-to-month,fibre,no,yes,no,yes,e-check,0,no,no,2,5,1,156,no,islands,yes
T03964,4,53.3,one-year,fibre,no,no,no,yes,e-check,0,yes,yes,2,2,2,20,no,north,no
T02244,13,35.1,one-year,none,no,no,no,yes,e-check,0,yes,yes,3,4,1,165,yes,north,yes
T03433,11,33.9,two-year,dsl,no,yes,no,yes,card,0,yes,yes,2,1,0,169,no,south,no
T01047,39,65.3,two-year,fibre,no,yes,yes,no,bank transfer,0,no,yes,0,2,0,122,no,south,no
T05245,14,68.4,month-to-month,dsl,yes,no,no,yes,card,0,no,yes,1,1,0,202,no,islands,no
T02667,37,94.7,one-year,fibre,no,no,yes,no,mailed check,0,yes,no,1,1,0,141,no,islands,no
T04015,87,47.6,one-year,none,yes,no,yes,yes,bank transfer,0,no,yes,2,0,1,61,no,north,no
T06601,39,48.6,two-year,none,no,no,no,no,mailed check,1,yes,no,1,0,1,52,no,centre,no
T06781,29,33.2,month-to-month,fibre,no,yes,yes,no,mailed check,0,yes,no,1,1,1,64,no,north,yes
T01295,1,82.9,month-to-month,fibre,no,no,yes,no,card,0,yes,no,2,0,1,35,no,islands,no
T00394,6,85.6,month-to-month,dsl,no,no,no,yes,mailed check,0,yes,no,2,1,0,37,no,centre,no
T03981,7,100.1,two-year,none,yes,no,no,yes,bank transfer,0,no,no,1,1,0,63,no,north,no
T02486,7,27.5,one-year,fibre,no,no,yes,yes,bank transfer,1,no,no,1,1,0,14,no,north,no
T03357,14,89.7,month-to-month,fibre,no,no,yes,no,mailed check,0,yes,no,1,1,0,61,yes,islands,yes
T00269,17,31.3,two-year,dsl,no,yes,no,yes,e-check,0,yes,no,1,0,1,30,no,south,no
T05788,77,93.2,month-to-month,dsl,no,yes,no,yes,card,1,no,no,2,0,1,66,no,islands,no
T02569,91,89.5,month-to-month,fibre,yes,no,no,yes,bank transfer,0,yes,no,3,2,1,102,no,centre,yes
T05564,40,91.4,month-to-month,dsl,no,no,yes,no,mailed check,1,no,no,1,2,0,27,no,centre,yes
T03948,67,43.8,month-to-month,none,yes,no,no,yes,bank transfer,1,yes,no,2,2,0,99,no,north,no
T00338,79,30.6,month-to-month,dsl,yes,no,yes,no,e-check,0,yes,no,3,1,1,45,no,south,no
T01731,86,65.9,month-to-month,fibre,yes,no,yes,no,mailed check,0,no,yes,2,1,0,50,no,islands,no
T04819,20,99,month-to-month,fibre,no,no,yes,yes,e-check,0,no,no,0,2,2,47,yes,north,yes
T06935,1,92,two-year,dsl,no,yes,no,no,e-check,1,no,yes,1,1,0,79,yes,islands,no
T01851,32,52.7,two-year,dsl,no,no,yes,no,e-check,0,no,no,1,0,0,62,yes,centre,no
T04964,25,81.8,month-to-month,none,yes,yes,yes,no,e-check,0,yes,no,0,1,0,42,no,islands,yes
T05732,23,64.8,one-year,dsl,no,no,yes,yes,mailed check,0,yes,no,3,1,0,79,no,centre,no
T00957,4,35.3,one-year,dsl,yes,no,yes,yes,e-check,0,yes,yes,3,0,0,103,no,centre,no
T03204,16,80.7,month-to-month,dsl,no,yes,no,yes,e-check,0,no,yes,1,0,2,60,no,south,yes
T01274,49,83,month-to-month,dsl,yes,yes,no,yes,mailed check,0,yes,no,1,0,0,33,no,south,no
T01959,2,73.2,month-to-month,dsl,no,no,yes,no,e-check,1,no,no,1,0,1,62,yes,islands,yes
T02711,3,47.4,one-year,none,yes,yes,no,no,e-check,0,yes,yes,0,0,0,96,no,islands,no
T04330,10,82.2,one-year,fibre,yes,no,no,no,card,0,yes,yes,1,1,0,44,no,south,no
T06603,84,61.9,two-year,fibre,yes,yes,yes,no,e-check,0,no,no,1,1,2,20,no,south,no
T04019,36,37.6,month-to-month,fibre,yes,no,yes,yes,e-check,0,yes,yes,0,1,1,61,yes,centre,no
T00299,7,73.2,month-to-month,none,no,yes,no,no,e-check,0,no,no,1,1,0,36,yes,islands,no
T02456,9,100.2,month-to-month,fibre,yes,yes,yes,no,e-check,0,no,no,1,1,2,92,no,south,yes
T01621,13,63,two-year,dsl,no,no,yes,yes,e-check,0,no,no,1,0,2,24,yes,south,no
T04884,50,49.1,two-year,fibre,yes,no,no,yes,card,0,no,no,1,0,0,82,no,south,no
T04532,23,21.6,one-year,fibre,no,yes,no,yes,bank transfer,0,yes,no,1,0,0,105,yes,north,no
T01395,12,60.4,month-to-month,fibre,no,yes,no,yes,e-check,0,no,no,1,0,0,21,no,islands,no
T02913,54,101.8,two-year,fibre,no,yes,no,no,bank transfer,1,yes,no,1,1,0,195,no,centre,no
T02542,63,42.2,one-year,none,no,yes,yes,no,bank transfer,0,no,yes,1,0,0,194,no,north,no
T02255,65,46.3,month-to-month,fibre,no,no,yes,no,card,0,no,yes,1,1,0,218,no,centre,no
T03564,3,26.8,one-year,fibre,yes,no,no,no,e-check,0,yes,yes,2,1,1,62,no,islands,no
T00493,27,101,month-to-month,fibre,no,no,no,yes,e-check,0,no,no,1,0,1,29,no,south,no
T05320,29,68.9,month-to-month,fibre,yes,no,no,yes,mailed check,1,no,no,1,0,1,126,yes,islands,yes
T05217,39,93.6,month-to-month,fibre,yes,yes,no,yes,mailed check,0,yes,no,0,1,2,18,no,islands,yes
T03394,6,52.2,one-year,none,yes,no,no,yes,card,0,no,yes,2,0,0,67,no,north,no
T02291,3,41.1,month-to-month,dsl,yes,no,no,no,mailed check,0,yes,no,1,3,0,74,no,north,yes
T06931,4,25.3,month-to-month,dsl,no,yes,no,no,card,0,no,no,2,1,0,93,no,centre,no
T05641,36,67.2,month-to-month,dsl,no,no,no,no,card,0,no,no,3,0,0,191,no,north,no
T01837,25,25.7,month-to-month,dsl,yes,yes,yes,yes,e-check,0,no,no,1,1,0,200,no,north,no
T02995,23,64.6,month-to-month,fibre,no,no,no,yes,card,0,no,no,2,1,1,64,no,centre,no
T03046,24,48.1,month-to-month,dsl,no,yes,yes,no,card,0,no,yes,1,0,0,47,no,centre,no
T04024,59,35.5,two-year,dsl,no,yes,yes,yes,e-check,0,yes,no,2,2,2,60,no,centre,no
T02421,10,50.4,month-to-month,dsl,no,no,no,no,card,0,yes,yes,2,1,0,97,no,islands,yes
T01376,18,83.9,month-to-month,fibre,no,no,no,yes,card,1,yes,no,1,0,0,121,no,centre,no
T02753,15,64.4,month-to-month,none,no,no,no,no,e-check,0,no,yes,1,2,0,152,no,north,yes
T06788,50,97.6,month-to-month,fibre,no,yes,no,yes,bank transfer,0,yes,no,3,0,1,93,no,north,no
T04331,12,94.2,one-year,dsl,no,no,no,no,e-check,1,yes,yes,0,0,1,123,no,north,yes
T01073,4,84.9,month-to-month,dsl,no,yes,no,no,card,1,no,no,2,0,2,181,no,centre,yes
T04556,27,51.1,month-to-month,dsl,no,yes,yes,no,card,0,yes,no,1,0,0,37,no,centre,no
T05460,78,48.6,one-year,none,yes,yes,yes,yes,e-check,0,no,no,2,2,0,63,no,south,no
T01526,67,86.7,one-year,dsl,yes,no,yes,no,bank transfer,0,yes,no,1,2,0,68,yes,centre,no
T00215,2,51.3,two-year,none,no,yes,yes,no,card,0,no,no,2,0,1,99,no,centre,no
T03561,5,50.3,two-year,none,no,no,yes,no,bank transfer,0,no,yes,2,0,0,69,no,north,no
T04488,12,54.4,month-to-month,none,yes,no,no,no,bank transfer,0,no,yes,2,0,0,140,no,islands,yes
T04138,7,39.3,one-year,fibre,yes,no,no,no,bank transfer,0,yes,no,1,1,0,26,yes,centre,no
T06270,10,52,month-to-month,dsl,no,no,yes,yes,bank transfer,0,no,yes,0,2,1,174,no,north,yes
T04644,1,32.5,month-to-month,fibre,no,no,yes,yes,card,0,yes,no,1,1,0,87,yes,islands,no
T06776,36,109.6,month-to-month,fibre,no,yes,yes,yes,card,0,no,yes,1,0,1,192,no,islands,yes
T01452,62,91.6,two-year,fibre,no,no,no,yes,card,0,yes,no,1,2,1,18,no,centre,no
T06565,33,71.3,two-year,dsl,yes,yes,no,yes,bank transfer,0,yes,no,2,2,0,156,no,centre,no
T03927,36,60.6,one-year,dsl,no,yes,yes,no,card,0,no,no,1,0,0,62,no,centre,no
T02534,33,99.9,month-to-month,dsl,no,no,no,no,e-check,0,no,yes,1,1,0,156,no,south,no
T06203,22,105.7,month-to-month,dsl,no,no,yes,no,card,1,yes,no,2,0,0,112,no,north,no
T02324,90,67.4,month-to-month,fibre,no,no,yes,yes,mailed check,0,no,no,0,0,1,51,no,centre,no
T02842,44,71.4,month-to-month,fibre,no,yes,no,yes,card,0,yes,no,1,1,1,118,no,south,no
T03874,22,100.5,two-year,fibre,yes,no,yes,yes,e-check,0,yes,no,2,2,0,83,no,centre,no
T01058,11,56.1,month-to-month,dsl,yes,no,no,yes,card,0,yes,no,1,0,3,32,no,centre,no
T06309,12,71.3,two-year,dsl,no,yes,yes,yes,bank transfer,0,no,no,1,0,1,108,no,centre,no
T05561,18,37.8,month-to-month,dsl,no,no,no,yes,card,1,no,yes,0,2,2,177,no,centre,no
T03052,6,40.3,month-to-month,fibre,yes,yes,yes,no,bank transfer,1,yes,no,0,1,0,80,no,islands,yes
T02441,29,44.7,month-to-month,dsl,yes,no,yes,yes,card,0,no,no,1,0,1,15,no,islands,no
T06681,7,45.9,month-to-month,fibre,yes,yes,yes,no,card,0,no,no,2,2,0,60,yes,north,no
T01229,34,48.1,month-to-month,dsl,yes,no,yes,no,bank transfer,1,yes,no,1,2,0,98,no,centre,no
T06254,97,82.5,one-year,none,no,no,no,no,e-check,0,no,no,1,1,1,69,no,south,yes
T01103,4,63.5,one-year,fibre,no,yes,yes,yes,mailed check,1,yes,no,3,1,0,77,yes,south,no
T05721,108,23.9,one-year,fibre,no,no,yes,no,bank transfer,0,yes,no,3,1,1,64,no,south,no
T00964,28,35.6,month-to-month,dsl,yes,yes,no,no,bank transfer,0,yes,no,1,0,0,80,no,centre,no
T00064,4,66.1,month-to-month,dsl,no,yes,yes,no,bank transfer,1,no,yes,2,1,2,156,no,south,no
T04054,2,73,month-to-month,fibre,no,yes,yes,yes,bank transfer,0,yes,no,3,1,1,122,no,north,yes
T03069,33,56.5,one-year,fibre,no,yes,yes,no,card,0,yes,yes,1,0,2,88,no,south,no
T01846,1,83.2,two-year,dsl,no,no,no,no,mailed check,1,no,no,1,0,0,115,no,south,no
T05585,25,75.3,month-to-month,none,no,no,no,yes,mailed check,0,no,yes,2,0,2,53,no,north,yes
T01414,14,78.4,two-year,none,no,no,no,yes,mailed check,0,yes,no,1,1,1,84,yes,centre,no
T05951,42,37.5,one-year,fibre,no,no,no,no,e-check,0,yes,no,1,2,0,44,no,north,yes
T05058,33,91.7,month-to-month,none,yes,yes,yes,no,bank transfer,0,no,no,1,0,1,25,yes,north,yes
T04412,3,25.1,month-to-month,dsl,yes,no,no,yes,card,0,no,no,1,0,0,55,yes,north,no
T05946,1,24.2,one-year,fibre,no,yes,yes,yes,bank transfer,0,yes,yes,2,0,1,47,yes,north,no
T02704,11,96.6,one-year,fibre,no,yes,no,yes,bank transfer,1,yes,yes,2,1,1,170,yes,centre,no
T02623,12,28,month-to-month,fibre,no,no,yes,yes,e-check,0,no,no,1,1,0,91,no,centre,yes
T03173,21,108.9,two-year,dsl,no,no,yes,no,bank transfer,0,yes,yes,0,1,0,56,no,north,no
T04871,5,62.7,month-to-month,none,yes,no,yes,no,mailed check,1,yes,no,0,0,0,102,no,centre,no
T02333,7,85.3,month-to-month,dsl,yes,no,no,yes,mailed check,0,no,no,1,1,0,30,yes,north,yes
T04077,46,31.4,month-to-month,fibre,yes,no,no,yes,bank transfer,0,yes,yes,0,0,1,73,no,islands,no
T02883,10,90.1,month-to-month,dsl,no,yes,yes,no,card,0,no,no,1,0,1,26,no,north,no
T03912,2,109.3,month-to-month,fibre,yes,yes,no,yes,bank transfer,0,no,yes,2,1,1,55,no,south,yes
T04544,11,73,month-to-month,none,yes,no,yes,yes,bank transfer,0,no,no,1,1,1,79,no,islands,yes
T04362,38,52.2,month-to-month,fibre,no,no,no,yes,e-check,0,yes,no,2,2,1,50,no,north,yes
T04984,21,90.5,two-year,dsl,no,yes,no,yes,bank transfer,0,no,yes,3,3,0,85,yes,islands,no
T01022,16,40,month-to-month,fibre,no,no,no,yes,bank transfer,0,yes,no,0,0,1,70,no,north,no
T00174,8,79.3,month-to-month,dsl,no,no,yes,no,card,0,no,no,1,0,1,117,no,islands,yes
T02809,24,81.6,month-to-month,dsl,no,yes,no,no,card,0,yes,no,3,1,2,160,no,islands,yes
T05861,3,57.5,month-to-month,fibre,no,no,no,no,e-check,0,yes,no,2,0,1,67,no,north,yes
T04063,36,78,month-to-month,fibre,no,no,yes,yes,card,1,no,yes,1,0,0,253,no,north,yes
T00219,12,93.5,month-to-month,fibre,no,yes,yes,no,bank transfer,0,no,yes,0,0,2,82,no,centre,yes
T01458,6,109,one-year,dsl,yes,yes,yes,no,card,0,yes,no,2,0,1,45,no,north,no
T01182,2,88.7,one-year,fibre,yes,no,no,no,e-check,1,no,no,3,0,1,173,yes,north,no
T06553,54,39.1,month-to-month,dsl,no,yes,yes,no,mailed check,0,no,no,1,0,1,188,no,centre,no
T04034,3,81.7,one-year,dsl,yes,yes,no,no,mailed check,0,no,no,1,0,0,74,no,centre,no
T02129,40,102.7,month-to-month,dsl,no,no,no,no,mailed check,1,yes,yes,3,0,0,38,yes,islands,no
T02416,1,48.3,month-to-month,fibre,yes,no,no,yes,mailed check,0,yes,no,1,2,0,35,no,islands,yes
T05220,20,51.5,two-year,dsl,yes,no,yes,yes,mailed check,0,no,no,1,1,0,214,no,centre,no
T00568,26,57.8,two-year,fibre,no,no,no,no,mailed check,0,no,no,2,1,0,39,no,south,no
T00933,17,55.7,two-year,fibre,no,no,no,no,card,0,yes,no,2,0,0,85,yes,islands,no
T04005,92,55.6,month-to-month,fibre,no,no,yes,yes,bank transfer,0,yes,no,2,0,2,86,no,south,no
T03580,9,90.1,month-to-month,fibre,yes,no,no,no,mailed check,0,yes,no,1,1,0,57,no,islands,yes
T00256,28,35,one-year,dsl,no,no,yes,yes,card,0,yes,no,1,3,1,151,yes,islands,no
T05160,33,31.6,month-to-month,dsl,no,no,no,yes,bank transfer,1,no,no,1,0,0,200,no,south,no
T00434,13,49.4,month-to-month,dsl,no,no,no,yes,mailed check,0,no,no,2,2,0,65,no,north,no
T00281,98,45.9,two-year,fibre,yes,no,no,yes,bank transfer,0,no,yes,1,2,0,48,yes,centre,no
T02828,32,59.2,two-year,fibre,no,yes,yes,yes,mailed check,0,yes,no,3,0,0,15,yes,centre,no
T06218,4,92.5,month-to-month,none,yes,no,no,no,bank transfer,0,no,no,2,2,0,1,no,centre,no
T02437,5,68.8,two-year,none,no,no,yes,no,card,0,no,no,1,0,2,29,no,centre,no
T03304,14,27.7,month-to-month,dsl,no,no,yes,yes,card,0,yes,no,1,0,0,123,no,north,no
T05244,101,29.4,month-to-month,none,no,no,no,yes,bank transfer,0,yes,yes,1,1,0,23,no,north,no
T01132,24,56.4,one-year,fibre,yes,no,yes,no,card,0,no,no,1,2,0,75,yes,south,no
T06785,8,107.2,one-year,none,yes,yes,no,yes,mailed check,1,yes,no,3,0,1,105,no,south,no
T06262,23,25.5,month-to-month,fibre,no,yes,no,yes,card,0,no,no,2,0,0,40,yes,south,no
T06890,15,61.5,month-to-month,none,no,no,yes,no,mailed check,0,no,no,1,0,0,23,no,centre,yes
T04652,14,66.9,month-to-month,fibre,no,yes,no,yes,mailed check,0,no,no,1,0,1,22,no,islands,no
T04816,5,30.3,two-year,fibre,no,no,yes,yes,e-check,1,no,no,2,1,1,28,no,centre,no
T04281,46,79.9,month-to-month,dsl,no,yes,yes,no,card,0,no,yes,0,0,1,70,yes,centre,no
T05800,9,103,month-to-month,fibre,no,yes,no,no,e-check,0,no,yes,0,1,2,33,yes,south,yes
T02814,55,36.9,one-year,none,yes,no,yes,no,card,0,no,yes,2,2,0,23,no,south,no
T05262,74,101.8,one-year,fibre,no,yes,no,yes,card,1,no,no,1,1,0,51,yes,north,no
T03384,41,94.1,one-year,fibre,yes,no,no,yes,e-check,0,yes,no,2,0,0,71,no,south,no
T01628,36,97.8,one-year,dsl,no,yes,yes,no,bank transfer,0,yes,no,0,1,0,34,no,islands,no
T02404,19,62.9,month-to-month,dsl,no,no,no,yes,card,0,no,no,0,0,1,179,no,centre,no
T00138,47,78.5,month-to-month,dsl,yes,yes,no,no,card,0,no,no,2,0,1,24,no,islands,no
T00322,240,85.1,one-year,fibre,no,no,yes,no,card,0,yes,no,1,1,0,75,yes,south,yes
T02221,49,102.9,month-to-month,dsl,no,yes,yes,no,e-check,0,no,no,2,1,0,146,no,islands,no
T00070,15,57.5,month-to-month,fibre,no,no,no,no,mailed check,1,yes,yes,1,3,0,129,yes,islands,yes
T04755,11,86.6,one-year,dsl,yes,no,no,yes,mailed check,1,no,no,0,0,0,40,no,south,no
T05555,24,28.1,month-to-month,fibre,no,yes,no,no,mailed check,0,yes,no,2,1,0,107,yes,south,no
T02122,16,52.6,month-to-month,fibre,no,no,yes,yes,card,0,yes,no,1,1,0,3,no,south,no
T03832,43,93.8,month-to-month,none,yes,no,no,yes,e-check,1,yes,no,3,0,0,41,no,south,yes
T01437,26,28.4,month-to-month,fibre,yes,yes,yes,yes,mailed check,0,yes,no,2,1,2,38,no,centre,no
T01584,19,81.4,two-year,fibre,yes,yes,yes,yes,e-check,1,yes,no,1,0,0,63,yes,islands,no
T02282,1,74,one-year,dsl,yes,yes,no,yes,e-check,1,yes,no,1,0,1,136,no,south,no
T04797,8,25.6,one-year,dsl,yes,no,yes,no,bank transfer,1,no,no,1,1,0,76,no,islands,no
T01033,26,95.2,two-year,dsl,no,no,no,no,e-check,0,yes,no,1,0,0,42,no,south,no
T04338,2,35.1,one-year,fibre,no,yes,no,no,mailed check,0,yes,no,1,0,1,16,no,south,no
T05537,70,64.2,month-to-month,fibre,no,no,yes,yes,bank transfer,0,no,no,0,0,0,69,yes,north,no
T03468,10,39.5,month-to-month,none,yes,no,no,yes,bank transfer,0,yes,yes,1,3,1,81,yes,centre,yes
T04860,31,85.2,month-to-month,fibre,no,no,no,yes,e-check,0,yes,no,2,1,0,33,no,centre,no
T06128,41,79.3,one-year,fibre,no,no,no,yes,mailed check,0,yes,yes,2,0,1,109,no,centre,no
T02661,27,20,month-to-month,fibre,yes,yes,no,yes,bank transfer,0,no,yes,1,0,0,93,no,centre,no
T06492,20,68.6,one-year,fibre,no,no,yes,yes,e-check,0,yes,yes,1,1,0,129,yes,centre,no
T06377,40,95.4,month-to-month,fibre,no,yes,yes,yes,mailed check,0,no,no,1,0,0,12,no,centre,no
T05354,15,95.2,month-to-month,fibre,yes,no,no,no,card,0,yes,no,2,0,1,20,no,islands,no
T04711,6,85.5,month-to-month,dsl,no,no,yes,yes,card,0,no,no,1,1,1,102,no,north,yes
T01498,14,28,month-to-month,dsl,yes,no,yes,yes,bank transfer,1,no,yes,2,0,0,9,no,south,no
T04928,14,39.9,month-to-month,dsl,no,no,no,yes,e-check,0,yes,no,2,0,0,59,no,centre,no
T05746,11,24.1,month-to-month,dsl,no,no,no,no,mailed check,0,no,no,1,4,0,105,yes,north,no
T01629,31,43.1,month-to-month,dsl,no,no,yes,yes,card,0,yes,no,1,1,1,27,yes,centre,yes
T06822,7,99,month-to-month,fibre,yes,yes,no,yes,card,0,no,no,2,1,0,34,yes,south,no
T05052,1,66.2,month-to-month,dsl,yes,no,no,yes,e-check,0,yes,no,2,0,1,102,yes,south,no
T06206,12,96.1,one-year,dsl,no,yes,yes,no,e-check,0,no,no,3,0,0,101,no,south,no
T03654,61,91.8,month-to-month,none,no,no,yes,yes,bank transfer,0,no,no,2,1,0,112,no,islands,yes
T06848,1,28.4,month-to-month,fibre,yes,yes,yes,yes,bank transfer,0,yes,no,1,1,0,41,no,centre,no
T00144,23,64.4,one-year,fibre,no,no,no,yes,e-check,0,no,yes,2,3,0,258,no,centre,yes
T06522,1,29.5,two-year,fibre,no,no,yes,no,card,0,no,no,2,0,0,49,yes,islands,no
T04645,28,53.5,one-year,dsl,no,no,no,yes,card,0,no,no,1,1,1,45,yes,centre,no
T06939,27,35.1,one-year,fibre,no,no,yes,no,e-check,0,no,no,3,0,1,121,yes,islands,yes
T02896,9,51,two-year,fibre,no,yes,yes,no,e-check,0,yes,no,0,0,0,54,no,islands,no
T06975,141,77.7,month-to-month,fibre,no,yes,yes,no,mailed check,0,no,yes,1,1,1,219,no,centre,no
T01418,3,22.4,one-year,dsl,no,no,yes,yes,bank transfer,0,yes,no,2,1,1,67,no,north,no
T03064,134,52.4,two-year,dsl,no,no,no,yes,bank transfer,0,yes,yes,1,0,0,42,no,islands,no
T02121,23,28.4,one-year,fibre,yes,no,yes,no,bank transfer,0,yes,no,3,2,0,48,no,centre,no
T03972,51,69.8,month-to-month,fibre,no,yes,yes,no,card,0,no,no,1,0,0,46,no,centre,no
T03621,84,43.1,one-year,none,no,yes,yes,yes,bank transfer,1,yes,no,1,1,1,340,no,islands,no
T05562,15,91.6,month-to-month,dsl,yes,no,yes,yes,e-check,0,yes,no,1,0,1,162,yes,centre,no
T06483,16,40.8,one-year,fibre,no,no,yes,no,bank transfer,1,yes,yes,0,1,1,82,no,south,no
T06589,36,21.9,month-to-month,fibre,no,yes,yes,yes,card,0,no,no,2,0,1,255,no,islands,yes
T02797,32,60.8,one-year,none,yes,yes,yes,no,card,0,no,no,1,2,0,67,no,north,no
T04060,69,24.4,one-year,fibre,no,yes,no,no,card,0,no,yes,3,0,0,20,yes,south,no
T06750,27,24.1,two-year,dsl,no,yes,yes,no,e-check,1,yes,yes,2,0,0,161,yes,centre,no
T05669,54,48.7,one-year,none,no,no,no,yes,card,0,no,yes,0,0,0,68,no,centre,no
T03725,2,106.9,month-to-month,dsl,yes,no,yes,no,mailed check,0,yes,no,1,3,0,143,yes,south,yes
T00865,22,78.2,one-year,dsl,no,no,yes,yes,e-check,0,no,yes,3,1,0,30,no,centre,no
T05290,4,74.7,month-to-month,none,yes,no,yes,yes,bank transfer,0,yes,no,2,1,1,27,yes,centre,yes
T01669,33,57.8,one-year,fibre,no,yes,no,no,e-check,0,no,no,3,0,1,70,no,north,no
T03029,14,43.3,one-year,fibre,no,no,no,no,bank transfer,0,no,no,1,0,0,9,no,south,no
T05450,15,42,month-to-month,fibre,no,yes,yes,yes,bank transfer,0,no,no,1,0,1,83,no,south,no
T04475,28,98.8,month-to-month,fibre,no,no,no,no,bank transfer,1,yes,no,1,0,0,30,no,islands,yes
T02611,87,82.3,month-to-month,fibre,yes,yes,no,no,card,0,yes,no,1,0,0,20,no,centre,no
T00775,56,92,one-year,fibre,no,no,yes,no,e-check,0,yes,no,2,1,0,50,no,centre,no
T05404,20,63.9,one-year,fibre,yes,no,no,yes,card,0,yes,yes,1,0,0,69,no,north,no
T05119,10,72.6,month-to-month,fibre,no,yes,yes,no,card,1,yes,no,2,0,0,28,yes,north,no
T03221,29,31.8,month-to-month,fibre,no,yes,yes,no,card,1,yes,no,1,1,0,87,no,islands,no
T03152,19,68.9,one-year,fibre,yes,yes,yes,no,card,0,yes,no,3,0,1,50,no,centre,no
T05748,5,80.1,one-year,none,no,yes,no,no,e-check,0,yes,no,0,1,0,131,no,islands,no
T02032,4,52.4,two-year,fibre,no,no,yes,yes,e-check,0,no,no,2,0,1,131,yes,centre,no
T05917,35,35.9,one-year,dsl,yes,no,yes,yes,card,0,yes,yes,2,0,0,105,no,centre,no
T06546,6,68.4,one-year,dsl,yes,yes,yes,yes,card,0,yes,no,3,0,0,51,yes,south,yes
T02455,37,96.5,one-year,dsl,yes,no,no,yes,bank transfer,0,yes,no,2,2,1,47,no,north,no
T00814,145,66.8,one-year,fibre,no,no,yes,no,mailed check,1,yes,no,2,2,1,73,yes,north,no
T01585,20,92.4,month-to-month,dsl,no,no,yes,no,card,0,yes,no,2,1,0,32,no,south,no
T01610,11,41.6,month-to-month,dsl,no,no,yes,yes,bank transfer,0,yes,yes,3,0,3,65,no,centre,yes
T04724,50,102.2,month-to-month,dsl,no,no,yes,yes,bank transfer,1,no,no,1,0,0,42,no,north,no
T03641,21,103.1,two-year,dsl,no,no,no,no,mailed check,0,no,no,0,0,0,40,no,south,no
T05716,27,21.4,two-year,fibre,no,yes,no,no,mailed check,0,yes,no,0,0,0,72,no,north,no
T04575,6,71,two-year,none,yes,no,no,no,mailed check,0,yes,no,1,0,0,45,no,south,no
T01046,22,37.9,month-to-month,dsl,no,no,no,yes,e-check,0,yes,no,1,0,0,65,yes,islands,no
T02530,1,54.5,month-to-month,fibre,no,yes,yes,no,e-check,0,yes,no,1,2,1,69,no,centre,yes
T01693,44,46.7,one-year,dsl,no,no,yes,yes,e-check,1,no,no,1,0,1,86,no,north,no
T00509,11,95.1,month-to-month,dsl,no,yes,no,no,card,0,no,no,1,0,0,29,no,centre,yes
T01806,64,69,month-to-month,none,no,no,no,no,e-check,0,no,yes,1,0,0,111,no,centre,yes
T02409,36,55.9,two-year,dsl,no,no,no,no,card,1,no,no,1,1,1,28,yes,north,no
T00232,31,77.1,month-to-month,fibre,no,no,yes,yes,card,0,yes,no,1,1,0,42,no,centre,yes
T00817,3,100.2,one-year,dsl,no,no,yes,no,mailed check,1,yes,no,2,0,0,72,no,south,yes
T01728,13,30.7,month-to-month,dsl,no,no,yes,yes,mailed check,1,no,yes,1,0,1,223,no,islands,yes
T00063,50,60.8,one-year,fibre,yes,no,yes,no,e-check,0,no,no,2,0,0,34,no,north,no
T00274,13,94.1,month-to-month,fibre,no,no,yes,yes,mailed check,0,no,yes,1,0,1,25,no,north,yes
T02737,39,50,month-to-month,fibre,yes,no,no,no,e-check,0,no,no,2,1,0,75,no,islands,yes
T01618,62,40.4,month-to-month,fibre,yes,no,no,yes,e-check,1,yes,no,0,1,0,39,no,centre,yes
T01396,52,30,one-year,dsl,yes,no,yes,no,e-check,0,yes,yes,1,0,0,10,no,centre,no
T04469,43,57.9,month-to-month,fibre,no,yes,yes,no,bank transfer,1,no,no,0,0,0,40,no,south,no
T03333,19,103.1,month-to-month,dsl,no,no,no,yes,card,0,yes,no,0,2,1,139,no,islands,yes
T02120,126,63.6,two-year,fibre,no,yes,no,no,e-check,0,yes,yes,1,3,0,12,no,islands,no
T06789,10,33.2,month-to-month,dsl,no,yes,no,no,mailed check,0,yes,no,0,0,1,42,no,islands,no
T03111,59,62.6,month-to-month,fibre,no,no,no,yes,bank transfer,0,no,no,1,1,0,32,no,centre,no
T02867,35,20.4,month-to-month,fibre,yes,no,yes,yes,mailed check,0,no,no,1,0,0,320,yes,islands,no
T06766,2,51.3,one-year,dsl,yes,yes,no,yes,card,0,yes,no,0,0,1,55,yes,south,yes
T03700,5,56.6,month-to-month,fibre,no,no,yes,yes,bank transfer,0,no,yes,1,1,1,106,no,islands,yes
T03549,18,31.3,month-to-month,fibre,no,yes,no,no,e-check,0,no,yes,1,0,0,64,no,centre,no
T01241,148,91.9,month-to-month,dsl,no,yes,no,no,bank transfer,1,no,no,2,0,0,87,no,centre,no
T02829,23,74.4,month-to-month,fibre,yes,yes,yes,no,bank transfer,0,no,no,2,1,0,18,no,north,yes
T03483,1,77.5,month-to-month,fibre,yes,no,no,yes,card,0,yes,no,1,0,0,21,no,centre,no
T06353,9,98.8,month-to-month,dsl,yes,yes,yes,no,bank transfer,0,no,no,1,0,0,62,yes,north,yes
T00761,3,52.2,month-to-month,none,yes,yes,yes,yes,mailed check,0,no,no,1,1,1,166,no,centre,no
T02612,42,77.7,month-to-month,fibre,yes,yes,yes,yes,mailed check,0,yes,yes,1,1,1,64,yes,centre,no
T03090,29,59.1,one-year,dsl,no,no,no,yes,bank transfer,0,yes,no,2,1,1,91,yes,south,no
T02371,88,57.9,month-to-month,fibre,no,no,no,yes,bank transfer,0,no,no,1,0,0,249,no,north,no
T04389,85,93.7,two-year,none,no,yes,no,yes,mailed check,0,yes,no,0,0,0,8,yes,north,no
T01315,40,68.8,month-to-month,fibre,no,no,no,yes,mailed check,0,yes,no,1,0,1,19,no,south,no
T04900,5,99.2,one-year,dsl,no,no,no,no,mailed check,0,yes,no,0,0,0,93,no,north,no
T04812,7,68.8,one-year,none,yes,no,yes,no,mailed check,0,no,no,0,0,0,8,yes,south,no
T00556,21,35.2,month-to-month,dsl,yes,no,no,yes,card,0,no,no,2,0,0,124,no,south,no
T04786,15,60.1,two-year,dsl,no,yes,no,yes,card,0,yes,no,3,2,0,8,no,centre,no
T00060,7,71.6,month-to-month,dsl,no,yes,yes,no,card,0,no,no,2,1,0,243,no,south,no
T06238,2,101.3,month-to-month,dsl,no,yes,yes,yes,e-check,0,yes,no,1,0,0,89,yes,centre,no
T01885,13,99.5,one-year,dsl,yes,yes,no,no,e-check,0,no,no,3,1,0,28,yes,islands,no
T02599,64,89.9,one-year,fibre,yes,yes,yes,no,bank transfer,0,yes,no,2,1,0,29,no,islands,no
T01215,2,50.3,month-to-month,none,no,yes,yes,no,bank transfer,0,yes,no,2,3,1,343,yes,south,yes
T06207,1,51.9,one-year,dsl,no,no,no,yes,e-check,0,yes,no,2,1,0,80,yes,north,no
T00805,1,97.2,month-to-month,dsl,yes,yes,no,yes,card,0,yes,yes,1,2,1,120,no,islands,no
T05783,3,77,two-year,fibre,no,yes,yes,yes,e-check,0,no,no,1,1,1,205,no,islands,yes
T02565,41,56.4,month-to-month,dsl,no,yes,no,no,e-check,0,no,yes,1,0,0,55,no,north,no
T06287,10,50.2,one-year,fibre,no,yes,no,yes,e-check,0,no,no,1,2,0,97,no,centre,no
T02023,49,37.9,month-to-month,dsl,no,no,yes,yes,bank transfer,0,no,no,2,0,0,59,no,north,no
T05458,13,109.1,one-year,fibre,yes,no,yes,yes,card,1,no,no,0,0,0,127,no,south,no
T04176,40,109.7,month-to-month,fibre,no,no,no,no,e-check,0,yes,no,1,1,1,26,no,south,no
T06239,6,104,month-to-month,none,no,no,yes,no,mailed check,0,no,no,3,0,1,92,no,islands,yes
T06146,7,66.7,month-to-month,fibre,no,yes,no,yes,e-check,1,no,yes,2,0,1,152,no,centre,no
T05569,17,46.2,month-to-month,fibre,no,yes,no,yes,bank transfer,1,yes,yes,3,0,2,122,no,islands,yes
T00815,10,43.4,month-to-month,dsl,no,yes,yes,no,e-check,0,yes,no,0,1,0,48,no,north,no
T00292,36,87.6,two-year,fibre,yes,yes,yes,no,mailed check,0,no,no,1,2,0,62,no,islands,no
T03174,2,65.9,two-year,fibre,no,no,no,yes,e-check,0,no,no,2,1,1,56,no,centre,no
T02848,35,56.7,month-to-month,fibre,no,yes,yes,no,card,0,no,no,2,1,0,70,yes,south,no
T02425,31,97.7,one-year,fibre,yes,no,no,no,card,0,no,no,1,0,1,91,no,south,no
T03070,9,84.4,one-year,dsl,no,no,no,yes,card,1,yes,yes,1,1,1,81,no,north,no
T03388,28,84.7,month-to-month,dsl,yes,no,yes,yes,bank transfer,0,yes,no,0,0,0,259,no,north,no
T01970,42,88.5,month-to-month,none,no,no,yes,no,e-check,0,yes,no,1,0,0,21,no,centre,no
T02688,39,55.9,one-year,fibre,no,yes,no,yes,bank transfer,0,yes,yes,1,2,0,46,yes,islands,no
T06976,10,68.1,month-to-month,fibre,no,yes,yes,no,card,0,no,no,2,1,0,78,no,south,yes
T03653,35,98.3,month-to-month,dsl,no,no,yes,no,mailed check,0,yes,yes,1,0,1,21,yes,centre,no
T06036,14,69,month-to-month,dsl,no,yes,yes,yes,bank transfer,0,yes,no,0,1,1,62,no,north,yes
T02798,66,63.9,two-year,dsl,yes,no,no,yes,e-check,0,yes,no,1,5,1,126,no,islands,no
T03546,48,97,month-to-month,dsl,no,no,yes,no,mailed check,0,yes,yes,2,2,0,71,no,islands,no
T02431,11,29.7,one-year,fibre,no,no,no,yes,e-check,0,yes,no,1,2,0,83,no,north,no
T00329,52,41.8,month-to-month,fibre,yes,no,no,yes,bank transfer,0,yes,no,3,2,1,39,yes,north,yes
T00224,48,61.2,month-to-month,fibre,no,yes,yes,yes,card,0,no,yes,1,0,1,102,no,islands,no
T03877,12,26.7,month-to-month,fibre,no,yes,no,yes,mailed check,0,no,no,1,0,1,17,no,islands,yes
T05965,37,107.4,month-to-month,dsl,no,yes,yes,yes,card,0,yes,no,1,0,0,242,no,south,yes
T03846,27,51.4,one-year,dsl,no,yes,yes,yes,card,0,yes,no,1,0,0,19,no,north,no
T05741,51,53.8,month-to-month,dsl,no,no,no,yes,e-check,1,yes,no,1,1,1,67,no,north,no
T01811,14,94.1,month-to-month,fibre,no,yes,yes,yes,mailed check,0,no,no,0,0,0,124,no,north,yes
T01337,27,69.3,two-year,dsl,no,yes,yes,yes,mailed check,0,yes,yes,2,1,2,124,no,centre,no
T00476,21,64.4,one-year,fibre,no,no,no,no,card,1,yes,yes,1,1,0,14,no,centre,yes
T05280,3,57.2,one-year,dsl,yes,no,no,yes,bank transfer,0,yes,yes,2,0,0,27,no,centre,no
T03950,3,66,month-to-month,fibre,no,no,yes,yes,mailed check,0,yes,no,1,1,3,81,no,north,no
T04722,59,101.1,month-to-month,fibre,no,yes,yes,yes,mailed check,0,no,no,1,1,1,49,yes,north,no
T05538,3,52.7,month-to-month,none,no,yes,yes,yes,e-check,0,yes,no,1,1,0,29,no,south,no
T05638,1,21.1,two-year,fibre,no,yes,no,no,mailed check,0,no,no,2,0,1,82,no,south,no
T01169,4,27.4,month-to-month,dsl,yes,no,yes,no,bank transfer,0,no,yes,2,0,1,142,no,centre,no
T03674,4,85.4,two-year,fibre,no,yes,no,no,mailed check,0,no,no,1,3,1,23,no,islands,yes
T05043,12,37.8,two-year,dsl,no,no,no,no,card,0,yes,no,1,0,0,32,no,south,no
T05005,29,81.2,month-to-month,fibre,no,no,yes,no,card,0,yes,no,1,1,0,71,no,centre,no
T02533,49,31.6,month-to-month,fibre,no,yes,no,no,e-check,0,no,no,2,1,0,239,no,centre,yes
T00874,3,26.3,one-year,fibre,no,yes,no,yes,mailed check,0,yes,no,2,1,0,148,no,north,no
T05429,108,29.9,month-to-month,dsl,no,no,yes,no,mailed check,0,yes,no,2,1,1,46,no,north,no
T06300,8,69.2,month-to-month,none,no,no,yes,no,e-check,0,yes,no,2,2,0,85,no,islands,yes
T01651,42,46.1,one-year,none,yes,no,no,no,e-check,0,yes,no,2,1,0,78,yes,centre,no
T06458,7,70.7,two-year,dsl,no,no,no,no,card,0,yes,no,0,0,0,24,no,south,no
T02673,88,55.7,month-to-month,none,yes,no,yes,no,e-check,0,yes,yes,1,0,0,25,no,north,no
T05795,100,85.3,month-to-month,none,no,no,yes,no,card,0,no,yes,2,0,0,54,no,centre,yes
T02554,2,104.5,one-year,dsl,no,no,no,no,card,0,yes,no,1,1,1,13,no,centre,no
T02998,44,44.7,month-to-month,none,no,yes,no,no,card,0,no,no,1,2,1,50,no,islands,no
T00782,11,64,one-year,fibre,no,no,no,yes,bank transfer,1,yes,no,1,0,1,43,yes,north,no
T03085,17,37,month-to-month,fibre,no,no,no,no,card,1,no,yes,1,0,0,5,no,north,no
T00498,35,24.8,month-to-month,dsl,yes,no,yes,yes,mailed check,0,yes,no,0,0,1,60,yes,north,yes
T02423,11,75.8,month-to-month,fibre,yes,no,yes,no,card,0,no,no,2,2,0,41,no,south,yes
T00897,1,57.3,month-to-month,fibre,yes,yes,no,no,card,0,yes,no,1,1,0,74,no,south,no
T01470,11,60.8,one-year,fibre,yes,yes,no,yes,bank transfer,1,yes,no,1,2,2,44,no,islands,yes
T00448,13,52.3,month-to-month,dsl,no,yes,no,yes,e-check,0,no,yes,1,1,0,109,no,islands,yes
T05661,46,109.7,month-to-month,dsl,no,no,yes,no,mailed check,0,yes,no,1,1,1,82,yes,north,yes
T06609,37,78,month-to-month,none,no,yes,yes,no,bank transfer,1,no,yes,2,2,0,89,no,centre,no
T02736,33,39.5,two-year,dsl,no,no,no,yes,mailed check,1,yes,yes,0,0,0,31,no,north,no
T04987,50,76,two-year,fibre,no,no,no,yes,card,0,yes,yes,1,0,0,15,yes,south,no
T01578,35,39.9,two-year,fibre,no,no,no,yes,e-check,0,yes,no,1,1,0,80,no,islands,no
T01555,52,84.4,month-to-month,dsl,no,no,yes,no,card,0,yes,yes,2,0,0,119,no,islands,no
T04835,30,79.9,one-year,none,no,yes,no,no,e-check,0,no,no,1,0,0,56,no,centre,no
T03848,31,31.3,two-year,fibre,no,no,yes,no,e-check,0,no,no,1,0,0,30,yes,centre,no
T02002,11,82.9,month-to-month,fibre,no,yes,yes,yes,e-check,0,yes,no,2,3,0,77,yes,centre,yes
T01576,4,60.5,month-to-month,dsl,no,no,yes,yes,bank transfer,1,yes,no,1,1,0,279,yes,south,yes
T05116,11,24.2,month-to-month,fibre,no,no,no,yes,card,0,yes,no,3,0,0,88,no,south,yes
T05326,15,75.8,month-to-month,fibre,yes,no,no,no,bank transfer,0,yes,yes,1,2,0,100,yes,centre,yes
T00392,66,72.9,one-year,dsl,no,yes,yes,no,e-check,0,yes,no,1,0,2,31,yes,centre,no
T06915,16,29.6,month-to-month,dsl,no,no,no,yes,bank transfer,0,no,yes,1,1,0,25,no,north,yes
T06761,1,52.6,month-to-month,dsl,no,no,yes,yes,bank transfer,0,yes,no,0,0,0,58,no,north,no
T02342,25,32.7,month-to-month,fibre,yes,yes,no,yes,card,0,no,no,3,3,0,177,no,islands,yes
T03893,77,30.3,two-year,dsl,yes,yes,yes,no,e-check,0,no,no,2,0,3,48,no,south,no
T06157,18,47.9,month-to-month,dsl,yes,no,no,no,bank transfer,0,yes,yes,2,0,0,30,yes,centre,yes
T06173,26,85.5,one-year,dsl,no,yes,yes,yes,e-check,1,no,no,0,1,0,93,no,north,no
T00628,32,37.2,month-to-month,fibre,yes,no,yes,yes,e-check,0,no,yes,0,2,1,42,yes,south,yes
T03306,11,103.4,month-to-month,fibre,no,no,no,yes,mailed check,0,no,no,1,1,0,95,no,north,no
T06979,23,29.9,month-to-month,fibre,no,yes,yes,yes,bank transfer,0,yes,yes,2,0,0,117,no,islands,no
T04735,1,58.1,month-to-month,fibre,no,no,yes,no,bank transfer,0,no,no,0,2,0,30,no,south,yes
T05642,4,82.6,one-year,none,no,no,no,yes,bank transfer,0,yes,no,1,4,1,65,no,islands,no
T06150,7,98.3,two-year,dsl,yes,yes,no,no,e-check,0,no,no,1,2,1,99,yes,south,no
T00499,86,35.4,month-to-month,fibre,no,no,yes,yes,card,1,no,no,1,0,0,134,no,north,yes
T00969,23,33.8,month-to-month,fibre,yes,no,yes,yes,mailed check,1,no,yes,1,0,0,12,no,south,no
T01872,9,86.2,month-to-month,dsl,yes,no,no,yes,e-check,0,no,no,1,1,1,67,no,centre,no
T05117,47,37.5,month-to-month,fibre,no,no,yes,yes,mailed check,0,yes,no,2,0,0,44,yes,north,no
T04655,16,47.6,month-to-month,dsl,no,no,no,no,bank transfer,0,no,yes,0,0,1,87,yes,south,yes
T05879,32,92.8,month-to-month,none,no,yes,no,yes,mailed check,1,no,yes,3,1,0,35,no,north,no
T06044,115,40.4,month-to-month,fibre,yes,no,no,yes,e-check,0,no,no,1,0,0,19,no,islands,no
T02012,6,99.9,month-to-month,fibre,no,no,no,yes,mailed check,0,yes,no,3,1,0,74,no,south,yes
T06997,16,102.2,month-to-month,dsl,yes,yes,no,yes,e-check,0,yes,no,1,1,0,58,no,north,yes
T05048,15,21.4,month-to-month,fibre,yes,yes,yes,yes,bank transfer,0,yes,yes,0,1,0,219,no,centre,no
T04145,19,21,two-year,none,yes,no,no,yes,card,0,no,no,1,0,0,125,no,south,no
T01242,28,24.5,one-year,dsl,no,no,yes,yes,mailed check,0,no,no,0,3,0,71,yes,north,no
T05050,26,80.3,month-to-month,fibre,yes,no,no,yes,e-check,0,no,no,0,2,0,40,no,islands,no
T03889,75,54.3,two-year,none,no,no,yes,yes,e-check,1,yes,yes,2,0,0,64,no,centre,no
T06179,6,100.1,month-to-month,dsl,no,no,no,no,bank transfer,0,yes,no,0,0,0,118,no,south,no
T05019,74,88,one-year,fibre,no,yes,no,no,bank transfer,0,yes,no,2,1,0,62,no,south,no
T00635,2,90.5,one-year,fibre,no,no,no,yes,bank transfer,0,no,yes,2,1,0,91,yes,north,no
T02870,2,44.1,month-to-month,dsl,yes,yes,no,no,e-check,1,yes,no,2,1,0,25,no,north,yes
T04814,12,60.2,two-year,none,no,no,yes,yes,e-check,0,yes,yes,1,1,0,63,yes,islands,no
T04570,36,27.1,two-year,none,yes,no,no,no,card,1,yes,no,1,1,1,144,no,north,no
T00107,14,96.2,month-to-month,fibre,no,no,no,yes,e-check,0,yes,no,1,1,0,65,no,islands,yes
T03869,67,99.1,one-year,fibre,yes,no,no,yes,bank transfer,0,no,yes,2,0,1,113,no,islands,no
T02802,57,39,one-year,none,no,no,yes,yes,e-check,1,yes,yes,2,1,0,52,no,north,no
T06735,37,24.1,two-year,dsl,no,no,yes,yes,mailed check,0,no,no,1,0,0,133,no,north,no
T04422,9,82.1,two-year,dsl,no,yes,yes,no,e-check,1,no,yes,1,3,1,57,no,south,no
T02684,36,78.9,month-to-month,fibre,no,no,yes,yes,bank transfer,0,yes,no,1,0,0,176,no,islands,no
T03559,6,59.4,month-to-month,fibre,no,no,no,no,mailed check,0,yes,no,1,0,0,65,yes,islands,yes
T03761,9,22.6,two-year,fibre,yes,yes,yes,no,e-check,1,no,no,2,2,2,59,no,north,no
T02172,24,22.3,month-to-month,fibre,yes,no,yes,yes,e-check,0,yes,no,3,1,1,31,no,islands,no
T04386,18,25.3,month-to-month,dsl,no,no,yes,no,mailed check,0,yes,no,2,1,0,58,no,north,yes
T00780,127,40.1,two-year,fibre,no,no,yes,no,bank transfer,1,no,no,1,0,1,26,no,centre,no
T01050,47,88.7,one-year,dsl,yes,yes,no,yes,e-check,0,yes,no,3,1,0,166,yes,north,no
T03261,12,20.8,one-year,fibre,no,no,yes,yes,mailed check,1,no,yes,2,2,0,17,no,centre,no
T03359,48,101.5,month-to-month,fibre,yes,no,no,yes,e-check,0,yes,yes,2,1,1,134,no,south,yes
T02861,1,83.3,month-to-month,fibre,no,no,yes,yes,bank transfer,0,yes,no,1,0,2,23,yes,north,no
T02761,28,53.4,month-to-month,fibre,no,no,yes,no,e-check,0,no,no,2,1,2,98,yes,centre,yes
T03106,5,23.9,month-to-month,dsl,no,no,yes,yes,e-check,0,no,no,2,1,0,45,no,islands,no
T05213,16,105.9,month-to-month,dsl,yes,no,no,no,bank transfer,0,yes,no,3,1,0,50,yes,north,no
T04316,97,100,month-to-month,dsl,yes,no,no,no,e-check,1,no,no,2,0,1,77,no,south,yes
T02857,1,45.9,month-to-month,dsl,no,no,yes,yes,e-check,0,yes,no,2,0,0,84,no,north,no
T05786,11,107.2,two-year,dsl,no,yes,no,no,mailed check,0,yes,yes,1,0,0,103,no,south,no
T06986,29,35.6,one-year,dsl,no,yes,no,no,card,0,no,no,1,0,0,119,no,islands,no
T06875,37,38.1,month-to-month,none,no,yes,yes,yes,e-check,0,yes,no,1,0,0,91,no,south,yes
T03999,39,34.2,month-to-month,dsl,no,no,yes,no,card,0,no,no,1,1,0,385,no,north,no
T01880,1,66.9,month-to-month,dsl,no,no,no,yes,card,0,yes,no,1,3,0,104,yes,north,no
T02162,40,62.1,two-year,none,no,no,no,yes,card,0,no,no,1,0,0,33,no,islands,no
T03177,24,31.8,month-to-month,none,yes,no,no,yes,mailed check,0,no,no,1,0,0,103,no,north,no
T02080,2,42.5,one-year,fibre,no,no,no,yes,card,0,yes,no,2,2,0,59,no,south,yes
T04371,7,41.1,two-year,dsl,no,no,no,no,card,0,no,yes,2,0,0,22,no,north,no
T06970,92,97.1,month-to-month,fibre,no,yes,yes,yes,e-check,0,no,yes,1,1,1,96,no,islands,yes
T05933,63,77,month-to-month,dsl,yes,yes,yes,yes,mailed check,0,yes,yes,1,2,0,18,no,centre,no
T03543,16,26.8,month-to-month,dsl,yes,no,yes,yes,card,0,yes,yes,2,1,0,45,no,south,no
T06185,6,88.5,two-year,fibre,yes,yes,no,no,card,0,yes,yes,2,0,0,52,no,islands,no
T06202,8,94.8,month-to-month,dsl,no,yes,yes,yes,bank transfer,0,yes,yes,1,1,0,85,no,centre,no
T00522,1,90.5,month-to-month,dsl,no,yes,no,yes,card,0,no,no,1,0,0,89,yes,south,no
T00545,1,43.9,month-to-month,fibre,yes,yes,yes,yes,bank transfer,0,no,no,1,0,1,209,no,centre,yes
T01756,38,104,two-year,fibre,yes,no,yes,yes,bank transfer,0,no,no,2,2,0,38,no,centre,no
T00592,2,86.6,one-year,none,no,no,no,yes,card,0,no,no,1,1,0,16,no,islands,no
T04252,19,89.8,two-year,dsl,no,no,yes,yes,e-check,0,no,no,0,3,1,43,no,islands,yes
T04858,70,92.2,one-year,fibre,no,yes,no,yes,bank transfer,0,no,no,2,1,0,74,no,centre,no
T00317,13,40.4,month-to-month,fibre,no,no,yes,no,card,0,no,no,2,1,1,25,yes,islands,yes
