id,recency,frequency,monetary,tenure,returns,channel_online
C01604,35,14,607,72,1,0.14
C04740,251,3,1338,41,0,0.32
C03982,24,14,325,68,2,0.14
C04193,27,8,1251,63,3,0
C00625,28,15,419,33,2,0.92
C02039,9,11,1548,81,0,0
C00110,67,1,271,4,1,0.61
C02075,37,6,591,52,0,0.01
C02645,44,2,380,4,1,0.37
C03157,15,20,359,4,0,0.77
C00686,26,21,412,26,1,1
C05012,30,3,324,1,0,0.57
C03088,29,14,248,47,1,1
C01387,217,3,1495,34,2,0.27
C00144,23,9,812,62,0,0
C02018,291,6,1846,65,0,0.31
C02684,37,8,221,15,4,0.81
C04405,49,3,122,2,0,0.31
C04288,50,13,1227,50,0,0
C00486,28,10,308,30,1,0.15
C00012,73,6,157,2,0,0.23
C02220,188,3,1390,39,0,0.43
C04540,33,10,216,21,1,1
C01262,231,5,1974,61,0,0.41
C02130,15,9,759,67,1,0.04
C05289,35,1,502,2,1,0.6
C01921,33,2,122,4,0,0.43
C04656,20,11,314,32,2,0.94
C04387,10,4,203,32,2,0.75
C05822,289,4,2174,57,0,0.39
C05306,13,18,140,23,1,0.94
C04099,218,3,2114,31,1,0.43
C00682,6,16,1118,78,0,0.01
C01696,40,19,214,36,1,0.96
C05090,0,14,219,19,2,1
C01295,74,1,90,5,0,0.57
C04574,35,8,583,87,0,0.23
C00554,18,14,681,64,2,0.08
C05790,30,10,246,33,2,0.63
C00574,25,7,229,22,2,0.96
C00045,2,12,2233,11,0,0.38
C00008,35,13,881,68,1,0.24
C02598,36,12,703,84,0,0.2
C01741,1,11,595,36,1,0.03
C05131,298,2,1329,44,1,0.18
C01452,247,1,854,63,0,0.43
C04476,323,2,1523,45,1,0.21
C05669,227,2,961,35,0,0.36
C00943,194,3,1351,31,0,0.34
C02889,299,3,1528,33,1,0.32
C05789,267,2,1437,64,0,0.26
C02625,91,1,2700,40,0,0.49
C04490,30,16,616,90,0,0.08
C01213,34,11,892,59,1,0.15
C03613,14,12,443,32,3,1
C00434,8,13,1017,86,1,0
C01959,29,13,551,57,0,0.2
C01283,7,10,1547,60,0,0.05
C01961,49,6,788,69,0,0.25
C04335,1,6,947,49,0,0.08
C05654,16,13,431,51,0,0.01
C04545,29,5,113,6,0,0.52
C01135,20,14,495,50,6,0.82
C03206,22,17,323,23,2,0.78
C02659,7,15,191,12,3,1
C00872,214,1,1240,32,0,0.48
C03757,25,19,378,38,3,0.8
C05591,40,8,590,20,0,0.14
C02866,37,11,373,59,0,0
C00990,19,10,744,40,1,0.05
C04638,224,2,5045,63,0,0.36
C02589,42,14,1109,49,0,0.27
C02701,53,18,349,44,1,0.17
C01508,33,13,366,38,0,0.74
C05972,62,3,173,6,0,0.41
C02138,46,15,724,69,2,0.03
C00798,26,10,257,31,1,0.92
C02385,37,7,644,78,1,0.11
C03161,16,10,1332,52,1,0.23
C03791,34,12,1113,33,0,0.27
C05182,120,3,1618,40,1,0.39
C05405,6,13,258,14,2,0.78
C02763,32,6,1186,38,1,0.35
C00105,0,3,126,1,1,0.64
C02098,209,3,1909,29,0,0.18
C05705,32,13,2282,81,3,0.2
C01278,122,2,3140,66,1,0.28
C02849,38,3,65,1,1,0.59
C04561,35,18,1611,73,2,0.05
C04294,34,8,500,70,1,0.03
C03685,180,1,652,28,1,0.21
C05611,52,9,1309,50,1,0.19
C04506,53,2,316,4,1,0.46
C00168,0,2,264,3,0,0.46
C01551,255,5,1198,46,1,0.42
C02120,42,3,243,1,0,0.6
C05298,10,13,271,28,3,1
C01872,61,3,302,1,0,0.5
C05397,28,17,307,25,2,0.99
C03244,32,12,635,55,0,0.19
C02292,24,7,440,43,1,0.12
C04017,236,1,823,75,0,0.29
C05902,59,11,1872,58,3,0.24
C02492,32,15,759,48,0,0.19
C01969,348,1,3641,56,1,0.39
C00607,21,19,651,59,1,0.16
C05384,32,9,466,71,1,0.1
C01263,12,13,340,36,2,1
C04827,39,18,1710,27,1,0.24
C00027,30,8,838,67,3,0
C04110,18,13,583,43,2,0.15
C04949,35,4,158,6,0,0.51
C01092,28,12,825,34,1,0.08
C00953,134,4,2021,34,0,0.13
C03552,29,17,300,44,2,1
C00905,153,3,875,47,1,0.29
C04423,57,3,143,5,0,0.64
C02410,21,14,974,83,2,0.08
C01354,54,13,886,60,1,0
C05169,42,7,696,50,2,0.11
C02451,50,1,118,6,0,0.57
C01188,257,2,1787,36,0,0.29
C03332,46,3,136,3,0,0.43
C02706,39,2,209,3,0,0.55
C04166,32,16,442,16,3,0.92
C03252,28,15,285,32,3,1
C05920,26,12,712,94,0,0
C05420,37,10,712,52,0,0
C03624,22,8,231,25,1,0.82
C04994,125,4,489,17,1,0.36
C05396,15,11,333,32,0,1
C01948,28,12,131,41,2,0.97
C00880,253,2,2032,45,0,0.36
C04885,2,10,456,86,0,0.44
C04298,35,21,337,18,0,1
C05296,50,3,188,4,0,0.6
C04597,102,1,1490,39,2,0.35
C00191,34,5,310,5,0,0.51
C05173,23,20,281,45,2,0.97
C01665,28,14,1952,51,1,0.06
C01116,22,10,1147,57,1,0
C05955,25,10,494,79,0,0.16
C03351,16,10,549,63,0,0.22
C00299,19,21,218,24,1,0.94
C01432,34,16,203,25,0,1
C02262,22,5,188,5,1,0.56
C01751,49,14,807,71,2,0
C04754,37,11,1234,60,1,0.12
C03572,218,2,691,3,0,0.2
C01623,35,12,702,52,0,0
C05567,35,15,316,29,0,1
C03537,35,4,303,2,1,0.53
C05823,272,4,1896,39,1,0.46
C01797,3,16,253,12,1,0.95
C04142,41,9,345,12,1,1
C02086,32,20,380,22,2,0.79
C00997,10,9,217,57,1,0.87
C03551,49,14,929,83,1,0.07
C04653,14,9,227,15,1,0.93
C05689,15,17,592,52,0,0.81
C01379,32,9,1041,60,1,0.26
C05527,301,3,2188,61,1,0.38
C00715,16,13,436,15,1,1
C05401,150,2,797,30,1,0.45
C00193,21,13,735,58,0,0.11
C05007,42,3,204,1,0,0.77
C00621,35,7,1083,47,0,0.09
C00337,39,4,183,5,1,0.56
C00207,37,10,777,54,0,0.03
C03305,37,9,435,16,4,0.66
C03306,18,9,194,50,3,0.76
C04510,21,6,253,33,2,0.97
C03693,309,1,1129,43,2,0.42
C03591,23,8,678,49,2,0.26
C03307,18,8,896,65,3,0.15
C01150,15,12,994,42,0,0.06
C01866,50,10,225,6,2,0.88
C02052,61,3,135,4,0,0.36
C02249,30,14,355,86,0,0.03
C05747,33,22,270,41,1,0.78
C05845,38,6,426,5,0,0.49
C01181,61,11,753,88,1,0.05
C03883,30,14,58,30,3,1
C01925,0,1,284,4,0,0.57
C00519,56,1,83,5,1,0.7
C02472,230,3,824,51,0,0.41
C01943,11,11,1019,75,0,0.33
C04896,54,9,497,23,2,0.02
C04796,41,13,1074,102,0,0.16
C05801,45,14,993,59,0,0
C02081,36,13,215,45,0,0.75
C00102,32,9,1238,73,2,0.16
C01016,27,11,647,82,2,0.15
C02216,32,13,177,36,3,0.59
C05503,21,11,1112,35,1,0
C01161,245,3,1107,16,0,0.51
C01939,49,12,829,68,2,0.23
C00241,43,8,605,29,0,0.09
C04789,69,2,189,3,0,0.44
C02716,55,24,626,45,0,0.92
C00038,11,11,820,55,1,0.06
C01393,47,10,1101,35,1,0.11
C01476,16,12,517,48,1,0.09
C00152,38,11,770,74,1,0.07
C01445,59,16,882,66,0,0.12
C02023,50,12,573,41,2,0.09
C00664,16,11,738,44,0,0
C01110,21,11,747,81,0,0.15
C03317,9,1,93,7,0,0.6
C02279,4,14,211,34,2,0.98
C01468,21,14,504,22,1,0.91
C02804,21,11,1053,42,1,0.01
C00159,45,20,104,23,1,0.51
C01341,4,17,209,39,1,0.91
C01501,155,2,2498,53,0,0.28
C03028,153,5,2110,72,0,0.3
C04289,28,5,189,8,0,0.3
C02878,17,16,385,38,3,0.89
C04578,17,16,144,19,1,0.98
C04776,5,14,816,74,0,0.21
C00424,25,15,1272,57,1,0.33
C01778,32,11,339,31,2,1
C00362,29,6,305,41,1,0.94
C05768,0,13,1638,77,2,0
C03369,17,12,1348,94,2,0.23
C03503,196,3,707,56,0,0.25
C02264,199,4,4589,53,0,0.49
C04991,48,3,201,1,0,0.35
C03723,124,3,1643,61,0,0.19
C01883,10,15,833,93,0,0.44
C05969,63,3,150,6,0,0.49
C04855,181,4,2039,39,0,0.34
C02919,29,5,769,81,0,0.13
C01224,11,13,576,45,0,0.1
C02493,118,3,1636,68,0,0.24
C01478,73,4,118,4,0,0.57
C03264,19,8,537,38,2,0
C02369,18,14,328,41,1,0.86
C04139,16,13,475,63,2,0.11
C01075,190,3,1266,36,0,0.4
C03612,46,1,273,5,1,0.44
C00254,47,15,734,61,0,0
C05847,0,11,1155,72,1,0.02
C00584,73,3,129,5,2,0.5
C04505,50,5,286,5,0,0.51
C00714,29,8,720,71,2,0.05
C00112,22,15,182,26,0,0.84
C00927,53,6,520,61,2,0.07
C03204,21,11,931,84,1,0.18
C02817,12,10,487,56,0,0
C04443,21,16,242,23,3,1
C04560,32,12,123,34,4,0.79
C00459,35,11,909,55,0,0.23
C05553,182,5,4598,39,0,0.36
C04036,48,7,454,30,2,1
C04179,6,10,1557,58,1,0.23
C03638,3,12,828,63,1,0.08
C02036,15,14,708,10,3,0.96
C03343,13,23,208,29,0,0.93
C00074,29,4,1665,44,0,0.37
C04162,22,11,695,78,0,0.04
C00032,64,12,830,75,0,0.33
C00092,162,1,2206,48,0,0.43
C01422,147,1,1431,27,0,0.21
C05829,0,15,198,19,0,0.74
C00411,4,8,526,32,1,0.86
C04933,15,11,1130,69,0,0.27
C00791,19,20,106,31,2,0.94
C02391,49,3,548,7,1,0.54
C03790,20,12,769,56,0,0.01
C00775,55,8,779,65,0,0.21
C03174,10,16,924,56,1,0.12
C02514,4,17,204,49,2,0.71
C05700,247,1,1288,50,0,0.55
C00602,54,2,203,4,0,0.57
C00029,41,11,603,81,1,0.23
C01428,279,4,1478,32,0,0.3
C02135,239,5,3025,31,0,0.35
C05740,40,12,326,72,0,0
C03474,17,24,63,44,2,1
C00591,131,4,1292,52,0,0.34
C01023,23,12,479,64,0,0.21
C01919,56,1,107,2,1,0.51
C02405,32,10,703,63,2,0.19
C00209,28,13,387,35,0,0
C05232,30,10,660,91,2,0.26
C03598,20,3,257,1,1,0.61
C04410,19,12,661,75,0,0.18
C00828,268,3,517,40,1,0.39
C05415,225,1,914,42,0,0.22
C02013,32,15,730,65,0,0.25
C02259,22,7,824,65,1,0.18
C01250,41,12,408,70,1,0.17
C01450,24,10,196,31,2,0.89
C04180,5,10,667,53,0,0
C05893,20,1,191,4,0,0.45
C02852,14,11,1765,96,1,0.11
C01737,16,13,2592,67,0,0
C05779,14,11,678,61,0,0.07
C01855,182,2,1103,38,0,0.28
C05303,62,2,223,3,0,0.41
C03632,33,8,857,65,1,0.11
C05791,22,13,693,32,0,0.04
C04761,32,11,642,45,0,0.16
C04532,43,9,353,44,1,0.1
C04800,65,4,206,4,0,0.44
C04252,40,11,1148,73,0,0
C02503,57,11,726,50,0,0
C04964,23,15,327,46,2,0.88
C02988,0,2,91,3,0,0.68
C00895,27,17,170,38,3,0.83
C00882,42,11,588,11,0,0
C00094,1,8,702,51,1,0.12
C00030,57,5,365,1,0,0.32
C01719,42,9,595,26,0,0.07
C04011,11,5,354,103,1,0
C04818,24,15,528,44,0,0.83
C04265,51,1,85,6,0,0.49
C04035,55,13,650,21,2,0.93
C05252,29,13,614,29,2,0.31
C03379,29,10,840,71,0,0.2
C00907,297,4,935,39,0,0.42
C01122,164,2,1861,57,0,0.23
C04702,25,14,797,64,1,0.14
C05398,293,1,1756,36,1,0.34
C01332,34,15,578,53,3,0
C04319,37,4,669,2,0,0.52
C02003,190,2,829,36,0,0.5
C01210,192,2,4646,49,1,0.5
C04071,25,12,816,75,0,0.08
C00016,36,13,1934,59,1,0.02
C02580,230,4,548,64,0,0.23
C03793,42,19,576,50,2,0
C01214,23,16,121,51,4,0.82
C03055,19,3,119,8,1,0.57
C04549,3,3,119,5,1,0.72
C02984,30,16,1015,56,1,0.04
C04750,168,1,1949,34,0,0.39
C00378,231,2,3154,40,1,0.26
C00984,47,11,607,51,0,0
C05460,24,18,635,28,4,0.87
C05054,10,15,285,7,2,0.9
C02089,239,3,2059,23,0,0.4
C04002,47,9,1325,70,1,0.01
C04291,0,3,1861,49,1,0.3
C03346,22,13,135,36,3,0.91
C00894,25,11,208,42,2,0.85
C02457,26,13,514,48,0,0
C03496,33,11,426,30,1,0.76
C00223,238,6,3398,33,1,0.26
C00225,41,10,1101,52,1,0.1
C01512,27,7,717,50,0,0.03
C01274,14,12,560,79,0,0.19
C05939,40,11,1638,80,0,0
C01138,17,3,416,28,1,0.9
C00350,24,13,330,52,1,0.08
C04032,184,3,1632,22,0,0.58
C00121,36,9,806,45,1,0.09
C00560,62,3,220,3,0,0.42
C01566,11,8,479,16,2,0.94
C05811,134,2,2880,62,1,0.2
C01738,12,9,938,56,1,0.09
C01522,48,11,793,79,0,0.11
C01251,6,7,366,61,2,0.05
C04346,191,4,1579,69,1,0.43
C01885,15,12,138,22,1,0.97
C00493,12,11,1100,54,0,0.01
C02173,34,14,114,23,1,0.8
C00490,29,3,155,6,0,0.64
C00766,248,1,918,57,0,0.31
C00293,28,3,483,2,0,0.34
C03916,46,1,124,5,1,0.62
C05888,43,5,64,2,1,0.46
C01465,13,11,339,43,0,0.2
C05493,26,11,663,39,0,0.14
C04384,2,16,245,46,0,0.84
C02096,34,14,1203,59,0,0.21
C03165,220,2,1299,9,1,0.3
C00725,22,13,161,13,1,0.98
C00487,45,13,336,21,0,0.12
C00802,24,7,930,64,2,0.17
C02423,50,4,175,2,1,0.35
C03142,18,5,183,3,0,0.42
C05600,221,3,1508,26,0,0.42
C03094,27,11,560,19,2,0.9
C00368,24,12,670,75,0,0.1
C02881,21,8,567,52,1,0
C03453,285,1,3486,63,0,0.31
C03620,45,1,134,6,0,0.31
C02342,74,1,308,5,0,0.43
C01572,28,1,192,5,0,0.63
C01760,23,11,385,15,0,1
C04312,24,9,555,57,0,0.16
C01415,19,22,125,37,1,0.88
C00622,131,1,1518,69,1,0.25
C01704,25,13,589,75,0,0.12
C04990,15,11,905,57,0,0.06
C01616,17,11,331,31,1,0.18
C00203,99,5,1220,62,1,0.46
C00383,37,11,1117,69,1,0.11
C02276,47,2,220,4,1,0.8
C02808,73,3,233,4,1,0.48
C05904,60,9,575,78,1,0.11
C02860,19,2,116,1,1,0.61
C01595,59,4,283,7,1,0.66
C01762,23,14,398,59,3,0.03
C04143,222,3,3031,19,1,0.35
C03658,29,13,881,94,0,0
C04927,49,3,326,5,0,0.4
C02496,276,3,1931,85,0,0.22
C03734,34,10,1124,83,0,0
C01400,21,11,555,33,0,0.01
C02417,18,17,375,41,1,1
C05926,22,19,719,57,0,0.2
C05213,34,6,574,88,0,0.13
C04886,52,8,545,81,1,0
C00457,38,11,516,66,1,0.13
C00580,249,3,1179,47,2,0.29
C01231,33,10,591,68,0,0
C01681,66,8,487,64,0,0
C04368,33,14,1188,78,0,0.14
C03862,48,4,347,1,0,0.58
C02725,296,4,6280,38,0,0.43
C04974,18,12,1091,60,0,0.1
C02696,29,14,528,70,2,0.09
C00488,53,12,724,71,2,0.21
C01384,26,13,625,41,0,0.14
C02228,21,2,111,1,0,0.52
C05546,290,4,1682,34,1,0.31
C05981,35,11,1012,91,0,0.09
C03662,34,2,298,6,1,0.28
C05000,54,1,116,4,0,0.6
C04607,19,10,959,60,1,0.09
C02469,33,6,824,31,1,0.83
C02306,31,12,880,115,1,0.04
C03297,60,9,527,60,0,0.24
C05741,34,13,1361,64,0,0.09
C00358,39,13,799,78,2,0
C00595,16,11,324,60,1,0.12
C05025,41,3,248,4,2,0.57
C02118,69,3,346,3,0,0.28
C04064,28,10,682,64,0,0.12
C03743,35,13,281,22,2,0.86
C00026,34,2,402,2,0,0.51
C02026,17,18,152,21,1,1
C05548,352,5,1036,22,0,0.19
C01774,20,16,161,17,2,0.98
C05043,39,14,646,42,3,0
C03958,23,11,416,68,1,0.15
C02975,33,16,336,32,1,0.98
C00941,197,4,1297,71,3,0.2
C01679,30,6,943,50,2,0.01
C02178,36,3,298,3,1,0.83
C04598,17,8,640,70,0,0.06
C04054,3,3,275,6,0,0.68
C04606,247,3,1838,42,0,0.49
C03097,38,11,334,25,2,1
C00741,36,11,379,36,3,0.85
C04192,49,11,639,52,0,0.3
C03597,264,3,1243,56,0,0.48
C04571,40,13,395,52,0,0.27
C02506,30,2,189,2,0,0.5
C00341,35,2,126,6,0,0.61
C01366,0,13,1521,51,0,0.22
C05338,39,2,100,4,0,0.35
C04734,42,19,741,89,1,0.26
C04562,50,15,1155,83,0,0
C00573,43,17,345,45,2,0.97
C05214,230,1,495,51,0,0.54
C04720,42,9,1036,28,0,0.18
C03104,27,5,165,5,0,0.64
C03067,219,4,2116,35,0,0.39
C03045,2,13,459,36,0,0
C02687,247,4,990,51,0,0.33
C03261,40,12,594,89,0,0.19
C05250,33,13,634,57,1,0.3
C05315,27,12,185,16,2,1
C05541,15,13,632,53,3,1
C03335,12,15,321,47,1,0.76
C05058,13,13,149,41,0,0.94
C05491,49,11,622,65,0,0.06
C01381,28,9,1262,70,1,0.18
C01353,217,1,2377,45,0,0.33
C04348,11,7,741,53,1,0.02
C04718,15,5,121,5,0,0.45
C05444,56,2,137,3,0,0.59
C04151,47,4,311,2,0,0.69
C01280,31,16,651,58,1,0.21
C05706,55,11,1083,72,1,0.06
C05059,22,4,101,5,0,0.44
C05870,42,7,426,69,0,0.03
C02032,31,9,398,27,1,0.84
C03742,33,4,516,46,1,0.29
C04873,35,10,983,66,0,0.06
C03844,11,11,438,19,1,0.96
C04763,49,8,570,57,0,0
C01215,15,7,628,72,0,0.23
C04096,38,8,928,52,0,0.12
C00793,253,3,1234,34,0,0.39
C04231,41,13,624,78,1,0.06
C03007,25,16,128,38,3,0.89
C04820,30,14,359,34,0,0.95
C04322,23,6,131,5,0,0.44
C02568,48,14,524,58,1,0.03
C05023,111,5,1069,31,0,0.31
C01007,43,9,481,39,1,0.39
C04999,18,16,359,39,1,0.81
C05257,10,11,741,78,0,0.17
C04415,232,3,722,61,0,0.15
C05095,19,7,800,44,0,0.25
C03375,34,13,211,19,0,0.98
C02163,54,13,1180,70,0,0.02
C04525,36,9,663,77,1,0.19
C05361,32,9,475,65,0,0
C05233,35,14,618,73,1,0.23
C00627,231,4,1348,62,0,0.48
C01531,17,14,266,26,2,1
C03655,120,2,1294,32,0,0.39
C04905,68,1,157,6,0,0.61
C01955,50,22,270,45,1,0.79
C02510,33,8,734,29,0,0.06
C01222,301,1,2068,51,0,0.13
C01321,27,13,211,34,4,1
C03619,45,1,230,3,0,0.55
C02201,28,19,239,36,0,0.97
C04426,72,2,4200,25,0,0.36
C00912,23,6,1310,63,0,0.15
C05171,20,11,407,53,0,0.09
C04210,49,2,254,3,0,0.45
C01732,0,14,649,40,2,0.1
C05109,32,13,589,38,0,0.25
C03122,21,16,396,109,0,0
C02454,33,12,1386,65,1,0.26
C00654,26,20,315,34,2,0.81
C03065,20,10,541,35,2,0.18
C00321,41,8,266,23,1,1
C02444,2,10,1363,45,1,0.07
C02106,47,16,390,59,0,0.05
C00689,23,11,609,57,0,0
C03401,175,2,1313,45,0,0.42
C01708,25,15,406,11,1,0.79
C02283,27,12,620,15,1,0.75
C01874,47,1,191,2,1,0.38
C02519,27,16,480,55,1,0.14
C04330,34,5,132,4,0,0.73
C00558,26,11,106,20,2,1
C03155,27,4,137,7,0,0.5
C03176,42,2,204,3,0,0.37
C02538,30,9,1851,105,0,0.23
C04605,0,1,202,2,2,0.82
C01025,29,17,413,42,2,0.9
C05105,25,6,376,56,1,0
C05652,17,9,188,40,0,0.97
C03468,40,3,870,54,0,0.27
C03869,247,4,645,43,0,0.42
C04135,27,3,135,3,0,0.47
C03970,8,15,176,34,3,1
C04306,27,4,108,4,0,0.58
C03904,123,4,1124,42,0,0.49
C00473,8,2,1290,47,0,0.34
C01431,36,11,618,35,0,0.1
C03818,195,3,1391,37,0,0.22
C01933,55,17,156,40,1,0.96
C05743,37,9,669,40,0,0.04
C02909,66,2,79,7,1,0.4
C00765,264,1,1386,30,2,0.33
C05216,35,11,306,43,0,0.15
C01433,15,14,221,21,1,0.83
C02438,30,4,542,1,0,0.49
C02224,12,15,596,41,0,0
C03284,38,15,514,66,0,0.13
C04132,358,2,3441,23,0,0.35
C04321,59,9,598,72,0,0
C04249,13,8,462,57,0,0.39
C01554,28,9,211,24,1,1
C03011,45,12,829,68,1,0
C05974,44,15,494,35,1,0.87
C02370,40,8,635,85,1,0.17
C04055,208,5,1125,30,0,0.38
C00676,30,18,228,31,4,0.86
C04283,10,10,202,56,0,0.98
C02698,36,12,424,29,1,0.06
C01218,229,3,2157,67,0,0.59
C00085,18,4,253,4,0,0.43
C00799,35,14,338,22,1,0.8
C01987,8,18,196,32,0,1
C04209,34,3,241,4,0,0.38
C00665,36,2,94,9,0,0.51
C00494,45,8,1100,70,1,0.03
C00081,264,2,2833,45,0,0.47
C04977,17,9,414,28,0,1
C03651,23,20,412,25,1,0.98
C05081,43,3,167,3,0,0.49
C01934,26,8,178,41,1,0.85
C05346,272,3,1144,37,1,0.4
C02640,27,1,185,2,0,0.44
C03092,53,7,616,79,1,0.11
C01357,7,14,604,60,1,0.27
C03547,19,9,702,65,0,0.14
C00073,42,4,259,5,1,0.6
C04280,21,17,596,56,0,0.4
C03003,219,2,1459,52,0,0.34
C00039,16,12,521,6,4,0.83
C02073,45,4,132,6,0,0.45
C00697,301,4,1137,82,0,0.31
C02932,37,3,115,2,1,0.51
C04187,23,13,949,58,2,0.13
C04747,19,12,261,22,0,0.81
C00266,13,3,113,4,0,0.53
C00013,39,5,100,3,0,0.48
C01273,270,3,1539,63,0,0.46
C01363,56,3,219,4,0,0.68
C04431,140,3,1076,65,0,0.31
C02996,196,2,624,38,0,0.41
C05039,26,13,417,53,0,0
C05199,12,10,557,81,0,0.1
C03585,230,4,4417,27,1,0.18
C04617,55,2,195,2,1,0.62
C03783,36,8,275,68,1,0.11
C01230,159,2,1623,10,1,0.05
C02903,156,4,764,30,1,0.28
C03957,0,12,777,46,1,0.09
C05978,37,4,198,3,1,0.49
C02043,275,3,2210,43,0,0.57
C01427,39,2,147,4,0,0.57
C01617,27,9,962,36,0,0
C01118,61,13,1067,68,0,0.11
C04825,40,7,568,43,1,0.09
C05633,55,4,316,1,0,0.66
C02034,28,14,130,20,1,0.95
C05256,81,3,73,6,0,0.68
C02349,20,6,1058,37,1,0.16
C02426,35,11,786,68,0,0.02
C03368,36,11,1042,25,0,0.25
C05072,20,18,244,37,2,0.96
C05229,53,6,165,5,1,0.57
C03413,23,24,146,23,1,0.91
C05436,23,16,226,55,1,1
C01050,111,4,1731,32,0,0.32
C03027,29,12,361,45,1,0.87
C03460,39,4,248,4,1,0.42
C00728,34,12,334,20,3,1
C03686,182,3,1042,26,0,0.41
C00324,46,5,72,1,0,0.36
C02137,23,4,141,3,0,0.68
C02420,13,10,201,22,3,0.89
C04251,28,9,412,54,1,0
C01055,40,17,488,55,2,0.13
C02896,284,1,922,62,0,0.3
C03402,391,3,3275,38,0,0.15
C01049,266,6,929,57,0,0.42
C01496,37,14,925,60,0,0
C00286,223,4,1448,56,0,0.69
C01710,272,4,1364,63,0,0.58
C00952,36,10,613,85,0,0.09
C03470,46,12,1056,86,0,0.26
C00272,35,12,889,62,0,0.1
C03062,32,12,630,87,1,0.22
C00373,29,10,289,56,1,0.84
C01602,118,4,1919,53,1,0.33
C01666,29,14,112,20,1,0.92
C01372,11,10,1236,57,0,0
C01219,31,3,198,3,0,0.63
C03652,200,3,701,64,0,0.45
C01830,59,3,118,6,1,0.6
C00300,267,1,1868,31,0,0.4
C01535,10,8,1088,73,2,0.03
C03528,25,14,297,36,1,0.72
C05066,10,9,433,69,3,0.25
C05785,30,16,188,15,2,0.78
C01048,18,13,360,24,1,1
C01347,58,14,1226,55,0,0.01
C04871,19,14,164,49,0,1
C03070,2,9,641,52,0,0.22
C03633,36,9,367,72,1,0.02
C01212,22,13,583,32,1,0.23
C00297,26,9,598,39,0,0.16
C04907,228,4,2153,47,1,0.21
C05281,32,20,124,26,2,0.84
C00821,41,15,1071,73,0,0
C03291,41,4,640,22,0,0.1
C05970,33,11,543,38,0,0.31
C05804,23,17,133,8,2,0.81
C03395,188,1,1463,40,2,0.63
C02533,37,16,2416,45,0,0.02
C04831,5,14,856,92,0,0.08
C05686,169,4,4799,51,0,0.24
C03576,8,14,235,24,3,0.81
C04791,30,1,271,5,1,0.46
C04946,185,3,1792,54,2,0.33
C01003,38,12,581,63,3,0
C00197,4,12,494,44,1,0.04
C00652,28,14,812,73,1,0.15
C03085,0,9,471,22,2,0.06
C02019,31,3,110,5,0,0.53
C00526,16,14,330,73,0,0.11
C01234,27,5,738,34,0,0.25
C05428,55,12,741,80,0,0.26
C00892,240,4,1127,49,0,0.31
C01206,257,3,1747,58,0,0.43
C00626,26,14,774,69,0,0.04
C00084,24,16,1706,72,0,0.2
C03575,39,3,251,5,1,0.78
C04752,46,3,266,3,0,0.7
C02765,222,4,2805,28,0,0.25
C03349,64,3,531,6,0,0.54
C02258,20,12,282,43,3,0.87
C05370,209,4,1340,47,0,0.49
C04546,30,14,554,88,0,0.1
C00835,247,4,1329,51,1,0.45
C01351,27,12,1030,74,0,0.12
C05532,242,3,2122,99,0,0.28
C02993,42,12,727,63,0,0.14
C04027,33,10,867,48,1,0.18
C03719,25,8,259,26,1,0.76
C04005,212,3,1418,23,1,0.05
C05625,278,2,1392,50,0,0.24
C04308,42,3,95,5,2,0.64
C05928,187,2,2215,23,0,0.45
C01878,50,2,147,5,0,0.49
C03592,76,4,2259,50,0,0.39
C02516,26,12,823,57,1,0.14
C00856,198,2,1298,49,0,0.35
C01297,301,3,2460,27,1,0.34
C01746,10,4,251,5,1,0.59
C02590,35,6,191,1,0,0.67
C02125,18,10,874,30,0,0.04
C00461,57,12,820,77,0,0.12
C02704,163,5,1710,20,1,0.23
C00185,13,10,1009,41,0,0.16
C03427,5,14,491,76,2,0
C03878,16,13,574,53,1,0.16
C05737,270,5,1048,37,0,0.37
C03087,36,4,93,3,0,0.45
C02946,70,5,227,3,0,0.61
C05796,45,2,90,1,0,0.54
C02592,32,6,636,55,0,0
C04227,24,15,255,50,2,0.94
C03733,76,2,472,5,1,0.65
C04729,23,17,808,15,2,0.15
C00409,15,16,141,31,1,0.95
C03860,19,6,714,52,0,0.1
C00253,44,9,963,39,0,0.03
C01308,21,12,519,48,0,0
C02534,229,1,3502,40,0,0.43
C01254,212,4,2876,6,1,0.31
C03517,20,22,352,29,0,0.9
C01843,0,4,63,6,0,0.62
C02253,7,12,719,77,0,0
C00976,249,3,1256,60,0,0.33
C00995,28,14,723,73,1,0.17
C01111,22,10,864,62,1,0.05
C02987,21,16,1846,65,0,0
C05890,50,11,596,34,1,0.16
C00983,39,2,126,4,1,0.49
C05268,180,4,2685,32,0,0.28
C03991,198,3,1734,40,1,0.64
C01565,0,11,822,106,2,0.04
C03692,220,1,4330,28,0,0.37
C05608,27,9,758,52,1,0.07
C01655,34,18,595,81,1,0
C05682,30,10,554,67,1,0
C01753,41,12,554,87,2,0
C01588,225,3,2509,56,0,0.31
C01861,18,17,871,76,1,0.16
C01242,40,5,210,4,0,0.57
C02486,42,7,135,20,1,0.85
C05500,26,11,995,49,2,0.27
C00303,46,4,150,3,2,0.54
C02207,285,1,1834,44,2,0.31
C05349,28,11,2096,58,1,0.09
C03580,244,5,984,42,1,0.27
C03213,40,14,919,57,0,0
C01860,23,11,545,92,0,0
C02335,162,4,2451,41,0,0.39
C01382,256,5,1814,53,0,0.26
C01643,27,15,293,19,3,0.84
C00538,19,10,1316,66,1,0.33
C00340,34,4,1189,69,0,0.24
C05033,28,13,635,14,0,0.9
C04762,38,1,362,1,0,0.52
C02542,101,1,1331,35,0,0.42
C02876,277,4,1400,44,0,0.25
C04952,130,2,2579,51,0,0.39
C01144,114,4,1829,49,0,0.5
C03115,19,12,300,52,0,0
C05180,7,12,863,74,0,0
C04207,131,1,1979,51,0,0.4
C05202,64,4,263,8,0,0.42
C01183,38,4,247,2,0,0.31
C05483,65,7,314,4,1,0.61
C05524,46,2,185,4,0,0.77
C03599,1,5,156,4,0,0.59
C02674,41,4,271,3,0,0.39
C05441,23,7,933,34,0,0.04
C03700,32,16,685,79,0,0.24
C05409,29,7,854,70,1,0.16
C04083,31,16,218,35,3,1
C04521,183,2,1806,55,0,0.36
C03867,31,14,574,109,0,0.18
C00753,19,19,220,30,4,0.73
C05586,38,10,438,17,1,1
C02710,33,11,613,32,1,0.14
C00878,44,7,598,81,1,0.13
C00732,205,3,1600,55,1,0.3
C02901,24,6,360,22,1,0.84
C04639,31,14,786,99,0,0.13
C05825,340,3,1171,63,0,0.33
C03785,51,13,570,57,1,0.08
C01022,6,16,813,64,0,0
C03935,175,1,530,33,0,0.47
C00288,25,10,357,27,2,0.93
C00968,15,10,713,59,1,0.03
C03186,31,10,887,84,1,0.02
C01646,8,5,127,1,0,0.45
C00172,7,13,301,22,0,0.88
C00037,36,14,436,19,3,1
C00421,280,2,1793,78,0,0.41
C02435,20,12,495,39,0,0.16
C01888,67,2,110,6,1,0.61
C05377,21,18,273,15,1,0.98
C05944,17,19,107,48,4,0.76
C04042,30,14,389,2,1,0.8
C04353,258,4,1854,50,1,0.35
C02225,16,9,762,72,0,0.23
C01859,344,6,1936,47,1,0.25
C05457,206,2,1831,26,0,0.59
C05501,18,19,419,31,0,0.96
C01694,6,13,1371,63,1,0.14
C05953,288,5,997,34,1,0.47
C04130,25,9,545,61,1,0.21
C03072,46,3,141,4,0,0.39
C02386,28,14,337,25,1,0.83
C05335,36,11,170,42,3,0.94
C03391,17,13,421,27,3,0.84
C04799,38,12,1307,41,0,0.03
C04460,32,3,417,2,1,0.6
C02662,244,3,1115,48,0,0.43
C01821,12,10,441,40,1,0.88
C02809,32,1,133,1,0,0.46
C01329,40,12,647,67,1,0
C04809,31,15,294,27,0,0.88
C01902,37,5,199,25,1,0.94
C02661,0,14,740,43,1,0
C04245,66,2,261,7,1,0.8
C04589,9,7,819,53,1,0.2
C03875,14,8,551,37,2,0.98
C00101,35,4,136,5,0,0.45
C00925,34,9,714,59,0,0.17
C02103,34,12,316,60,0,0.21
C01103,24,7,438,35,1,0.12
C05795,303,3,3233,59,1,0.18
C03892,29,6,754,90,1,0.15
C00367,9,14,513,52,0,0.09
C01153,31,7,808,73,0,0.16
C05134,31,11,386,27,3,1
C05242,6,9,595,62,1,0
C00778,30,9,772,82,0,0.37
C04481,268,3,591,48,0,0.29
C00056,22,8,222,20,2,0.95
C03046,17,10,825,84,1,0.04
C04203,43,12,814,49,0,0.21
C04539,259,4,2804,43,0,0.41
C04403,21,8,1084,66,0,0.02
C05514,266,6,1180,41,0,0.32
C03509,148,1,1949,77,0,0.38
C04760,16,13,526,28,1,0.31
C05513,32,7,643,78,0,0.02
C04625,0,17,252,29,3,0.57
C02760,14,15,319,20,1,0.69
C03376,44,8,597,52,1,0.11
C02468,60,11,1102,107,1,0.21
C04075,264,3,1150,66,0,0.14
C00825,68,3,187,6,1,0.54
C05261,36,12,457,59,0,0.49
C03824,302,6,3267,56,0,0.06
C01697,191,4,1359,36,2,0.24
C04879,35,13,1345,48,0,0.12
C02134,48,16,697,86,0,0.35
C00544,32,12,743,64,0,0.12
C05128,31,3,370,3,0,0.34
C03507,232,7,6995,58,0,0.43
C02879,20,11,889,41,0,0.19
C05997,107,1,1660,28,1,0.52
C02387,32,2,262,5,0,0.41
C04215,248,1,2932,25,1,0.24
C04979,16,8,678,57,0,0.06
C03606,190,2,2239,40,0,0.2
C00104,25,11,1113,78,1,0.11
C01002,24,13,463,32,2,0.96
C04575,200,2,582,27,0,0.35
C00435,5,13,299,59,1,0.2
C04311,55,2,257,11,0,0.45
C01361,30,11,228,14,3,0.84
C00795,27,3,143,5,1,0.7
C03048,4,9,802,55,2,0
C00575,34,3,112,2,1,0.52
C03382,27,11,841,61,0,0.13
C01455,19,18,600,32,0,0.91
C05879,27,4,87,2,0,0.53
C01335,28,15,572,47,1,0.07
C03992,60,5,213,8,3,0.52
C04498,138,7,887,37,0,0.29
C02371,31,11,524,57,0,0.19
C03701,32,2,93,4,1,0.56
C03885,19,15,732,33,0,0
C01858,10,14,341,13,1,0.98
C04007,49,12,870,66,0,0.23
C02483,10,6,481,25,0,0.04
C00251,21,16,603,52,0,0.18
C05329,52,3,113,1,0,0.45
C03337,35,6,1116,52,2,0.19
C01503,28,16,382,61,3,0.04
C03744,10,16,157,24,0,0.91
C01479,36,11,850,90,1,0.08
C04580,16,13,297,30,2,0.9
C04333,298,5,890,48,0,0.38
C01164,304,1,944,54,0,0.39
C04538,38,12,415,66,0,0.04
C05794,273,5,4649,33,0,0.68
C01982,36,2,271,7,0,0.36
C05916,50,14,688,56,0,0.21
C03529,15,12,687,37,1,0.06
C03136,38,13,313,22,1,0.88
C00720,7,10,635,47,3,1
C03741,47,5,133,3,0,0.7
C04454,18,13,607,55,1,0.25
C05692,13,13,744,53,1,0.01
C02526,39,8,1680,53,0,0.15
C04199,47,2,221,3,0,0.44
C00474,182,4,515,59,2,0.5
C04985,37,10,375,27,3,0.75
C01560,27,20,424,7,2,0.85
C04997,28,22,258,56,1,1
C02912,273,3,1498,56,0,0.41
C05356,24,9,473,43,0,0.16
C05688,0,16,879,30,1,0.18
C03800,5,19,261,21,3,0.99
C02152,14,11,723,80,1,0.2
C00036,18,20,289,30,1,0.92
C05380,46,2,243,7,0,0.54
C04470,30,18,742,34,0,0.79
C02653,64,5,292,1,2,0.38
C03138,36,18,426,31,0,1
C02147,35,14,1029,57,0,0.08
C03725,32,17,323,33,0,0.96
C01701,39,11,431,46,0,0.16
C02025,18,4,100,5,1,0.57
C02257,166,1,1251,59,0,0.47
C00938,43,20,1128,89,0,0
C05985,34,13,141,24,2,0.83
C00260,33,9,225,18,2,0.96
C00768,25,21,457,35,4,0.94
C03717,18,13,321,30,2,1
C05156,23,11,431,56,1,0.32
C00285,29,11,718,55,1,0.28
C01967,125,3,4497,34,0,0.31
C05967,5,12,454,34,2,0.91
C02441,15,12,1304,55,1,0.07
C03877,27,14,329,44,3,0.83
C05508,237,4,1598,35,1,0.36
C05971,44,10,639,58,0,0.02
C02979,24,13,176,44,4,0.95
C02900,38,8,802,25,0,0.11
C04336,79,4,440,3,1,0.53
C05752,26,5,867,81,0,0.01
C04026,35,6,972,76,1,0.18
C02151,25,11,392,66,1,0
C01856,58,13,568,79,0,0
C05784,28,1,378,1,1,0.7
C03228,41,17,298,46,4,0.99
C01648,255,2,1175,31,1,0.43
C01985,26,4,88,6,1,0.48
C00734,28,19,77,40,2,0.87
C00521,26,14,335,35,1,0.94
C05082,0,11,431,19,1,0.96
C02213,22,10,642,41,0,0.1
C05614,26,9,2241,38,1,0
C00705,12,14,292,32,0,1
C01906,33,12,1026,39,1,0
C02963,32,4,179,5,0,0.36
C02382,49,3,114,2,0,0.55
C04507,208,5,3349,63,1,0.22
C02734,7,8,1354,42,2,0.18
C00737,169,6,1759,14,0,0.06
C02208,0,6,81,4,1,0.38
C02477,14,11,337,48,1,0.1
C00079,184,5,3169,31,0,0.26
C05104,238,4,2329,3,0,0.62
C04588,293,1,2353,44,4,0.15
C04792,34,8,365,82,1,0.14
C05176,169,3,1080,45,2,0.52
C00295,18,4,264,6,0,0.45
C02931,284,3,4161,73,1,0.43
C00749,38,3,237,2,1,0.62
C04496,21,13,445,39,0,0.91
C05243,29,11,257,19,2,1
C05461,32,12,275,4,1,0.94
C04411,16,11,284,21,0,0.8
C01726,259,1,457,41,0,0.35
C00420,37,2,315,5,0,0.45
C00662,25,17,257,34,3,1
C03682,41,11,1478,81,1,0.11
C02835,62,3,103,1,0,0.37
C02780,47,1,128,4,0,0.61
C02339,0,11,774,40,0,0.06
C03407,38,10,790,16,1,0.9
C02490,53,5,310,8,0,0.49
C02529,28,16,981,76,0,0
C02960,25,12,543,44,0,0
C00072,28,16,1813,36,1,0.01
C01120,36,11,500,51,0,0.01
C03788,44,13,756,101,1,0.19
C03250,33,11,542,88,0,0
C00910,40,10,501,91,0,0
C02642,28,4,132,4,2,0.29
C04777,32,9,663,50,0,0.16
C04624,31,10,396,50,1,0.23
C05598,110,2,3090,76,0,0.36
C00402,77,3,263,3,0,0.83
C02784,22,14,805,62,0,0.22
C05152,25,17,1090,51,0,0.08
C01966,67,3,212,1,0,0.57
C00605,37,1,146,6,0,0.65
C03219,27,16,451,22,2,0.98
C01932,41,21,362,35,0,1
C01069,57,5,207,4,0,0.76
C03426,6,11,554,57,0,0.05
C02893,22,17,137,21,2,0.87
C00063,270,3,1776,54,1,0.12
C05378,0,13,725,34,1,0.16
C00089,168,3,1687,29,2,0.51
C00187,34,7,1075,73,1,0
C00022,39,8,602,41,0,0
C02309,36,3,234,5,0,0.73
C02287,25,14,255,34,4,0.91
C01638,25,12,470,43,0,0.16
C02895,34,4,112,6,0,0.4
C04448,16,10,408,44,0,0.47
C00762,202,4,1197,44,0,0.36
C03290,51,11,599,49,1,0.21
C05387,40,10,215,54,1,0.9
C01252,37,14,332,22,2,1
C00140,313,2,1499,32,0,0.2
C02489,41,11,1152,78,0,0.07
C04573,101,8,910,57,0,0.5
C04382,32,12,2019,34,0,0.28
C04869,26,5,631,90,0,0.13
C05394,29,12,269,35,2,0.93
C04951,282,5,1131,56,1,0.33
C02432,215,6,1311,44,1,0
C01203,27,6,278,32,3,0.89
C01970,24,13,409,56,0,0.29
C02090,74,5,123,2,0,0.56
C01088,257,4,2312,28,1,0.25
C02886,60,18,766,33,4,0.86
C03435,33,12,1048,62,0,0.02
C03044,55,3,124,3,0,0.67
C05426,39,15,1344,84,2,0.04
C01976,34,3,162,6,0,0.52
C05161,41,10,457,45,2,0.9
C03816,28,14,137,42,2,1
C05622,147,2,4543,36,1,0.38
C03932,34,3,122,6,0,0.62
C02930,25,8,1576,87,0,0.1
C04228,14,12,501,57,0,0
C00703,27,10,718,80,1,0.11
C03554,29,2,118,7,1,0.6
C04112,23,10,903,56,3,0.01
C02543,43,4,112,4,0,0.59
C04178,31,12,240,17,1,0.89
C04840,176,4,2141,33,0,0.62
C05696,45,12,809,51,0,0
C01625,16,16,241,41,2,0.91
C00116,10,10,986,91,0,0.13
C05824,6,15,866,61,1,0
C00391,4,1,161,5,0,0.52
C05416,30,17,214,30,0,0.61
C05922,31,10,833,78,1,0
C04895,32,3,78,1,0,0.39
C00403,228,4,4000,43,0,0.46
C05091,211,4,2679,58,0,0.12
C00867,27,16,294,44,2,0.68
C03160,198,2,3136,41,0,0.36
C03642,28,9,1730,64,1,0.16
C00898,17,3,396,3,0,0.51
C00613,21,12,1212,61,0,0.12
C03562,18,17,406,22,3,1
C00126,29,14,1202,42,1,0.33
C02230,221,3,927,79,0,0.24
C02897,43,17,130,31,1,0.95
C00523,25,3,337,4,0,0.49
C02194,6,9,200,52,5,0.79
C03005,32,5,238,4,0,0.48
C01187,10,6,452,52,1,0.07
C05650,285,6,2144,68,1,0.45
C04735,14,11,988,56,1,0.17
C03590,38,1,239,5,0,0.69
C00996,41,12,221,46,1,0.83
C01759,42,5,190,7,0,0.74
C05718,42,10,615,45,0,0.2
C02379,186,4,2501,39,1,0.56
C01198,16,14,446,78,1,0.08
C02983,37,3,172,4,0,0.71
C02298,185,3,1051,54,1,0.31
C01951,44,3,94,4,0,0.54
C05297,55,5,965,70,0,0
C01466,32,9,821,14,1,0.9
C01126,30,18,327,8,4,0.77
C03635,43,19,188,9,3,1
C04285,0,5,188,5,0,0.47
C01265,44,7,1017,58,0,0.07
C03220,21,13,1270,48,0,0.29
C05590,21,13,441,25,5,0.93
C00363,38,8,592,9,4,0.87
C05707,190,4,1592,55,0,0.4
C04344,20,15,273,52,1,0.88
C05962,4,20,328,25,1,1
C04183,19,3,352,6,0,0.49
C03224,19,13,699,79,0,0.14
C03827,39,15,465,63,3,0.91
C03570,70,11,1221,56,1,0.04
C01637,0,9,704,71,1,0.18
C00958,23,3,84,5,0,0.67
C04297,75,3,196,5,0,0.6
C03728,60,13,802,78,1,0
C04402,33,13,533,21,1,0.89
C01356,29,19,268,45,2,1
C02067,33,2,216,6,1,0.66
C03631,286,3,2576,81,0,0.42
C00320,156,3,636,58,1,0.29
C00975,280,3,2006,43,1,0.41
C00986,55,10,428,46,0,0
C04442,35,3,118,6,1,0.45
C02892,34,6,265,7,0,0.49
C01986,20,12,892,69,0,0.09
C04710,163,2,1307,62,0,0.44
C02770,44,11,1046,42,0,0.02
C00760,230,4,2118,46,1,0.6
C00127,12,8,252,13,6,0.93
C04357,19,13,644,48,2,0.95
C01941,41,2,321,2,0,0.58
C04772,37,16,154,1,4,0.84
C01717,0,11,361,69,4,0.19
C02877,235,2,3780,48,0,0.3
C02297,28,16,805,72,2,0.33
C01044,345,4,4124,64,0,0.28
C01517,34,5,160,6,0,0.58
C05046,23,14,1317,60,1,0
C05108,53,2,363,6,0,0.78
C01146,0,3,145,1,1,0.67
C02718,20,1,477,3,0,0.61
C02700,40,9,1065,50,2,0.29
C02559,12,9,845,52,1,0
C05620,33,2,156,3,3,0.54
C03622,150,3,533,36,1,0.38
C05390,274,3,1877,61,1,0.49
C01090,18,14,885,30,0,0.19
C03205,44,16,194,32,0,0.98
C03090,10,9,1084,46,1,0.01
C01171,37,17,182,29,3,0.98
C01339,33,2,121,5,0,0.54
C03533,31,14,340,14,3,0.84
C05184,39,3,149,4,0,0.47
C02705,30,12,306,43,3,1
C03336,46,2,196,3,0,0.42
C02263,213,3,1756,35,0,0.28
C01528,23,23,333,30,3,1
C04309,74,4,105,5,0,0.79
C03594,0,14,321,52,1,0.02
C05020,137,4,677,84,1,0.36
C00830,41,16,745,77,1,0.01
C03515,17,1,190,3,0,0.61
C05486,22,10,437,47,1,0
C04328,37,9,1024,36,0,0
C05327,27,14,305,33,2,1
C01105,114,3,1735,41,1,0.28
C04350,19,8,444,11,2,0.96
C05917,11,11,345,16,4,0.82
C02749,45,7,234,42,1,0.32
C04477,31,12,412,15,2,0.95
C03706,38,16,477,39,0,0.9
C02597,9,10,436,67,0,0.18
C04553,22,11,446,36,0,0.92
C00076,36,9,1404,18,0,0.14
C02517,21,18,171,29,4,1
C02476,31,11,1098,37,0,0.26
C02378,26,9,727,73,0,0.08
C04890,298,4,2272,44,2,0.35
C02796,35,13,955,66,0,0.17
C05607,66,9,703,77,1,0
C02167,25,8,1259,67,0,0.13
C05555,65,3,195,5,0,0.47
C05685,53,10,1234,76,0,0
C00134,39,18,294,11,1,0.99
C04657,186,3,994,34,0,0.22
C03896,44,6,739,70,0,0.13
C00736,266,2,441,28,0,0.48
C05068,45,3,165,6,0,0.67
C03729,50,14,707,67,0,0.13
C02972,39,8,589,91,1,0.28
C05360,35,20,203,13,2,0.97
C04432,240,4,3172,46,1,0.26
C05760,223,3,1616,41,0,0.45
C02961,30,6,737,65,0,0.15
C04126,220,2,2424,21,0,0.39
C03933,28,9,535,56,0,0.13
C03344,52,5,168,1,1,0.43
C05892,43,15,166,28,0,0.95
C00781,39,11,490,37,2,0.82
C00547,26,9,1409,55,1,0.38
C02284,299,1,750,37,1,0.51
C05419,41,10,575,80,0,0.11
C01235,49,1,215,2,0,0.66
C05812,25,19,691,25,0,0.14
C03881,27,13,138,42,1,0.83
C05088,29,11,1182,69,0,0.07
C04433,31,13,2083,47,1,0.13
C01031,41,18,190,42,2,1
C05547,27,13,596,36,1,0
C05333,172,4,2368,39,1,0.2
C03020,30,13,785,71,2,0.19
C02795,224,3,1679,24,0,0.31
C00148,179,2,451,47,0,0.43
C00566,173,4,6069,16,0,0.4
C00617,34,13,311,44,0,0.08
C01863,22,8,1144,83,2,0.06
C00137,32,5,114,4,1,0.63
C04169,274,2,851,54,0,0.42
C01669,80,2,106,5,0,0.65
C05305,13,15,1641,42,2,0.17
C02248,98,5,1648,35,0,0.47
C00660,239,1,1315,45,1,0.44
C00436,48,9,470,67,1,0.02
C01618,31,16,1114,51,1,0.03
C01706,25,13,101,24,1,0.82
C05837,274,2,1002,61,0,0.25
C05886,26,10,508,92,2,0
C00393,44,15,1021,23,1,0.3
C03994,17,2,264,4,0,0.5
C02154,13,2,141,5,0,0.54
C01952,27,12,593,62,0,0
C03676,22,9,767,60,0,0.23
C02660,23,10,496,76,0,0.17
C05559,11,17,283,15,1,0.87
C03491,55,4,199,7,1,0.7
C00875,13,11,655,48,0,0.01
C05871,236,1,720,51,0,0.44
C01492,0,7,123,55,3,0.98
C05076,6,5,179,4,1,0.71
C04152,30,20,208,28,2,1
C00485,301,4,1417,72,0,0.44
C02161,219,4,2394,62,0,0.22
C02414,11,12,927,62,0,0.01
C00787,16,15,522,57,0,0.19
C01226,219,4,952,82,0,0.38
C03169,17,13,1126,88,0,0.3
C04733,8,1,401,2,1,0.45
C02887,161,6,1798,52,1,0.14
C01021,37,12,1385,59,0,0.31
C02227,33,15,245,26,0,0.9
C04092,14,18,212,24,0,0.89
C05579,115,1,565,49,1,0.55
C02330,15,10,584,61,0,0.19
C05235,48,5,327,3,0,0.54
C03373,42,11,566,54,1,0.04
C01071,25,21,192,4,1,1
C02564,213,5,1586,51,0,0.09
C01521,68,16,1696,74,1,0.03
C04093,19,19,194,16,3,1
C01744,54,8,1210,81,2,0.06
C05481,20,3,266,5,0,0.67
C00009,60,14,354,33,1,0.09
C01862,34,11,544,70,0,0.19
C04987,36,3,170,2,1,0.59
C00129,247,6,1739,63,0,0.17
C01204,241,4,2801,43,1,0.45
C00641,5,11,1133,55,0,0.01
C03506,19,13,594,62,2,0.84
C04049,156,4,2913,43,0,0.36
C01690,38,8,817,70,0,0
C04648,38,10,881,47,0,0.24
C04956,14,22,128,39,1,0.86
C00141,118,2,2388,26,0,0.16
C03235,24,3,330,6,1,0.45
C04993,23,12,755,61,0,0.25
C03135,45,9,540,57,0,0
C02295,41,1,128,5,0,0.5
C02812,30,10,1076,86,0,0
C05538,14,5,158,6,1,0.78
C01085,63,1,67,5,1,0.7
C04277,322,4,1679,70,1,0.41
C04917,21,20,329,19,2,0.9
C02234,29,12,264,57,2,0.92
C05308,14,13,898,50,0,0.09
C00989,60,1,246,4,0,0.42
C05636,26,10,725,53,1,0.11
C04902,24,10,648,66,0,0.17
C01845,42,15,275,36,0,0.81
C03720,18,17,510,32,2,0.73
C04756,47,9,897,97,0,0
C00534,77,1,192,4,0,0.5
C02775,191,5,4056,46,0,0.44
C01755,31,10,775,73,1,0.17
C01298,35,18,201,37,3,0.62
C01102,268,4,783,54,0,0.39
C05102,12,17,272,23,1,0.86
C04461,246,2,1777,53,0,0.32
C01692,26,5,251,6,0,0.5
C03749,32,15,205,31,2,0.81
C02677,12,2,532,27,2,1
C04428,35,13,1451,89,0,0.1
C02759,37,12,740,58,1,0
C03890,26,9,725,89,2,0.23
C01114,33,15,807,43,1,0.07
C01909,219,1,1527,39,3,0.47
C04489,23,10,382,51,0,0.1
C01419,32,10,377,66,0,0.17
C05031,281,1,2138,62,0,0.23
C03229,18,13,910,73,1,0.09
C01581,30,10,221,36,2,0.73
C01179,35,8,559,65,0,0.3
C04351,4,10,1091,41,0,0.08
C02182,181,3,2917,48,0,0.38
C05240,17,2,137,5,0,0.54
C03948,21,13,526,48,0,0.85
C00603,272,3,747,62,0,0.47
C04641,32,5,682,63,1,0.31
C01458,19,4,118,4,1,0.44
C03119,10,2,158,5,0,0.57
C05168,38,6,381,5,1,0.29
C02484,152,5,1271,85,0,0.62
C03889,31,12,1227,29,0,0
C02166,30,20,328,32,1,0.91
C05489,52,13,2116,50,0,0.18
C04673,17,9,554,75,0,0.18
C02266,31,11,181,34,0,1
C03707,24,18,1154,68,1,0.16
C02495,59,15,563,57,0,0.07
C04211,3,14,672,51,2,0.08
C02443,65,4,177,3,0,0.66
C00399,36,3,153,6,1,0.68
C03488,204,1,4440,31,1,0.29
C00305,62,4,268,2,1,0.49
C01256,55,4,211,1,0,0.56
C04550,23,17,160,27,2,0.85
C04170,275,3,1077,56,0,0.42
C00530,27,10,294,34,1,0.86
C00160,53,11,415,56,0,0.21
C05429,252,3,1060,32,2,0.37
C00858,298,1,2777,41,0,0.46
C02863,45,15,578,34,3,1
C02848,292,2,1430,54,0,0.52
C00067,37,16,577,56,1,0
C01511,18,13,377,23,3,1
C01311,28,9,494,57,1,0.11
C00696,176,1,1232,49,0,0.13
C04707,38,1,736,90,1,0.15
C05809,118,6,2991,44,1,0.02
C00138,193,2,1581,30,0,0.44
C01515,57,2,196,4,0,0.54
C00156,178,4,1679,20,1,0.5
C04811,197,3,1305,41,1,0.27
C01030,35,16,406,34,1,1
C05234,12,1,311,4,0,0.76
C01471,209,2,1765,29,1,0.37
C01687,75,3,163,4,0,0.53
C03623,92,3,780,50,0,0.51
C01912,12,9,180,15,3,0.95
C02800,27,3,242,4,0,0.4
C01446,18,13,293,16,1,0.72
C03863,156,3,2099,52,0,0.33
C04566,19,8,766,51,2,0.12
C01052,351,3,963,59,1,0.35
C01736,162,3,880,53,0,0.34
C00087,11,13,116,52,0,0.82
C00226,40,13,1947,80,0,0.14
C03334,19,16,126,11,1,0.93
C05937,9,13,685,58,1,0.1
C00556,32,12,232,17,3,0.95
C03909,94,3,965,65,0,0.42
C05846,24,14,692,93,0,0.13
C03921,39,6,531,51,1,0.12
C04672,16,6,1633,47,2,0.16
C01358,37,17,307,37,1,0.91
C01770,38,13,438,71,0,0.11
C00776,32,11,288,63,1,0.04
C00903,31,14,995,57,0,0.05
C01136,65,3,351,2,0,0.47
C00655,30,13,275,30,2,0.9
C02421,29,10,739,22,3,0.9
C00699,40,7,546,51,0,0.01
C05570,38,2,144,5,0,0.57
C05115,48,3,189,3,1,0.52
C01758,11,9,467,38,0,0.87
C01835,40,13,527,47,1,0.18
C02678,43,2,154,8,0,0.48
C00940,22,10,339,45,0,0.27
C05341,52,4,179,4,1,0.64
C00545,24,12,587,92,0,0.03
C01806,21,11,347,22,2,0.84
C00384,33,22,122,29,3,0.92
C03995,73,3,2946,65,0,0.23
C03146,36,11,395,47,1,1
C05821,35,5,1199,57,1,0.05
C03295,19,9,435,58,0,0.07
C02109,6,9,580,79,0,0.02
C02657,18,9,789,56,0,0
C03837,58,12,641,30,0,0.1
C05121,36,14,417,23,4,1
C03211,47,11,703,44,0,0.17
C03799,359,4,2227,31,0,0.4
C04413,255,2,861,44,1,0.31
C03057,47,12,1175,74,0,0.24
C04492,36,1,314,9,0,0.6
C02581,37,6,260,5,0,0.43
C02649,23,16,1490,62,1,0.06
C03656,17,11,286,18,1,0.88
C04713,39,10,913,44,0,0.05
C04701,37,2,91,4,1,0.47
C00190,47,13,199,14,1,0.96
C01670,18,16,1034,50,1,0.36
C03987,58,10,446,65,0,0.03
C05208,11,14,1488,54,0,0.15
C05529,279,1,988,65,0,0.13
C03255,25,11,800,45,1,0.33
C01533,60,5,204,4,0,0.43
C05838,43,1,243,4,0,0.59
C05247,55,6,70,5,0,0.53
C03888,174,5,2050,42,1,0.49
C05016,36,4,263,4,0,0.49
C02839,46,13,1033,66,0,0
C05427,47,12,289,47,3,0.97
C00034,71,1,82,5,0,0.72
C02063,42,19,510,52,2,0.26
C01309,27,10,2077,70,1,0.06
C05106,22,2,100,7,0,0.51
C03179,29,7,691,49,1,0.21
C02907,27,10,1152,26,2,0.84
C03832,0,7,214,18,1,1
C00452,16,7,539,52,0,0.14
C01693,81,5,108,7,0,0.3
C03821,38,12,581,51,0,0.19
C04687,6,6,1400,36,0,0.21
C01342,36,11,681,83,2,0
C03437,26,13,1164,75,1,0
C01636,21,16,1184,111,2,0.07
C04874,39,9,921,72,0,0
C00804,37,15,525,38,0,0.08
C01688,33,18,435,40,2,1
C00489,282,1,4102,56,0,0.53
C04635,28,16,1336,65,0,0.26
C01965,60,5,385,5,0,0.49
C02902,19,9,663,31,0,0.05
C01814,7,13,582,55,1,0.14
C05510,21,2,162,5,0,0.65
C03390,23,14,207,39,1,1
C00061,45,19,179,47,3,1
C05786,48,11,1009,72,0,0.3
C00227,33,16,813,75,0,0.13
C04314,10,10,295,22,2,0.85
C02959,21,10,1147,27,1,0.29
C04098,19,23,202,40,3,0.63
C04665,11,10,431,48,2,0.85
C04271,236,2,1245,77,1,0.33
C05271,56,6,779,64,1,0.08
C05470,0,12,269,19,2,1
C02334,37,2,188,3,0,0.65
C04389,30,3,114,2,2,0.37
C03378,15,9,789,36,0,0.21
C01664,42,1,96,6,1,0.41
C02614,43,12,1280,54,0,0.24
C05679,35,13,646,18,1,0.24
C00932,27,10,210,28,6,0.79
C05258,10,16,630,25,0,0.04
C03715,46,2,191,7,0,0.4
C03671,26,9,877,44,2,0
C04185,52,7,1262,69,2,0
C05017,201,2,1739,28,0,0.41
C03812,23,20,198,33,1,0.8
C01973,43,7,573,70,0,0.19
C04034,16,10,1055,72,0,0.35
C02368,40,12,484,57,0,0.2
C03984,12,11,669,62,0,0.04
C00552,21,12,278,44,3,0.82
C03751,67,1,252,1,1,0.65
C01691,33,10,139,29,3,0.97
C03774,35,12,1224,57,1,0.22
C01482,19,11,648,84,0,0.01
C00217,33,6,1063,65,0,0.25
C03897,201,5,3332,23,0,0.17
C00540,0,10,369,83,1,0.43
C04594,15,10,340,33,1,1
C05227,277,4,1459,45,0,0.44
C05661,17,15,196,37,2,1
C05085,330,4,1621,46,0,0.29
C04739,252,1,2641,60,2,0.35
C03339,42,1,70,4,1,0.62
C05901,21,5,528,6,0,0.5
C01253,23,10,716,90,0,0.09
C05982,35,20,169,25,2,0.74
C04528,30,16,1004,95,0,0.18
C00040,40,17,235,39,2,1
C01981,72,3,145,2,1,0.5
C00210,194,2,798,78,1,0.42
C04422,28,15,1403,67,0,0.26
C04909,59,18,236,27,2,0.95
C05670,30,14,314,41,0,1
C04016,86,3,239,1,0,0.51
C03095,16,3,222,1,1,0.59
C03511,43,1,232,1,1,0.72
C05983,18,11,696,91,0,0
C00174,299,3,1181,39,0,0.5
C05882,31,16,197,20,3,1
C00501,24,11,179,18,2,0.98
C05267,30,17,728,105,0,0.16
C02818,31,4,405,3,0,0.57
C04737,35,7,469,70,0,0.06
C03292,178,6,767,72,1,0.21
C02937,39,13,611,76,2,0.21
C02626,25,14,385,16,1,0.85
C03817,25,2,341,6,0,0.82
C01223,13,12,330,20,1,0.7
C03114,0,14,988,67,0,0.27
C00970,31,10,327,61,1,0.03
C04457,37,10,1020,69,0,0.15
C03168,28,6,450,87,1,0.14
C00162,163,5,1394,48,1,0.43
C03808,54,4,214,2,2,0.56
C04224,27,15,337,33,1,0.84
C04978,253,1,1448,62,0,0.47
C00167,26,4,382,83,0,0
C03609,17,19,230,21,3,0.97
C00268,267,4,763,38,0,0.39
C03013,34,15,724,53,0,0.02
C00405,13,9,822,70,0,0.03
C05739,47,12,1130,40,0,0
C05643,40,3,187,1,0,0.61
C05531,47,3,122,5,0,0.53
C04633,41,4,153,3,1,0.5
C02059,17,15,359,13,4,0.89
C05480,13,20,669,50,0,1
C04700,17,1,133,6,0,0.47
C04965,270,2,868,78,0,0.41
C05674,46,1,174,5,1,0.64
C00870,229,2,1618,74,1,0.29
C02085,265,5,3176,45,0,0.33
C00777,20,18,348,14,1,1
C04141,21,1,211,1,0,0.76
C01542,108,5,901,40,1,0.43
C03667,20,18,220,35,1,0.78
C00445,38,11,402,43,1,0.36
C04675,34,14,1045,61,0,0.05
C04976,14,13,129,39,1,1
C01629,52,3,267,3,0,0.58
C04366,0,13,222,37,0,1
C05839,25,15,761,72,2,0.25
C05657,44,13,557,73,1,0
C02757,69,5,207,5,2,0.34
C02697,44,10,880,76,2,0.04
C04089,7,12,351,34,1,0
C00710,24,11,843,29,1,0.16
C00874,57,2,125,6,2,0.54
C01963,19,5,194,4,0,0.44
C05130,289,5,1256,37,0,0.34
C05803,42,3,141,3,0,0.33
C02679,210,5,2947,50,1,0.36
C02652,33,9,962,76,0,0
C01950,39,9,1211,39,1,0.09
C05472,29,19,570,1,2,0.94
C02789,272,4,1812,60,0,0.4
C04992,56,2,143,3,0,0.48
C03130,38,17,139,50,1,0.86
C04875,44,1,202,2,0,0.15
C05950,277,2,1121,32,0,0.31
C04651,153,1,3164,78,0,0.51
C05385,291,1,1505,55,1,0.34
C05731,20,12,302,40,2,0.98
C04613,29,9,739,91,2,0.34
C03365,32,14,236,34,1,1
C02049,23,16,861,77,1,0.09
C02460,128,2,1181,72,0,0.38
C03451,51,2,119,1,0,0.45
C03657,312,5,1680,64,0,0.51
C04287,31,8,1261,38,0,0.2
C05573,32,12,1094,88,0,0.22
C03254,21,9,1440,79,0,0.06
C04078,30,6,1270,45,1,0.16
C05040,36,2,130,5,0,0.4
C03770,44,11,559,50,1,0.04
C04014,29,11,634,71,1,0.06
C01569,30,1,205,4,1,0.67
C01579,17,11,251,11,1,0.99
C04749,4,3,389,5,1,0.65
C05849,34,10,178,33,3,0.69
C02082,48,9,581,54,0,0
C04472,26,5,97,3,1,0.43
C05561,20,10,319,56,2,0.86
C05015,38,7,429,77,1,0.18
C01714,58,12,431,82,0,0.29
C05621,36,9,882,71,1,0.06
C00255,66,4,167,2,0,0.59
C05876,34,8,1315,67,1,0.34
C03560,29,14,98,9,2,0.83
C05757,2,12,279,22,3,0.92
C02247,23,10,493,82,0,0.1
C03289,9,8,861,48,3,0.2
C00513,25,8,269,29,3,0.97
C00028,83,3,185,2,0,0.86
C02985,4,9,329,19,1,0.76
C00740,39,19,428,47,3,0.76
C05725,10,2,152,2,1,0.69
C00066,0,4,168,9,1,0.7
C03425,8,17,215,26,2,1
C00950,42,14,239,34,3,1
C02572,29,4,182,5,0,0.52
C05943,41,12,472,22,0,0.95
C01438,46,13,817,37,0,0.04
C03838,50,9,663,48,0,0.1
C01074,40,9,764,63,0,0.11
C05638,23,2,83,5,1,0.58
C05511,27,2,221,4,0,0.63
C00354,17,2,146,5,1,0.78
C05703,37,5,70,5,1,0.51
C00239,31,13,600,90,2,0.1
C05430,152,1,4445,54,1,0.39
C03660,15,13,919,55,1,0.05
C05287,3,7,556,72,0,0
C03542,32,10,619,65,1,0
C02305,163,3,2108,54,0,0.61
C00001,31,7,245,25,1,0.84
C00634,27,3,188,6,0,0.35
C04996,15,9,568,66,0,0.1
C04504,32,1,176,3,2,0.53
C03781,15,13,773,27,0,0.03
C05817,78,4,182,3,0,0.69
C04530,36,8,612,71,1,0.34
C02915,44,5,297,4,0,0.41
C03079,26,11,392,15,0,0.89
C02373,33,10,735,49,0,0.05
C05455,45,3,186,6,2,0.41
C03259,32,22,264,57,1,0.89
C02945,39,3,240,4,0,0.61
C04441,300,2,1640,38,0,0.28
C00330,23,14,610,7,1,0.05
C00369,256,5,1887,75,0,0.46
C05502,196,3,1503,46,0,0.32
C02301,31,4,136,5,0,0.48
C01095,32,9,630,81,0,0.16
C00336,29,11,858,40,0,0.05
C01590,24,1,158,3,0,0.56
C02377,49,8,734,29,0,0.13
C03775,377,3,2117,42,0,0.36
C01527,34,9,927,38,0,0.2
C04732,165,3,1665,76,0,0.4
C04619,69,5,1620,52,1,0.34
C04988,21,5,710,48,1,0.25
C02921,19,14,555,61,2,0.2
C05174,298,3,999,37,1,0.22
C01823,14,7,446,59,0,0.26
C03937,33,12,299,19,4,0.73
C01871,168,3,1275,36,0,0.46
C02623,28,15,151,41,2,0.88
C05697,258,3,921,52,1,0.3
C03006,35,13,373,66,0,0
C01600,25,14,181,26,2,0.99
C02783,13,10,366,34,1,0.1
C02340,44,2,189,5,1,0.77
C03513,39,13,929,77,1,0.28
C05552,44,14,608,57,1,0.11
C05957,21,9,574,47,1,0.17
C05975,34,2,231,2,0,0.34
C03945,20,2,269,6,0,0.59
C04576,12,17,235,16,1,0.8
C03956,40,9,696,87,1,0.02
C05237,33,14,810,56,0,0.1
C05536,43,6,306,33,0,0.89
C02779,82,2,255,2,1,0.6
C05827,27,3,245,6,1,0.52
C05646,27,9,981,43,1,0.12
C00179,26,5,89,5,0,0.51
C02155,30,8,977,50,0,0.23
C03436,22,13,301,32,3,0.87
C01807,242,2,960,45,0,0.52
C00418,33,6,1022,58,2,0.06
C05651,28,14,669,51,2,0.32
C02633,30,15,200,27,3,0.97
C03118,20,12,573,45,3,0.04
C03834,40,14,247,16,0,1
C01787,64,6,316,4,0,0.49
C01447,38,14,577,37,2,0.1
C05254,19,13,182,29,3,0.9
C01124,43,9,272,44,1,0
C01980,278,2,2310,35,0,0.22
C05324,30,3,92,8,2,0.73
C01359,5,13,315,32,1,1
C04003,9,8,1106,13,1,0.1
C01323,34,15,274,13,3,0.93
C05721,26,14,187,32,4,0.99
C05778,42,10,549,17,4,0
C01915,20,14,266,31,2,1
C00946,353,2,2376,68,0,0.33
C00189,29,10,504,73,1,0.2
C00178,288,3,3176,28,0,0.25
C01125,32,18,331,22,1,0.82
C00750,18,15,360,30,0,0.22
C05322,33,12,91,45,4,0.88
C04851,28,3,492,3,0,0.43
C00801,227,4,3971,56,0,0.19
C05715,34,17,286,34,1,0.91
C03979,90,3,159,3,0,0.56
C00275,35,5,935,57,1,0.19
C02296,28,13,968,46,1,0.16
C02726,68,2,125,1,0,0.5
C02861,11,13,632,75,1,0.07
C02192,26,14,1418,61,0,0.19
C00829,56,2,190,3,0,0.3
C03527,21,12,1308,31,2,0.18
C02422,191,1,1819,55,0,0.39
C02786,0,1,239,5,0,0.65
C03724,194,1,4617,24,1,0.27
C03899,286,3,1051,70,0,0.44
C01504,268,7,1781,51,1,0.29
C02312,251,3,912,48,0,0.44
C02223,50,15,1102,68,2,0.21
C04894,43,12,476,46,0,0
C05215,6,6,102,28,1,0.99
C00852,40,1,310,7,0,0.38
C02656,35,3,255,1,1,0.74
C02218,42,3,252,6,1,0.49
C03360,14,5,1078,102,0,0.07
C01756,35,1,127,1,1,0.45
C02913,31,8,735,69,1,0
C05530,33,1,157,3,0,0.47
C02126,50,10,1280,43,0,0.11
C05595,26,9,1221,53,1,0
C02415,85,2,190,2,0,0.31
C00444,42,11,1359,51,1,0.11
C00809,31,4,229,42,1,1
C05915,34,11,550,24,0,0.15
C03988,19,11,931,54,0,0.07
C02001,44,13,552,46,4,0.92
C00426,32,13,1026,51,1,0.24
C00726,29,12,1106,74,0,0
C00222,30,6,588,65,0,0.05
C03222,49,12,170,24,0,0.93
C04666,22,18,366,16,6,0.89
C01134,29,13,1085,77,0,0.2
C01674,276,3,1352,82,0,0.37
C00902,10,11,1275,50,1,0.11
C02925,32,14,256,38,1,1
C03714,14,12,614,80,1,0.02
C05885,41,4,194,1,0,0.48
C05746,16,16,421,60,1,0.16
C04050,79,3,139,6,0,0.61
C02348,0,10,760,62,1,0
C01011,33,3,167,8,0,0.6
C02950,48,13,270,55,6,0.9
C00348,180,4,439,53,0,0.22
C02114,11,3,336,5,0,0.55
C02969,285,1,1338,26,0,0.32
C03779,42,14,701,63,0,0.19
C01954,242,5,827,38,0,0.57
C01396,27,14,323,9,1,1
C03463,15,13,187,31,0,0.99
C04899,300,1,1187,41,0,0.44
C04921,0,19,377,28,1,1
C05596,34,11,1151,88,1,0.24
C04194,42,8,1201,74,1,0.21
C02634,38,11,1159,52,0,0.11
C04984,61,2,91,2,1,0.61
C03318,21,2,537,7,0,0.49
C02236,31,2,248,4,1,0.48
C04302,36,23,177,15,3,1
C04654,15,8,402,43,1,0
C00632,341,4,1519,51,0,0.4
C01804,165,1,1936,52,0,0.41
C03192,39,17,548,87,0,0.16
C00270,24,12,1004,51,0,0.16
C03177,8,18,481,30,1,1
C01721,25,11,151,36,2,0.86
C01574,33,18,735,56,1,0.09
C03736,57,1,263,3,1,0.69
C02699,14,13,152,33,2,0.99
C05165,43,10,389,61,0,0
C03458,43,2,265,4,0,0.83
C03357,225,3,1762,67,0,0.33
C03392,235,3,808,80,0,0.23
C04400,32,14,196,40,2,0.91
C03272,41,11,156,19,3,0.85
C01673,26,12,1191,49,0,0.28
C01722,64,2,142,6,0,0.46
C01789,22,9,857,44,0,0
C00985,288,4,2625,34,0,0.2
C00025,51,10,838,88,0,0.25
C01506,3,17,526,32,1,0.82
C04072,32,3,122,5,0,0.73
C02654,23,1,226,1,0,0.61
C03688,33,1,186,3,0,0.49
C04010,42,13,234,28,2,0.97
C01724,23,19,177,43,1,0.92
C04928,80,7,326,1,0,0.56
C05411,30,11,644,41,2,0.11
C05996,43,11,355,74,0,0
C05236,41,17,157,48,0,1
C01292,12,4,137,5,0,0.46
C00004,20,9,1009,69,2,0.02
C01868,5,16,134,27,1,1
C02778,8,11,979,57,1,0.03
C04121,14,18,137,30,1,0.87
C00430,175,4,2357,27,0,0.52
C00839,37,9,777,45,0,0
C00542,251,2,1114,36,0,0.3
C05668,29,7,1079,48,0,0.15
C03771,27,8,483,36,3,1
C00502,31,13,439,23,3,1
C01730,191,5,1740,31,0,0.53
C05110,14,15,415,30,2,0.8
C02846,3,1,167,4,0,0.43
C00893,48,3,156,3,0,0.67
C02934,28,11,636,77,0,0.08
C01968,6,15,1144,36,0,0
C02873,19,10,162,19,1,0.84
C04931,48,18,104,24,1,0.91
C04915,221,4,2187,48,0,0.53
C03117,146,3,795,49,0,0.48
C00033,99,4,2932,59,0,0.61
C03852,33,19,263,26,1,0.82
C04070,22,13,505,74,0,0.39
C02854,43,11,572,44,0,0.28
C02563,16,4,102,1,1,0.66
C01070,23,12,292,36,1,1
C01173,240,3,2189,52,1,0.25
C01147,33,15,248,21,2,0.8
C01561,193,6,2050,40,0,0.37
C00585,41,12,599,64,0,0.06
C04962,16,17,660,26,1,0.01
C00947,11,18,307,43,1,1
C02681,29,11,116,26,0,0.86
C03418,63,12,815,29,0,0.07
C04602,13,14,399,47,0,0.08
C05188,11,16,854,62,0,0.14
C05833,25,10,273,12,3,0.78
C01621,62,4,175,6,0,0.51
C01584,13,13,1186,42,0,0
C04958,52,4,106,3,0,0.45
C03563,34,2,222,3,0,0.72
C00890,64,2,129,3,1,0.53
C03009,203,3,1266,46,0,0.43
C01536,57,12,1124,68,1,0
C01632,19,15,612,75,1,0.12
C01249,199,4,7999,48,0,0.38
C00046,34,9,300,63,0,0.28
C00186,28,15,925,85,0,0
C00103,31,9,857,60,0,0.16
C01630,32,17,513,77,0,0
C05386,2,13,575,65,2,0
C01301,37,8,620,43,0,0.11
C00666,51,2,344,2,0,0.49
C02815,36,8,980,53,3,0.83
C04390,52,4,266,1,0,0.46
C02179,43,14,602,43,1,0.3
C04727,264,6,1542,52,0,0.31
C00467,43,11,1037,32,0,0.22
C04018,32,3,78,1,0,0.76
C05045,28,12,815,77,0,0.23
C02948,14,10,354,72,0,0.15
C01801,11,10,1265,53,0,0
C01034,45,8,1779,74,1,0
C02664,32,14,928,43,0,0
C02100,42,14,214,1,2,0.92
C01098,0,15,535,78,0,0.04
C03805,43,8,550,47,1,0.08
C04944,27,13,335,36,4,0.85
C05055,335,4,668,68,0,0.35
C02741,224,3,759,30,2,0.27
C02478,44,1,59,7,0,0.79
C03184,52,9,1285,59,1,0.01
C02752,29,8,493,32,4,0.85
C04048,58,11,735,65,0,0.07
C04714,43,12,1253,56,0,0.04
C01277,196,3,2230,22,0,0.35
C02240,67,2,108,1,0,0.69
C00904,34,10,531,65,0,0.04
C05793,26,7,741,43,0,0.11
C04325,30,11,774,39,0,0.14
C03314,34,4,197,2,0,0.71
C02936,18,12,323,23,0,0.88
C05255,38,3,71,1,0,0.6
C02911,23,9,860,63,0,0.01
C05347,275,5,1173,55,0,0.44
C02801,11,3,492,2,1,0.55
C00499,45,12,224,35,2,0.85
C00684,4,11,811,21,1,0.04
C02337,30,14,237,8,2,0.86
C02575,115,4,1909,50,3,0.16
C03159,30,16,805,51,0,0.05
C03873,48,3,93,5,0,0.64
C02952,21,13,918,53,0,0.14
C04725,17,14,238,26,0,1
C01189,317,6,1285,33,0,0.31
C01130,21,18,136,20,2,0.9
C02790,29,6,566,64,0,0.3
C00579,171,2,690,33,0,0.28
C01115,18,16,754,45,0,0.06
C00296,2,3,347,6,0,0.56
C01281,51,1,144,4,0,0.34
C04954,156,4,721,17,1,0.51
C03524,40,1,182,3,0,0.6
C03966,228,5,2115,31,1,0.48
C04652,30,12,573,54,0,0.3
C03447,65,11,588,38,0,0.21
C03321,53,10,643,68,1,0.28
C01825,171,5,779,36,0,0.35
C05659,27,14,497,73,2,0.12
C05717,26,14,162,21,0,0.93
C03644,36,10,668,50,1,0.11
C01564,13,1,295,6,1,0.51
C03446,30,3,97,4,1,0.55
C03530,40,15,1160,62,2,0.14
C03628,37,13,214,19,1,0.81
C02833,189,6,1223,59,0,0.5
C03301,28,9,347,58,1,0.23
C04116,17,10,1307,76,1,0.21
C00282,0,10,288,48,0,0.9
C04668,0,12,501,48,0,0.05
C05924,30,9,505,65,0,0.07
C01080,38,14,1163,71,0,0.06
C03058,33,11,566,53,0,0.18
C03064,28,8,453,80,0,0.24
C01840,184,4,1705,54,1,0.42
C03215,23,13,650,56,0,0.16
C03876,4,10,120,52,3,0.93
C03690,12,13,774,42,1,0.16
C05698,239,2,1697,59,0,0.55
C04640,29,10,1167,48,0,0.16
C02111,31,21,135,27,2,1
C01805,216,4,2487,47,0,0.54
C03544,9,7,449,27,0,0.15
C00769,286,2,736,46,0,0.31
C03276,50,4,142,3,0,0.58
C04165,26,9,661,43,0,0
C03483,43,11,812,40,0,0
C00969,38,1,219,8,0,0.45
C04020,32,11,466,56,1,0.18
C00911,237,2,1467,45,0,0.12
C02624,33,5,484,35,0,0
C03895,35,9,1546,34,0,0.13
C05745,11,16,422,37,2,0.95
C03636,171,5,573,68,0,0.36
C05554,270,2,832,42,1,0.26
C00115,303,5,1931,26,0,0.1
C03901,20,6,990,61,1,0
C02658,16,12,233,46,0,0.92
C02556,40,13,255,36,1,0.64
C04786,21,15,173,35,1,0.91
C05857,18,12,1283,30,0,0
C05122,196,5,1310,58,0,0.5
C05074,33,9,1333,56,1,0.07
C01320,25,16,1639,62,0,0.07
C03535,0,14,392,7,2,1
C05495,65,8,936,51,1,0
C04527,21,7,245,47,0,0.82
C05093,19,9,305,46,1,1
C01041,25,13,565,36,0,0.2
C01424,29,9,291,12,1,0.98
C02709,73,5,1607,50,2,0.33
C05186,41,13,600,100,0,0.08
C04788,60,1,310,7,0,0.55
C00385,37,11,491,77,1,0.15
C00258,0,11,497,58,1,0.17
C00448,35,13,1007,60,0,0.16
C03561,54,4,184,6,0,0.47
C02072,18,13,1047,64,1,0
C05520,41,13,533,64,0,0.1
C05359,20,13,977,42,0,0.13
C03320,17,5,702,83,0,0
C05183,33,10,848,54,0,0.13
C04068,18,10,1138,75,2,0.11
C01193,27,15,234,30,1,0.08
C04884,237,1,1729,49,0,0.29
C03786,32,24,288,12,3,1
C04345,176,2,2841,45,1,0.26
C04189,34,3,141,1,0,0.59
C00003,22,15,267,24,2,1
C04173,14,9,843,57,0,0
C00860,21,11,526,60,0,0.39
C05447,220,1,1616,57,0,0.34
C05218,27,18,1060,63,0,0.01
C02123,12,1,456,5,0,0.52
C01386,127,1,409,42,0,0.19
C00100,26,16,173,14,1,0.88
C03495,39,20,218,29,1,0.86
C05936,203,2,3052,59,0,0.35
C01513,156,3,752,48,0,0.25
C03903,46,14,779,57,0,0.15
C04375,14,11,518,68,0,0.04
C02692,20,11,240,22,2,0.76
C02395,29,13,741,59,1,0.06
C03695,275,1,2572,51,0,0.37
C03798,38,12,183,49,4,1
C03018,33,18,308,36,0,1
C02027,35,10,267,39,0,0.8
C01829,22,17,393,26,3,1
C01232,23,15,1157,95,0,0.18
C04220,39,12,959,41,0,0
C04222,196,6,1487,82,1,0.28
C05770,25,17,286,30,1,1
C05934,12,15,743,39,1,0.91
C01121,33,12,1154,63,1,0.26
C00415,18,17,120,2,1,0.73
C03794,186,3,3181,53,0,0.27
C01378,3,1,177,5,0,0.53
C00289,354,6,1050,70,2,0.36
C05379,297,2,2122,23,1,0.33
C01678,35,4,243,4,0,0.63
C03782,21,12,883,53,0,0.04
C03833,66,9,987,53,0,0.14
C05720,0,11,659,55,0,0
C00432,150,3,859,33,0,0.22
C01444,0,5,1944,87,1,0.06
C04522,36,1,250,3,0,0.56
C02278,47,11,1042,65,1,0.05
C02327,28,9,1375,80,0,0.06
C01777,46,2,63,3,0,0.71
C03864,26,19,225,20,2,0.91
C04584,22,15,210,33,0,1
C05753,18,8,643,28,3,0.81
C00446,344,1,2968,55,0,0.36
C01881,27,5,244,1,0,0.5
C05711,33,2,249,3,0,0.28
C02124,41,8,814,54,0,0.12
C04848,42,19,256,35,5,0.78
C04140,39,12,485,33,0,0.97
C02110,26,21,285,44,3,1
C04446,39,14,1123,47,1,0
C03587,25,15,456,75,0,0.18
C05932,13,10,231,38,3,1
C04683,40,16,517,81,0,0.15
C05973,38,5,108,6,2,0.62
C04486,7,3,162,5,0,0.67
C00862,49,4,161,6,0,0.61
C05690,54,4,318,3,0,0.6
C03223,46,11,485,58,0,0.09
C05274,17,12,258,52,0,0.9
C02196,47,10,679,55,0,0.3
C05729,16,16,141,41,0,0.96
C03024,29,1,120,4,0,0.7
C03208,288,2,1245,68,0,0.28
C05966,285,3,1691,63,0,0.32
C05991,17,8,937,73,0,0.03
C01407,23,3,219,2,0,0.53
C04290,7,14,332,18,4,0.96
C02458,40,1,145,4,0,0.57
C01819,35,7,261,5,0,0.57
C02827,15,14,926,64,0,0.22
C01287,22,13,322,57,0,0.94
C01739,33,10,1385,54,2,0
C04040,72,7,972,56,0,0
C00284,37,7,636,68,0,0
C01587,294,3,5123,66,1,0.31
C05383,52,2,188,5,1,0.54
C02156,44,9,562,72,2,0
C05618,244,7,1291,29,0,0.43
C04168,32,15,147,29,1,1
C04712,244,4,3089,53,1,0.4
C03107,63,4,81,2,0,0.61
C00698,26,14,332,22,1,1
C03216,67,1,342,4,0,0.65
C05776,44,13,1587,16,0,0
C00400,311,4,1152,43,0,0.44
C01317,19,17,294,53,2,0.88
C00298,54,10,761,43,1,0
C01376,16,4,1216,43,3,0.15
C01850,175,1,770,68,0,0.35
C00273,51,14,610,86,2,0.03
C01615,61,14,455,62,0,0.13
C03615,53,1,77,4,0,0.53
C05069,47,11,602,90,2,0.23
C01330,46,14,1091,76,1,0.14
C03604,10,2,288,4,0,0.51
C03121,20,14,184,45,2,0.84
C04783,51,10,434,49,0,0.07
C01216,11,4,500,34,3,0.89
C02077,35,21,231,43,1,0.94
C05323,13,7,679,36,1,0.2
C02744,43,14,1210,63,0,0.02
C03959,161,5,785,38,1,0.46
C00514,38,11,779,64,2,0.16
C00822,48,10,2055,59,0,0.14
C00537,29,11,166,20,1,0.89
C05313,50,2,180,6,0,0.43
C02859,47,10,552,1,0,0.16
C05388,34,12,641,29,0,0.05
C02914,204,4,657,59,0,0.41
C00406,27,9,268,42,2,0.84
C04919,27,8,126,26,0,0.92
C03347,32,13,756,39,0,0.25
C01239,29,11,721,56,0,0.1
C02058,145,2,2000,40,0,0.34
C04480,29,13,382,26,3,0.85
C02505,35,21,269,27,0,0.89
C02488,59,4,222,2,0,0.29
C03283,18,13,216,51,0,1
C00642,42,8,1087,57,0,0.41
C01848,78,2,141,6,0,0.59
C04376,6,13,292,26,3,0.8
C00480,33,16,1489,85,0,0.09
C04218,26,14,593,23,0,0
C03268,21,14,236,38,1,0.95
C01460,44,17,1153,54,1,0
C05695,13,3,210,4,0,0.49
C00180,38,4,145,4,0,0.58
C04270,35,4,350,9,0,0.49
C03677,44,14,463,70,0,0.2
C00562,39,10,224,31,3,0.91
C00011,160,3,4069,41,0,0.43
C03010,8,14,393,40,0,0.07
C00805,19,12,717,38,0,0
C03341,36,2,383,2,0,0.32
C05374,49,8,1399,72,1,0.19
C03843,20,11,257,27,0,0.96
C02851,85,3,186,4,1,0.71
C02853,14,7,1034,83,1,0
C05713,14,16,535,33,1,0.86
C05136,41,10,738,63,1,0
C04724,24,12,1089,48,0,0
C02169,35,16,104,35,1,0.97
C00746,197,3,3630,53,0,0.27
C02269,15,14,546,46,0,0.13
C01324,15,2,117,4,1,0.56
C01349,0,6,883,54,0,0.07
C05629,19,7,666,52,1,0.06
C03361,205,6,3633,59,0,0.33
C01779,53,2,337,3,0,0.47
C01619,31,10,832,65,1,0
C02494,241,3,2985,72,1,0.32
C05142,14,12,777,94,1,0
C02613,253,5,904,38,0,0.41
C00944,22,4,124,5,0,0.28
C04451,33,17,284,26,1,0.95
C01303,16,2,123,6,0,0.53
C03705,267,3,2697,69,1,0.35
C03083,35,3,218,6,0,0.5
C04822,29,13,222,32,1,1
C04629,12,14,696,9,1,0
C01328,34,12,1713,87,0,0.02
C04401,33,10,1054,50,0,0.1
C00364,130,3,1238,88,0,0.33
C01543,36,15,1001,48,0,0.06
C00906,47,11,1092,47,1,0
C00509,61,1,114,3,1,0.82
C02601,259,4,1084,47,0,0.26
C02719,13,6,182,26,0,1
C04719,25,3,201,1,0,0.63
C03578,33,5,1074,77,0,0.01
C03814,48,11,661,84,1,0
C03713,361,1,1986,7,1,0.23
C03487,34,5,155,5,1,0.62
C04160,26,14,559,88,0,0.16
C00548,32,8,1330,92,1,0.25
C05894,43,1,130,1,0,0.61
C02621,266,2,1530,53,0,0.22
C03269,114,3,2643,43,0,0.36
C04329,38,5,205,6,0,0.72
C01017,37,9,1116,72,0,0.27
C01875,20,16,971,55,0,0.11
C04430,248,4,849,61,0,0.49
C03831,45,3,190,4,0,0.36
C03410,248,2,2174,34,2,0.33
C03099,241,1,433,40,1,0.47
C02776,13,6,761,28,2,0.16
C05117,15,9,2277,81,1,0.11
C03001,20,5,880,83,0,0.03
C00618,0,8,741,47,0,0.14
C02820,41,11,828,62,2,0.17
C05617,293,4,1779,64,0,0.37
C02321,275,6,4200,49,0,0.4
C00153,48,11,477,68,0,0.11
C04826,48,1,924,47,0,0.11
C04360,48,4,511,4,0,0.27
C02727,275,2,1301,70,0,0.27
C02618,44,10,525,38,1,0.14
C04286,38,9,755,59,1,0.17
C00064,11,12,203,26,2,0.79
C04636,52,10,291,93,0,0
C03029,35,11,902,57,0,0
C04568,15,10,1265,75,1,0.14
C02471,34,14,211,31,2,1
C00274,42,9,726,56,0,0
C03522,30,8,254,58,2,0
C01420,4,15,907,72,0,0.11
C02011,59,4,321,5,0,0.75
C05434,7,12,861,53,3,0.19
C04808,229,2,1150,52,0,0.61
C02499,40,5,244,4,0,0.85
C05224,209,1,1391,17,0,0.39
C02637,128,4,1885,56,3,0.13
C01662,27,3,587,5,1,0.55
C01728,44,19,323,43,1,1
C04102,20,19,363,37,3,1
C02351,153,1,1181,38,1,0.22
C02512,24,12,976,46,0,0.35
C01089,31,1,150,5,1,0.51
C04815,33,3,269,5,0,0.54
C00844,33,9,1256,44,2,0.23
C01009,18,15,504,61,0,0.21
C04301,17,12,324,32,2,0.82
C02256,24,10,617,61,0,0.08
C02211,32,4,64,6,1,0.77
C00600,318,5,2673,64,0,0.15
C05342,47,14,1301,33,0,0.07
C04154,14,11,282,30,1,0.82
C00730,56,11,514,58,1,0.26
C00717,243,5,2761,39,1,0.71
C03156,9,12,334,27,1,0.94
C00672,247,2,5247,52,2,0.38
C00482,47,4,1176,68,0,0.15
C03607,196,3,2802,42,1,0.41
C03443,36,2,358,39,1,0
C04524,60,4,459,4,1,0.61
C00483,16,12,632,48,1,0
C05623,244,2,2072,54,1,0.19
C05201,42,10,1374,82,0,0.03
C00213,20,12,616,42,2,0.24
C02671,261,1,1335,62,1,0.36
C03750,35,13,1405,66,0,0.2
C02069,11,4,285,3,0,0.52
C05463,42,1,158,8,0,0.73
C05681,281,3,977,19,0,0.1
C01748,37,16,304,27,0,1
C04488,29,8,1896,57,1,0
C01519,48,11,1123,51,1,0.12
C00845,57,13,576,34,1,0.07
C01495,18,13,854,65,0,0
C05802,133,3,4762,67,0,0.32
C02344,22,14,416,38,2,1
C02411,46,13,321,41,1,0.02
C03711,20,12,219,32,2,0.9
C01668,35,5,200,3,0,0.86
C05019,7,8,588,43,2,0.04
C04947,295,2,1090,54,0,0.36
C04900,35,14,797,50,0,0.06
C01054,41,13,485,25,0,1
C01186,75,13,1468,57,0,0
C04877,30,11,272,23,2,0.63
C00071,26,9,1352,98,2,0.04
C00915,29,7,357,14,1,0.81
C02938,38,6,118,6,0,0.64
C00175,37,7,573,46,3,0.68
C05263,39,15,223,29,0,0.8
C04342,28,10,758,69,1,0.13
C01791,5,11,543,55,0,0.25
C05866,41,14,198,31,4,1
C02767,29,18,312,32,2,0.83
C01142,31,15,890,62,1,0.06
C02418,34,8,896,77,0,0.04
C05560,21,8,709,66,0,0.09
C01119,47,3,355,6,0,0.52
C05119,12,14,1229,79,0,0
C05562,193,5,784,38,1,0.53
C05860,247,5,1381,68,1,0.38
C00515,36,19,631,79,0,0
C05151,29,13,926,36,0,0.14
C03482,23,10,616,85,0,0.19
C01711,37,8,203,31,4,0.92
C03565,72,2,121,2,1,0.48
C05225,46,15,848,71,0,0.27
C02000,0,14,1234,34,0,0.06
C05004,33,9,488,71,0,0
C02232,8,14,195,42,4,0.9
C00423,230,5,2506,33,0,0.12
C03299,12,17,105,1,2,0.75
C03627,376,3,849,61,0,0.39
C02288,132,2,2451,75,0,0.41
C02260,19,13,380,28,1,0.85
C00896,41,10,670,79,0,0.03
C05751,0,1,215,6,1,0.47
C03308,195,4,3356,48,1,0.29
C01631,22,18,130,32,0,0.92
C00918,8,14,338,32,1,0
C05815,49,1,204,3,0,0.59
C04363,30,10,281,48,2,0.85
C03600,28,4,139,5,1,0.55
C03848,20,10,359,67,0,0
C05704,18,17,130,49,1,0.9
C01842,39,3,164,5,0,0.53
C02308,37,6,946,79,3,0
C02816,26,5,480,75,0,0.11
C01414,15,22,395,26,2,0.87
C04587,31,2,187,5,0,0.46
C01344,37,2,261,4,0,0.42
C05667,21,2,83,5,0,0.6
C05103,29,9,753,32,0,0.1
C01128,15,19,130,25,1,0.99
C05506,36,3,275,5,0,0.61
C00637,21,12,389,52,0,0.23
C00982,165,5,3487,29,0,0.54
C00681,37,13,730,66,0,0
C04645,45,12,294,59,1,0.21
C00117,23,9,575,98,0,0.17
C01491,28,4,117,4,0,0.6
C01911,14,12,694,70,0,0.08
C01609,48,2,117,3,0,0.43
C00964,20,11,351,36,2,1
C05923,39,11,802,50,0,0
C03277,12,9,770,96,0,0.01
C00929,45,2,244,1,0,0.31
C05906,16,3,122,3,0,0.43
C00942,173,6,1582,61,2,0.07
C00143,34,6,508,72,0,0.07
C05994,35,15,407,57,0,0
C05422,285,4,1102,46,0,0.18
C02733,344,3,2053,47,0,0.3
C01788,16,14,817,16,0,0.17
C00727,12,9,1334,42,1,0.02
C01598,46,2,235,1,0,0.45
C03374,36,3,100,6,0,0.55
C05036,33,17,189,18,1,0.91
C02104,6,11,317,23,1,0.97
C01078,33,16,124,39,0,0.52
C04854,54,16,697,57,1,0.02
C03641,20,8,1657,47,1,0.03
C03968,40,12,690,51,0,0.12
C01857,21,14,454,37,0,0.21
C04022,280,2,1033,56,0,0.31
C03634,39,9,858,45,3,0
C01040,243,5,1693,50,0,0.32
C04557,25,2,76,5,0,0.58
C03941,128,3,798,37,1,0.23
C00060,1,12,415,54,0,0.26
C05321,23,10,970,34,0,0.27
C01800,10,17,374,18,3,1
C00429,4,12,438,62,2,0.17
C03022,28,20,282,29,1,0.84
C02325,22,13,195,36,1,0.76
C04081,22,10,625,63,1,0.17
C02381,38,15,240,17,3,0.86
C02528,194,4,1120,63,1,0.5
C02630,171,3,2085,32,0,0.45
C00954,31,11,736,69,0,0.09
C02143,55,3,225,4,0,0.57
C01238,5,8,1029,62,2,0
C02562,11,21,291,37,2,0.9
C00761,268,4,1626,32,1,0.17
C03891,209,2,2751,36,0,0.31
C02502,19,11,1004,67,0,0
C01545,34,8,319,34,3,0.97
C00877,280,1,3253,44,1,0.28
C02994,151,3,1649,64,0,0.68
C01300,223,3,1476,65,0,0.6
C01261,33,16,639,4,0,0.76
C05164,282,4,541,46,2,0.32
C02736,10,9,427,40,6,1
C04881,10,8,565,67,2,0.26
C02050,318,2,1616,61,1,0.32
C03383,36,15,420,22,1,1
C04053,2,16,288,27,4,0.93
C04634,7,16,431,53,2,0.18
C00233,15,11,557,97,0,0.33
C03050,165,3,2976,50,0,0.26
C05509,29,12,1010,51,2,0.18
C03214,24,12,1024,58,0,0.27
C04444,0,9,413,89,1,0.22
C01067,50,4,248,2,1,0.64
C05999,5,7,802,53,0,0.03
C05260,7,15,838,53,1,0.06
C05358,42,13,741,50,1,0.1
C04644,29,12,359,31,1,0.88
C05995,18,2,95,6,0,0.6
C00533,13,8,250,38,3,1
C02171,57,3,331,5,0,0.67
C03571,52,15,223,34,2,0.99
C05162,12,18,480,28,1,1
C02474,171,2,3354,33,2,0.25
C03871,13,16,209,41,2,0.85
C02133,39,14,381,54,0,0.99
C05086,313,2,941,35,1,0.29
C03541,18,4,110,6,0,0.56
C00589,43,17,554,63,0,0
C00937,29,2,127,1,0,0.56
C05675,46,11,992,62,1,0.08
C04950,42,15,852,51,0,0.13
C04417,25,15,415,41,1,0
C02694,41,14,113,37,1,0.9
C05451,39,1,205,1,0,0.8
C00747,19,7,529,68,2,0.03
C01890,249,3,1373,38,1,0.38
C00695,43,11,662,76,3,0.07
C05599,24,5,875,44,1,0.08
C04769,26,5,562,79,2,0
C02005,7,6,147,2,0,0.38
C05755,50,12,907,66,0,0.16
C03849,46,8,675,89,0,0.19
C02358,14,12,378,26,1,1
C02619,242,2,988,48,0,0.36
C05691,38,16,935,45,0,0.07
C02341,20,8,838,57,1,0.13
C02755,10,12,251,52,3,0.94
C04225,32,15,628,80,0,0
C00466,32,6,641,69,3,0.15
C03508,31,13,851,36,1,0.18
C01436,25,11,1424,37,0,0.02
C03338,16,10,373,31,1,0.16
C01132,36,17,308,15,4,0.87
C00849,8,17,293,22,2,0.81
C02328,324,4,1206,42,0,0.52
C02695,40,4,857,50,0,0.16
C01682,13,6,910,23,0,0
C03679,27,15,502,67,2,0.3
C03017,53,5,85,4,0,0.23
C04069,25,14,1305,30,0,0
C02010,9,18,240,29,2,1
C01402,250,4,1324,46,0,0.29
C01248,18,17,647,61,1,0.1
C04198,55,11,808,80,1,0
C00281,30,14,989,46,0,0
C01793,189,2,399,40,0,0.27
C04610,7,18,131,36,0,1
C03568,14,14,311,30,1,0.89
C04986,28,5,266,5,0,0.59
C03171,43,16,691,69,0,0.29
C00165,31,13,331,50,1,0.05
C04372,78,2,168,2,0,0.35
C02431,22,15,278,47,3,0.94
C00833,50,2,330,8,0,0.49
C04807,21,3,370,7,0,0.43
C00246,110,4,1460,45,0,0.48
C03180,31,12,807,70,1,0.17
C02498,46,2,273,3,1,0.56
C01660,23,3,150,2,1,0.56
C02313,24,2,187,3,0,0.57
C04419,35,14,833,48,1,0.07
C01100,36,16,277,42,4,1
C05627,18,20,237,27,0,1
C01463,37,1,332,2,0,0.54
C02832,43,9,522,38,1,0.12
C05310,23,6,1334,51,0,0.01
C01168,12,17,199,45,2,0.98
C05084,69,7,654,74,1,0.19
C04523,120,4,1647,33,1,0.44
C02015,37,11,246,55,1,0.9
C03207,43,11,900,59,0,0.15
C02343,51,3,97,4,0,0.45
C04969,240,1,817,68,1,0.33
C05364,40,17,987,57,1,0.17
C03372,11,14,470,31,0,0.96
C03323,9,11,199,9,1,0.87
C02874,238,1,575,51,0,0.54
C00441,8,6,430,39,0,0
C02317,216,3,1894,66,1,0.33
C01195,30,10,977,31,1,0.01
C02231,4,17,588,43,1,0.97
C03038,255,1,1431,28,0,0.54
C03716,37,4,195,4,0,0.65
C00553,13,15,789,98,0,0.04
C00234,35,14,183,20,3,0.83
C02982,32,11,361,20,1,0.72
C05181,53,11,682,36,1,0.35
C05551,180,4,2474,20,0,0.35
C02409,148,6,1528,55,0,0.3
C01811,28,12,1526,78,0,0
C00472,28,4,93,8,0,0.53
C00588,195,3,981,44,2,0.35
C02006,56,11,381,68,0,0.12
C04908,43,14,687,30,0,0.05
C04960,32,10,883,71,0,0.01
C00476,217,5,1474,48,0,0.34
C01038,45,7,912,62,1,0.13
C04746,30,15,1150,37,1,0.06
C03540,55,3,489,3,0,0.62
C03144,30,10,1113,88,2,0.16
C01149,21,1,229,3,0,0.49
C05732,22,11,909,91,1,0.38
C04731,19,12,634,100,0,0
C01310,32,12,330,46,1,0.06
C02304,23,3,241,5,1,0.4
C02785,35,12,273,5,1,0.83
C05748,37,14,922,73,1,0.03
C00843,43,1,163,4,0,0.64
C00914,67,4,398,7,0,0.42
C02883,390,2,1305,48,0,0.36
C01652,18,5,309,6,0,0.48
C05766,29,18,625,32,4,0.85
C00966,20,12,812,61,1,0.1
C03870,229,4,716,32,1,0.26
C00070,29,17,248,26,1,0.66
C01813,50,4,131,4,0,0.54
C04303,0,9,573,73,0,0.12
C04511,33,10,1315,63,0,0.18
C05965,48,4,277,4,1,0.39
C01538,2,17,301,23,2,0.8
C02433,30,7,1263,40,0,0.39
C00395,36,16,691,66,0,0.03
C00785,35,12,1042,35,1,0.28
C01957,1,5,191,4,0,0.53
C05057,45,4,124,3,0,0.45
C00611,12,16,555,73,0,0.02
C02910,31,11,829,84,0,0.1
C01257,34,10,577,56,0,0.05
C01818,38,12,351,54,1,0.82
C03173,40,11,334,8,3,0.96
C01196,28,12,1179,65,0,0.23
C04609,48,12,440,64,1,0.16
C05819,39,25,182,25,1,0.98
C00269,22,12,105,15,5,1
C03514,29,14,507,60,0,0.04
C00859,50,4,156,1,0,0.47
C03943,8,11,501,56,0,0.02
C05189,34,9,786,83,0,0.15
C00059,37,11,416,17,3,0.87
C02585,25,9,803,46,0,0.02
C00263,22,11,156,33,2,1
C00504,203,4,2488,78,1,0.26
C03670,272,5,728,51,0,0.22
C01221,32,2,118,4,0,0.85
C00724,227,5,2168,50,0,0.54
C03450,45,4,375,2,1,0.56
C05563,82,4,69,4,0,0.55
C00283,57,3,529,74,1,0.14
C05759,5,12,571,88,1,0.17
C03455,37,2,136,1,0,0.49
C01754,10,10,270,14,2,0.79
C05140,34,15,174,53,2,1
C04970,25,10,726,65,1,0.22
C05987,28,7,601,48,0,0.08
C02394,36,15,531,68,2,0.81
C03625,18,11,670,27,0,0.15
C04190,26,18,1175,55,0,0.21
C00693,22,11,479,36,0,0
C03452,35,12,721,78,0,0
C01570,43,4,128,1,1,0.58
C02186,24,11,263,39,2,0.87
C04471,7,12,306,22,0,1
C04963,58,13,1314,88,1,0.06
C02028,21,9,1271,94,0,0.32
C05772,51,6,161,6,1,0.31
C02107,25,7,201,24,3,0.7
C03887,32,3,161,3,0,0.54
C02792,0,14,482,32,2,1
C04690,0,8,534,40,1,0
C05572,21,18,1102,66,2,0.13
C04745,34,8,672,71,1,0
C05312,228,3,2286,28,2,0.54
C02268,3,18,193,38,3,1
C00656,191,1,2654,72,0,0.48
C01532,9,11,529,67,0,0.14
C05273,44,5,113,2,1,0.56
C03647,23,14,175,47,1,1
C00532,24,9,1275,75,0,0
C03795,30,12,1405,76,0,0.3
C00615,340,5,2196,28,1,0.47
C02875,30,14,1072,41,0,0.22
C01155,225,1,4441,72,0,0.29
C00913,25,15,453,82,1,0
C05239,33,9,330,60,1,0
C05343,253,5,898,57,0,0.25
C00921,0,10,507,94,0,0.33
C04846,55,9,608,66,0,0.23
C04100,25,1,409,7,1,0.45
C04802,232,3,1806,58,0,0.39
C05307,37,1,177,8,0,0.67
C02310,21,13,716,60,0,0.19
C05515,43,4,164,5,0,0.72
C01383,81,5,222,2,0,0.68
C01907,23,8,161,39,1,0.86
C02558,28,7,712,69,2,0.02
C05283,42,3,58,5,0,0.47
C03145,45,10,870,27,0,0.11
C05762,61,10,722,77,1,0.28
C00865,30,16,312,30,1,0.93
C03267,25,16,551,23,5,0.95
C04323,19,15,271,62,0,1
C00716,282,3,688,37,2,0.45
C03196,8,16,455,77,0,0
C00834,35,11,577,22,3,0.03
C04543,33,4,329,2,0,0.51
C05984,27,15,213,6,0,0.96
C05584,1,10,323,49,1,0.9
C00868,20,18,430,32,0,1
C00917,20,19,177,27,0,0.72
C05407,27,1,131,4,0,0.68
C00639,33,7,470,73,1,0.39
C04738,23,10,174,45,0,0.84
C01725,34,9,267,32,1,1
C00142,45,4,378,62,0,0
C01346,46,14,596,40,1,0.31
C03975,42,4,265,4,0,0.44
C02850,45,12,738,68,3,0.07
C04156,326,2,1184,69,1,0.43
C05345,36,11,812,74,1,0.1
C00133,37,4,134,5,0,0.64
C02204,9,13,188,56,2,0.68
C01984,58,13,640,31,0,0.23
C05041,173,1,1098,28,0,0.54
C04632,28,10,665,37,1,0
C04920,299,2,1165,60,0,0.27
C05662,37,16,1058,82,0,0
C00881,26,12,937,72,2,0
C02452,245,2,939,40,0,0.28
C01425,13,9,386,36,1,1
C00885,26,9,226,28,4,0.92
C01997,18,10,667,70,0,0.26
C03914,259,4,1002,62,1,0.45
C04555,208,1,900,38,0,0.43
C01889,12,15,231,38,2,0.91
C03582,45,9,617,74,0,0.26
C03257,16,8,740,50,1,0.02
C01207,28,12,728,61,0,0
C04119,10,10,1060,44,0,0
C02594,19,9,547,53,2,0.06
C01227,16,18,159,19,1,0.8
C00122,163,3,1107,34,1,0.47
C01953,21,6,489,32,3,0.78
C05634,39,3,133,6,0,0.33
C04133,17,13,110,12,2,0.91
C02844,44,13,859,72,1,0.15
C05580,218,5,1435,39,0,0.44
C01530,318,6,1571,47,1,0.25
C03188,47,11,469,79,0,0.13
C00202,226,2,3362,49,0,0.53
C01367,30,14,531,40,1,0.03
C04161,39,3,172,1,0,0.68
C04073,40,10,1516,66,2,0.23
C05522,179,5,561,63,0,0.3
C02286,3,13,377,38,1,0.74
C00145,40,9,1039,51,1,0
C05362,51,10,1082,89,0,0.13
C01408,45,15,706,46,0,0.26
C04272,157,3,686,40,0,0.36
C04206,47,11,657,89,2,0.14
C04689,18,15,149,32,2,0.75
C05537,70,4,115,5,1,0.71
C00900,243,1,3324,42,1,0.18
C02797,18,13,285,20,2,0.92
C05645,42,10,557,73,0,0.01
C00981,35,11,568,68,0,0
C00413,14,10,715,42,3,0.87
C05807,24,10,1057,78,1,0.23
C04056,12,13,373,38,3,0.84
C03200,32,12,309,27,0,1
C05126,282,3,1046,43,0,0.49
C04181,12,11,735,93,3,0
C01851,46,16,1105,41,0,0.15
C04234,35,16,1655,70,1,0.21
C04313,34,4,328,7,0,0.57
C02665,142,4,3347,38,0,0.27
C05649,41,5,156,4,0,0.55
C01068,18,8,1016,113,2,0.15
C03141,32,14,418,40,1,0.75
C05270,17,8,364,51,1,0.21
C04467,31,11,863,56,0,0.13
C01877,19,11,260,40,0,0.99
C02523,23,8,188,26,0,1
C05146,35,11,590,83,1,0
C04230,28,11,1824,48,0,0.14
C05029,162,5,1582,39,1,0.64
C03762,16,14,891,73,0,0
C02209,20,15,894,53,0,0.26
C04108,17,15,221,11,0,0.7
C03672,39,9,1135,61,1,0.16
C00658,24,10,1444,66,0,0.04
C00492,30,17,418,41,1,0.85
C01509,15,8,518,89,2,0.16
C03748,8,11,653,63,1,0.09
C03859,2,9,703,67,0,0.13
C01338,35,15,1059,38,1,0.14
C01182,202,7,5314,59,1,0.19
C01047,19,7,532,59,0,0.21
C04024,19,19,139,47,0,1
C00657,34,1,253,6,0,0.58
C00083,7,15,85,34,1,0.92
C03419,28,7,559,41,0,0.29
C00351,9,12,1553,76,2,0.01
C01555,47,14,1763,47,0,0
C05100,36,7,561,39,1,0
C02690,63,1,311,5,1,0.5
C01689,47,2,171,5,1,0.39
C02450,293,2,1605,36,1,0.27
C01062,218,2,3843,51,1,0.48
C00677,21,15,449,24,0,0.67
C01413,22,13,1026,66,2,0.47
C01117,37,2,254,3,0,0.72
C03952,69,1,330,4,0,0.46
C05448,58,5,391,3,0,0.46
C03689,38,11,1186,88,0,0.13
C00583,16,13,522,57,0,0.14
C04932,57,13,726,64,0,0.34
C01220,31,12,904,73,0,0.13
C04052,39,4,341,4,0,0.67
C00427,38,13,546,62,0,0.26
C03922,54,7,1784,76,0,0.2
C02644,16,10,197,44,1,0.89
C05783,262,3,3230,48,0,0.45
C02685,21,1,70,4,0,0.46
C03809,38,17,239,43,4,0.95
C03504,19,13,941,64,0,0.17
C00314,22,6,676,64,0,0.13
C01109,52,13,559,54,0,0.19
C05248,48,14,1241,59,0,0.12
C04494,14,13,621,86,0,0
C02388,5,14,371,10,3,0.91
C02303,19,1,135,1,1,0.49
C02396,50,8,184,61,0,0.19
C01680,15,2,136,3,1,0.51
C05368,331,5,1518,52,0,0.39
C01337,47,15,757,71,2,0.18
C00960,231,4,1437,56,0,0.44
C01886,22,17,145,37,0,0.82
C01208,276,5,1497,37,0,0.25
C01794,168,3,1688,72,0,0.28
C05699,18,14,1225,80,0,0.05
C05632,22,14,420,55,1,0.22
C01626,43,23,475,28,1,1
C02465,32,8,636,22,0,0
C01792,61,2,113,3,0,0.65
C02917,50,5,93,5,0,0.69
C05246,44,9,637,88,1,0.03
C02771,38,13,361,61,2,0.96
C04458,16,9,525,61,0,0
C03459,32,14,915,74,2,0.16
C01462,45,10,800,47,0,0.15
C01243,43,1,136,4,0,0.69
C02928,177,6,1774,42,1,0.25
C01269,47,9,371,46,2,0.12
C02356,29,2,489,4,0,0.66
C01244,12,19,252,23,0,0.71
C01360,49,2,188,3,0,0.43
C05286,26,20,290,36,1,0.96
C00887,175,1,1369,50,1,0.27
C04806,59,1,98,7,0,0.56
C04934,44,13,877,73,0,0.07
C03421,52,11,669,90,1,0.1
C05291,46,2,365,2,0,0.52
C03710,206,3,1906,50,0,0.19
C05318,33,12,1729,76,1,0
C03708,43,10,942,20,0,0
C00794,32,6,875,62,1,0.09
C01544,24,13,257,26,3,0.99
C03953,165,3,3437,42,1,0.4
C01304,23,12,238,51,1,0.79
C05432,50,2,300,6,1,0.6
C03417,13,16,245,38,4,0.74
C00507,220,3,1268,55,0,0.39
C00450,40,17,424,20,1,0.97
C05834,22,18,403,67,2,0.11
C02127,22,10,957,85,0,0
C02060,265,4,1044,46,0,0.26
C03898,52,2,271,4,0,0.62
C00319,247,2,1951,48,0,0.43
C05006,247,1,1874,33,1,0.23
C05873,56,9,909,93,1,0.17
C04240,37,13,838,50,0,0.13
C05744,22,1,143,4,1,0.52
C01390,37,5,782,105,0,0.08
C00967,39,2,41,1,0,0.67
C00991,14,18,471,34,2,0.97
C03839,11,14,132,23,2,0.97
C04450,35,21,153,36,0,0.75
C02582,220,2,601,53,0,0.42
C03947,241,5,1625,9,1,0.21
C04637,20,3,130,3,0,0.54
C02836,210,3,2678,44,1,0.37
C04698,41,2,160,4,0,0.42
C02033,276,2,941,33,0,0.29
C02244,12,13,494,61,0,0.11
C04833,163,3,1759,44,2,0.24
C05424,145,3,335,36,0,0.17
C05363,55,12,647,47,0,0
C00587,287,3,1762,54,0,0.11
C04863,35,14,260,36,2,0.98
C04916,23,14,644,68,0,0.05
C02680,23,3,217,3,0,0.31
C04033,27,9,534,48,2,0.01
C05284,10,16,203,46,6,1
C04355,19,8,1058,111,0,0.28
C00261,8,13,909,9,1,0.05
C00151,22,7,515,42,1,0
C05613,324,3,1870,50,0,0.44
C05414,41,11,1543,96,0,0.24
C05653,23,7,259,7,1,0.99
C00315,11,14,1097,76,2,0.08
C00742,32,13,651,68,2,0.02
C05874,40,7,195,1,1,0.4
C02550,34,20,579,23,0,0
C00464,20,8,270,30,1,1
C05814,28,12,657,52,1,0
C01156,4,7,914,74,2,0.02
C02047,67,2,196,5,0,0.59
C03370,14,15,184,33,4,1
C01960,27,21,308,36,4,0.92
C03263,20,10,770,78,0,0.19
C04361,30,7,462,60,0,0.1
C01589,23,6,563,66,0,0
C00535,28,13,1252,48,0,0.07
C05769,265,4,1863,39,0,0.33
C00374,225,2,4984,34,0,0.36
C00979,0,8,467,48,0,0.02
C01451,35,10,1110,30,1,0.17
C05453,178,2,1312,27,1,0.34
C01558,59,1,388,1,0,0.6
C01586,25,15,326,45,1,1
C01072,2,16,244,57,2,1
C02372,33,15,281,32,2,0.98
C02588,43,2,195,1,0,0.52
C02271,13,4,213,33,0,1
C01757,32,16,528,93,1,0.08
C00779,256,4,2894,66,0,0.43
C03908,204,6,2627,48,0,0.48
C03300,192,3,2693,39,0,0.44
C02865,42,3,280,3,0,0.47
C04004,49,3,243,3,1,0.52
C00883,43,8,843,57,1,0
C03772,38,16,882,70,0,0
C04583,44,6,830,72,1,0
C01127,138,5,1138,14,0,0.46
C05543,45,14,869,76,1,0
C02673,14,16,456,44,0,0.2
C04787,1,16,278,34,2,0.98
C01053,53,17,199,32,1,0.81
C01315,28,1,132,1,0,0.9
C02273,16,10,1224,63,0,0.09
C04904,21,15,336,41,0,0.17
C01913,17,7,422,76,0,0.22
C05601,26,14,250,47,2,0.84
C05626,46,5,121,4,2,0.53
C02802,6,11,350,57,0,0.21
C04175,39,10,296,54,2,0.04
C02682,35,7,174,28,1,0.76
C03739,38,3,134,3,0,0.61
C01747,36,10,1514,52,0,0.14
C04667,25,1,554,31,0,0.31
C02740,23,12,588,57,1,0.15
C01236,232,1,1808,43,1,0.34
C01237,52,12,677,61,1,0.09
C04929,17,14,332,71,1,0.13
C00679,26,10,1261,64,0,0.24
C05163,57,9,907,38,1,0.15
C00873,36,12,177,21,2,0.99
C02375,307,1,1094,44,2,0.34
C01900,22,10,448,23,0,0.85
C03303,34,13,180,17,2,1
C03016,46,1,244,3,0,0.57
C02020,28,10,632,71,0,0.23
C02316,79,3,108,3,0,0.32
C05820,33,1,115,2,0,0.45
C00188,236,3,574,40,1,0.23
C00971,21,15,332,60,3,0.21
C04515,290,3,3852,42,0,0.04
C01763,32,13,854,84,2,0.02
C02274,44,15,444,62,0,0.13
C00095,6,6,371,24,2,0.68
C02774,11,17,174,24,1,0.96
C05440,33,13,803,64,0,0.03
C05228,0,8,701,40,3,0.16
C02536,28,11,1646,28,0,0
C05612,181,4,3593,48,0,0.63
C02314,25,12,1087,59,0,0.08
C00738,66,12,1117,68,0,0
C02939,66,17,651,75,1,0
C03754,33,3,283,2,0,0.67
C02511,27,10,817,97,0,0.15
C00114,28,12,590,41,0,0
C01322,45,8,537,87,0,0.11
C02195,61,7,508,86,1,0.07
C02439,29,7,643,71,1,0
C05456,38,14,160,52,2,1
C00612,37,14,241,32,4,1
C02115,50,10,666,52,2,0
C05540,53,13,270,36,0,0.17
C01352,281,3,2175,60,0,0.48
C04887,36,13,287,42,3,1
C03569,30,8,733,63,1,0.03
C04674,70,4,125,5,0,0.66
C02586,21,16,239,10,3,0.87
C00721,259,1,3024,45,0,0.49
C04091,37,15,756,49,0,0.08
C00670,20,11,109,28,2,0.77
C03668,164,1,1192,57,0,0.29
C03602,27,5,234,8,0,0.39
C02392,40,9,670,67,0,0.17
C05726,28,11,655,44,0,0
C03643,50,1,202,4,0,0.49
C05244,25,10,74,19,1,0.89
C05864,40,15,440,57,1,0
C01764,41,6,557,42,1,0.79
C05788,39,4,316,6,0,0.59
C03172,47,2,246,8,0,0.48
C05096,55,12,716,50,1,0.13
C04967,31,12,657,60,1,0
C00508,45,8,939,86,1,0.01
C03441,38,10,584,56,2,0
C05519,170,4,1135,63,0,0.6
C04356,21,12,523,79,1,0.13
C03100,50,10,902,50,1,0.2
C01935,26,15,123,41,4,1
C03126,44,12,489,69,0,0.16
C04755,60,3,176,2,0,0.46
C03918,31,10,690,83,0,0.18
C03449,33,8,143,57,2,0.86
C02641,60,7,901,59,0,0
C04177,62,5,170,5,0,0.37
C00113,206,3,2179,55,1,0.51
C02731,48,1,108,4,0,0.54
C02215,25,17,91,30,2,0.74
C05781,25,8,296,20,1,0.88
C00245,21,14,875,52,0,0.03
C02920,17,17,180,20,5,1
C01497,54,3,239,2,0,0.61
C03712,50,11,519,43,3,0.06
C00389,135,4,4161,39,0,0.26
C00919,19,16,623,48,0,0.29
C05557,194,3,2652,55,0,0.43
C03694,33,6,643,69,0,0
C04564,35,18,206,55,4,0.74
C01423,36,3,172,5,0,0.78
C03412,10,10,189,23,3,0.7
C04551,40,14,187,14,0,0.75
C01837,327,4,851,39,0,0.37
C01853,68,15,654,82,0,0.06
C02148,21,9,185,23,3,0.81
C00559,183,6,2017,44,0,0.4
C01101,17,17,146,46,3,0.92
C04816,29,12,610,74,2,0.24
C01051,261,4,1300,29,1,0.31
C01091,18,19,278,41,1,1
C01123,2,6,133,5,1,0.51
C03637,22,14,971,51,0,0.25
C04642,23,3,99,2,1,0.63
C05594,33,13,741,58,1,0.17
C00208,23,4,311,4,0,0.59
C02293,47,11,842,57,1,0
C04615,35,9,610,91,0,0.13
C02219,26,10,700,63,0,0.22
C02555,49,12,560,65,0,0.08
C05450,36,11,672,52,0,0
C03414,37,10,624,59,0,0.14
C00065,30,9,744,68,2,0.2
C01388,181,3,2711,47,0,0.15
C01014,102,2,623,4,1,0.46
C03490,55,15,782,64,1,0.08
C04115,230,4,1211,54,0,0
C04685,44,4,86,6,0,0.5
C02355,32,4,210,5,0,0.51
C05288,35,8,636,29,1,0.98
C05516,155,6,983,53,0,0.24
C05478,65,6,1246,42,0,0
C04371,287,3,1226,62,0,0.37
C05658,19,16,791,45,1,0.04
C03510,71,12,695,58,0,0.14
C00130,41,3,154,5,0,0.55
C05677,15,14,1117,34,2,0.19
C02967,36,8,799,39,0,0.12
C01949,32,10,509,18,1,0.06
C03049,36,17,118,4,2,0.92
C01765,33,21,766,79,1,0.18
C04138,15,2,146,7,1,0.56
C03964,32,8,473,75,0,0.05
C01571,31,18,270,24,6,1
C04695,317,3,540,64,0,0.23
C04980,22,10,722,50,0,0.03
C05631,26,17,345,24,4,0.89
C04232,49,13,599,24,0,0.13
C02689,24,12,372,25,1,0.94
C05027,27,21,164,29,0,0.99
C04047,25,12,805,125,1,0.21
C02434,20,10,1042,66,0,0.11
C00287,30,12,336,33,2,1
C02122,32,17,469,5,2,0.9
C02927,21,11,361,39,0,0.08
C00091,215,3,4027,55,0,0.29
C05314,34,4,366,4,2,0.54
C01608,0,1,369,3,0,0.36
C00309,35,8,770,85,2,0.03
C05005,44,10,282,32,2,0.85
C05092,181,3,2627,56,0,0.66
C00069,0,16,780,28,0,0.02
C00722,275,5,1731,26,0,0.44
C02191,0,11,947,87,1,0.02
C00811,33,10,373,39,2,0.03
C05320,27,14,372,37,1,1
C01573,40,8,229,21,3,1
C00957,45,13,668,61,0,0.37
C03249,32,2,89,5,1,0.55
C01798,311,2,5462,63,0,0.22
C05118,32,14,663,55,1,0.12
C05549,47,1,146,6,0,0.58
C04662,286,4,2582,71,1,0.33
C02254,5,10,208,29,6,0.98
C03761,34,13,831,39,1,0
C00704,24,17,228,31,2,0.67
C01956,40,9,443,22,0,0.88
C00531,38,11,1403,53,0,0.15
C03573,255,2,3660,44,1,0.42
C02714,29,10,448,34,2,1
C02473,19,3,215,6,0,0.86
C02587,33,8,697,58,1,0.06
C03405,31,11,798,24,0,0.28
C03661,46,9,582,67,0,0
C02364,10,15,628,19,0,1
C00974,13,12,539,37,0,0.29
C00031,11,13,533,66,0,0.19
C01562,0,6,500,22,0,0.04
C02829,32,15,174,21,1,0.79
C03906,55,5,211,5,1,0.58
C00128,52,5,176,1,0,0.54
C01928,23,5,311,4,0,0.61
C04517,49,16,351,81,0,0.3
C02285,29,18,274,51,1,0.87
C05209,16,16,804,33,1,0.19
C02596,33,13,786,45,0,0
C00647,25,12,426,89,2,0.07
C03823,19,11,1596,48,1,0.01
C04320,23,4,171,4,1,0.55
C03735,4,15,142,19,2,0.94
C01266,44,6,671,57,0,0.11
C02170,57,13,285,33,1,1
C03103,13,8,783,55,1,0
C01217,229,4,6156,53,1,0.17
C01365,17,17,466,41,0,0.91
C01029,33,10,897,50,1,0.1
C04365,220,5,1215,54,0,0.48
C02180,67,4,212,6,0,0.41
C00723,22,1,498,7,0,0.6
C05568,203,2,2764,39,0,0.5
C01624,276,3,5114,15,0,0.36
C05897,19,13,807,76,1,0.1
C05178,42,1,152,6,0,0.54
C02539,59,6,1418,62,1,0
C01923,9,17,193,24,1,0.81
C02105,332,6,1527,35,2,0.3
C02035,29,15,238,45,0,1
C01374,233,3,1171,27,1,0.47
C04085,31,11,853,77,0,0.01
C02398,31,11,561,58,0,0.18
C05133,210,5,1748,53,0,0.47
C02238,8,7,714,32,2,0.17
C01441,56,2,218,7,0,0.47
C01305,26,12,493,66,0,0.09
C04239,20,12,961,107,2,0.06
C05800,248,5,1266,58,0,0.36
C03040,12,13,258,20,0,0.9
C03780,52,2,220,2,1,0.31
C00659,70,13,876,36,1,0
C00520,39,7,280,46,0,0.94
C00743,8,18,219,24,1,0.87
C01743,36,2,237,2,0,0.54
C00090,309,1,914,29,0,0.53
C01884,40,15,360,40,1,1
C00623,53,11,1150,83,0,0.04
C04893,177,2,1457,55,0,0.17
C00058,27,1,138,2,0,0.46
C00549,28,16,401,18,0,1
C04159,23,16,138,29,0,0.86
C01086,35,10,1633,32,0,0.07
C00650,7,10,1029,61,0,0.14
C02056,218,1,1687,40,0,0.25
C00206,0,2,202,1,1,0.45
C03158,78,2,277,4,1,0.47
C04805,17,19,161,16,2,0.95
C00372,43,11,321,43,1,0.72
C03691,138,7,2984,29,0,0.22
C02870,6,2,325,4,1,0.67
C05469,194,4,1384,11,1,0.49
C01930,0,4,137,5,0,0.61
C01271,44,11,602,57,0,0.06
C00361,21,17,206,18,0,0.79
C05550,17,10,831,44,1,0.01
C04681,27,15,680,37,1,1
C00614,26,12,524,36,0,0.05
C02693,38,9,624,13,0,0.08
C04782,255,3,4142,37,1,0.13
C00479,11,12,171,41,4,0.69
C01172,39,7,173,2,0,0.49
C03429,155,3,1541,61,0,0.31
C01620,18,11,1295,55,1,0.03
C02813,74,3,172,5,0,0.55
C02837,145,3,2575,25,0,0.38
C05462,171,4,3249,58,1,0.46
C01864,38,11,417,54,0,0
C01649,31,2,459,3,2,0.49
C02315,10,12,159,29,0,0.88
C01291,173,4,3479,71,0,0.34
C04533,29,15,528,71,1,0.1
C04008,11,10,781,43,1,0.02
C03934,22,11,357,40,3,1
C03304,38,15,214,36,0,1
C05221,16,11,464,64,0,0
C03112,38,13,1272,79,1,0.01
C02102,16,11,1120,35,0,0.12
C03702,18,12,901,60,1,0.26
C02129,20,9,193,41,1,0.69
C01903,21,9,562,41,0,0.03
C01467,43,12,938,49,0,0.21
C03193,30,5,516,5,1,0.38
C02882,263,3,1902,50,0,0.2
C05993,18,19,218,27,0,0.86
C00397,170,3,1120,51,0,0.37
C04744,10,8,468,59,0,0.26
C01838,15,7,1337,55,0,0.11
C03855,30,15,195,30,1,0.66
C00437,31,18,307,35,0,0.73
C02367,36,12,1300,53,1,0.12
C02088,8,9,708,51,0,0.14
C01024,57,13,1295,55,0,0.03
C03586,65,4,190,1,0,0.57
C03944,28,4,90,4,0,0.36
C04670,32,13,276,28,5,0.89
C03324,5,11,312,47,2,0.79
C01345,32,15,494,10,2,0.81
C02146,34,14,862,72,0,0.05
C02243,138,4,1762,60,1,0.13
C03355,42,9,556,64,1,0.26
C01926,36,2,346,4,0,0.44
C04378,178,1,339,53,0,0.2
C01702,26,8,840,58,1,0.31
C02738,9,15,603,54,0,0.06
C03680,35,18,531,40,0,0.13
C05908,23,10,1215,55,1,0.35
C01979,26,14,158,33,0,1
C04397,32,12,318,87,0,0
C05044,50,1,134,6,1,0.52
C00304,18,15,324,3,2,0.87
C04414,236,1,649,21,0,0.31
C01549,37,13,567,80,2,0.2
C01578,18,16,391,46,1,0.8
C05293,25,9,399,47,1,0.09
C01568,43,1,185,2,0,0.54
C03340,17,12,329,16,2,0.93
C03406,14,14,814,78,1,0.24
C05101,29,5,172,1,0,0.75
C01940,217,4,4039,52,0,0.5
C05910,42,11,414,72,0,0.04
C04834,46,1,773,35,1,0.26
C01785,11,18,427,21,2,0.9
C03133,36,14,697,54,0,0.15
C03430,74,3,513,3,0,0.53
C02943,35,8,352,20,1,0.96
C03217,23,15,603,70,3,0.04
C01316,44,4,300,4,0,0.6
C00598,29,17,366,46,2,0.61
C04781,34,13,1708,55,1,0.17
C02252,37,12,1062,59,0,0.05
C04775,34,4,444,3,0,0.63
C02527,78,2,185,8,0,0.44
C02628,21,8,593,39,0,0.07
C05009,20,5,610,47,0,0.24
C00593,25,3,394,3,3,0.61
C00132,40,8,391,71,1,0.02
C00041,19,17,147,43,1,1
C04105,44,15,674,70,0,0.12
C02540,6,12,135,20,4,0.91
C05223,14,13,148,58,6,0.94
C03663,25,15,182,59,1,0.77
C04697,25,12,1410,60,2,0.26
C00250,270,1,2484,43,1,0.46
C03550,15,17,931,94,1,0.17
C01731,15,15,629,53,1,0.07
C04226,32,10,2332,62,1,0
C01225,31,13,485,33,2,0.96
C05454,7,11,1618,68,0,0.13
C05896,147,2,2108,49,0,0.47
C03626,26,11,469,57,1,0
C04147,143,5,2244,39,0,0.38
C01599,14,14,216,48,2,0.93
C02440,0,2,180,4,1,0.38
C03675,20,11,775,36,2,0.04
C04437,21,15,226,30,1,1
C01783,35,3,162,2,2,0.4
C03123,28,13,697,84,1,0
C03766,62,12,393,43,0,0.19
C04459,326,1,1013,38,0,0.63
C00442,25,14,385,25,4,0.79
C01733,22,11,578,48,1,0
C04866,22,7,170,41,0,1
C00688,27,20,249,37,1,0.81
C00510,126,2,2710,52,0,0.14
C05465,13,9,817,47,1,0.16
C03431,50,4,305,5,0,0.33
C00181,64,9,820,43,0,0.22
C04374,62,11,730,52,0,0
C04797,225,4,519,29,1,0.52
C03819,23,15,327,32,1,0.89
C03605,15,9,595,58,1,0
C00841,24,18,150,39,2,1
C02711,58,3,251,4,0,0.63
C01104,33,11,712,25,0,0.85
C03448,271,5,989,39,0,0.46
C05400,294,5,1086,48,0,0.5
C01005,8,4,112,4,0,0.52
C04592,48,11,718,18,1,0
C04028,45,3,340,1,1,0.47
C05070,30,24,225,47,3,0.96
C01233,26,12,559,35,0,0
C03056,35,14,481,42,1,1
C02670,25,11,572,56,1,0
C02045,230,2,2262,59,3,0.19
C05148,32,10,292,32,2,0.81
C03500,13,19,300,32,1,0.86
C05030,48,17,273,38,3,0.9
C03445,15,8,446,52,2,1
C02518,42,3,121,5,0,0.66
C01891,95,2,1938,37,3,0.33
C03549,18,20,232,33,2,0.96
C05868,8,15,233,100,0,0.15
C02990,13,11,717,58,1,0.05
C00443,21,3,125,5,0,0.68
C03912,29,8,709,71,0,0.17
C05067,36,2,152,2,0,0.69
C05712,44,4,293,4,0,0.62
C01312,210,3,3134,61,3,0.28
C02165,45,13,635,60,0,0.3
C04158,30,11,1311,106,1,0
C01516,198,4,4469,63,1,0.27
C03546,27,12,987,37,1,0
C00124,50,11,749,42,0,0.17
C03076,193,4,2016,16,0,0.38
C04623,27,17,306,27,2,0.87
C05877,208,5,2423,48,2,0.44
C04123,18,12,404,49,0,0.07
C05730,11,3,131,5,0,0.59
C02905,147,2,2498,60,1,0.53
C03842,6,11,896,48,0,0.06
C03281,35,5,222,3,1,0.45
C05602,256,3,2737,30,1,0.25
C01343,35,21,171,25,2,1
C05933,351,1,2064,68,0,0.23
C05840,47,9,574,41,2,0.05
C01809,43,2,107,8,0,0.52
C02611,25,7,446,44,1,0.12
C00440,203,2,2050,39,1,0.37
C01241,162,3,1782,45,0,0.1
C00214,17,7,355,40,1,0
C01472,33,17,274,33,0,0.92
C02206,263,1,1698,22,0,0.44
C02116,34,12,583,61,1,0.31
C03380,28,5,249,1,1,0.85
C01475,18,22,276,47,1,0.92
C04157,25,7,903,42,3,0.13
C01200,39,9,1304,56,0,0.26
C02739,43,13,754,43,1,0.16
C03166,50,15,1006,41,0,0.05
C00419,197,4,2833,18,0,0.38
C04373,28,10,213,28,3,0.79
C03326,343,4,1395,54,1,0.44
C04892,36,7,751,91,1,0.01
C00609,49,12,273,61,1,0.09
C04943,219,2,1555,34,0,0.18
C03697,29,11,396,93,2,0.14
C04041,39,10,1520,54,0,0
C01001,29,13,1428,76,0,0.1
C00221,38,11,258,24,1,1
C04424,185,2,1972,49,0,0.37
C00948,33,10,1143,81,1,0.04
C02408,8,7,1186,62,1,0.32
C02051,24,10,127,23,1,1
C03035,169,3,776,52,0,0.31
C04939,73,3,287,2,0,0.57
C00166,34,18,317,68,1,0.8
C01841,23,13,468,45,1,0.28
C02924,35,9,133,28,2,0.87
C01426,41,7,646,69,2,0.04
C03143,27,10,1359,63,1,0.03
C01006,45,2,253,1,0,0.67
C01541,40,11,511,47,1,0
C05197,12,14,259,40,0,0.76
C02424,188,4,1043,47,0,0.33
C02174,272,4,1848,50,0,0.27
C05648,4,14,217,13,0,0.76
C01716,40,21,169,31,2,1
C04824,26,14,562,52,1,1
C02397,29,10,635,65,0,0.09
C02425,74,12,1412,38,0,0.13
C02198,40,9,887,88,0,0
C04456,40,14,185,32,0,0.82
C04968,89,6,756,62,0,0.5
C03930,30,18,173,15,0,0.86
C04074,34,16,226,26,2,1
C01978,70,2,90,3,0,0.56
C00496,25,12,403,28,2,0.94
C01489,29,10,347,3,0,0.91
C03424,65,3,99,10,0,0.37
C05304,8,9,525,36,0,0.15
C01154,23,10,394,34,3,0.9
C03312,28,15,405,17,3,0.95
C03404,60,2,229,4,0,0.36
C01634,13,3,134,3,0,0.48
C00820,161,4,750,41,0,0.42
C00959,175,1,904,65,0,0.57
C02197,38,16,576,18,0,0.89
C01459,55,16,1284,29,0,0.25
C04257,25,12,108,24,3,0.95
C04267,43,10,654,49,0,0.17
C04972,13,12,217,36,2,0.87
C02500,12,9,1025,72,0,0.24
C04810,294,2,2994,51,0,0.13
C00619,144,3,1600,33,0,0.14
C03293,24,7,1050,74,0,0.1
C03825,34,17,225,21,4,0.9
C04238,214,2,992,50,0,0.44
C00582,25,14,355,24,0,0.98
C01898,224,4,1066,63,0,0.17
C00131,38,8,651,58,0,0.16
C01773,19,11,872,73,1,0.31
C05603,16,4,94,4,0,0.52
C03226,249,3,1641,47,1,0.36
C01409,53,10,703,81,1,0.26
C01307,26,12,651,90,1,0.17
C05998,203,4,1909,34,0,0.47
C05921,28,3,142,6,1,0.72
C01202,44,11,815,74,0,0.02
C01302,183,1,1653,39,0,0.39
C03539,26,2,1299,16,0,0.05
C03534,30,16,267,22,2,0.9
C02029,22,15,253,48,2,0.85
C00006,54,14,1390,64,2,0.07
C01734,50,14,204,49,3,0.75
C05647,66,4,170,5,2,0.68
C01036,239,4,427,51,0,0.23
C05348,60,9,1124,74,0,0.24
C03325,61,4,152,6,3,0.72
C02038,68,3,145,1,1,0.68
C02991,35,11,522,58,0,0
C03348,161,7,3883,44,0,0.5
C03345,30,14,793,63,1,0.24
C05526,230,1,1709,31,2,0.36
C04839,60,2,294,5,0,0.71
C00792,13,18,236,14,3,0.78
C04274,42,11,745,46,1,0.95
C02981,68,15,1241,80,0,0.03
C02722,38,5,122,2,0,0.52
C02277,58,15,1040,46,0,0
C01028,28,16,745,61,1,0
C02989,239,4,1576,37,0,0.2
C00204,56,16,1050,90,0,0.06
C01761,20,12,344,50,2,1
C00748,27,14,225,25,1,0.72
C02482,43,13,640,47,0,0.12
C05940,45,13,765,37,1,0
C02012,34,14,1079,32,2,0.19
C04593,0,14,197,23,2,0.86
C03920,132,5,1800,24,0,0.37
C02923,32,3,69,4,0,0.51
C02822,44,13,652,61,0,0.15
C03925,252,3,3695,44,0,0.24
C04284,35,12,1008,57,2,0.32
C05050,51,2,132,2,1,0.67
C03584,72,8,1087,54,0,0.08
C00194,16,17,130,16,4,0.93
C05464,279,4,584,57,1,0.35
C01159,200,2,836,41,1,0.22
C05035,252,4,2975,36,0,0.37
C03387,30,7,201,26,1,0.81
C02324,203,3,2868,32,0,0.35
C02666,43,6,521,79,0,0.25
C05350,36,9,487,65,1,0.31
C03394,41,7,726,62,0,0.06
C04201,177,4,3211,53,1,0.52
C02002,182,3,2342,64,0,0.35
C01410,126,4,637,63,0,0.16
C02571,188,6,1040,31,0,0.25
C00648,194,3,2001,66,0,0.41
C00819,17,2,342,5,1,0.61
C00601,43,13,546,48,1,0.18
C03209,41,10,888,72,0,0.1
C01129,232,1,2211,50,0,0.25
C01507,21,13,288,18,3,0.88
C03911,156,4,591,47,0,0.29
C02999,0,12,1275,83,2,0.26
C03053,16,11,335,30,3,1
C02345,20,8,676,74,1,0.22
C05990,6,9,760,50,0,0
C00170,5,10,774,42,0,0.1
C05492,28,12,787,50,0,0.02
C04699,230,2,1298,28,0,0.1
C03102,21,10,906,69,0,0
C03649,15,13,1553,71,1,0
C00977,12,4,405,4,1,0.51
C02521,42,14,810,100,0,0.01
C00824,48,9,1097,101,0,0.23
C00755,54,5,218,4,0,0.61
C01658,42,11,283,29,2,0.91
C02821,252,1,781,64,0,0.47
C00578,38,1,286,7,0,0.44
C04113,47,15,1466,45,0,0.19
C01112,32,16,175,24,1,1
C02099,46,7,660,90,1,0.19
C01593,56,8,494,45,0,0.27
C05403,13,10,1269,76,1,0.11
C03847,21,18,173,35,1,0.76
C00316,27,16,163,37,3,0.94
C01802,172,4,1783,35,0,0.41
C00231,48,13,719,21,2,0
C03758,2,10,883,5,1,0.9
C03900,65,11,489,61,1,0.17
C01394,74,4,179,1,1,0.47
C04842,21,14,328,62,0,0
C02606,31,9,152,34,2,1
C02583,33,3,138,3,1,0.58
C05207,21,11,647,62,0,0.12
C05887,207,3,2191,49,1,0.4
C04585,35,2,235,4,0,0.56
C03829,320,1,4418,34,0,0.18
C02867,21,11,392,28,2,0.93
C05309,19,12,295,16,1,0.98
C04268,327,4,4187,28,1,0.5
C03813,39,13,527,49,2,0.19
C01148,273,3,948,52,3,0.34
C05190,30,12,1232,24,0,0.17
C01526,70,4,178,4,0,0.6
C02501,59,2,183,5,0,0.42
C03465,259,5,1455,50,1,0.3
C00706,43,2,271,2,0,0.44
C05528,49,5,230,6,0,0.56
C05854,30,12,231,10,4,0.85
C00928,39,17,272,36,3,1
C01824,36,10,993,55,0,0.3
C04766,24,16,544,33,1,0.87
C04726,36,12,197,10,4,0.99
C04849,38,3,212,4,0,0.65
C00343,38,12,1016,38,1,0
C00752,17,10,225,40,0,0.97
C02799,5,16,266,26,2,1
C03077,27,22,141,35,0,1
C03078,34,15,441,65,2,0
C04910,44,8,981,58,0,0.21
C04258,16,16,148,36,0,0.81
C05355,21,16,805,83,1,0.25
C02826,33,10,1170,80,0,0
C00428,51,9,1554,36,0,0.12
C00993,51,15,628,65,0,0.02
C02214,26,19,148,11,1,0.95
C05112,38,11,1156,54,0,0.12
C01983,41,10,551,61,0,0.27
C00024,58,4,373,8,0,0.62
C00604,264,2,1269,44,0,0.4
C04912,18,13,566,79,0,0.17
C04046,31,9,728,74,1,0.08
C00691,29,14,1559,79,3,0.04
C03616,22,7,564,103,1,0.01
C05723,15,12,977,59,0,0.05
C00107,24,3,303,3,0,0.91
C05835,317,1,2416,48,1,0.71
C04254,55,5,175,5,0,0.59
C04061,78,4,144,1,0,0.45
C05038,30,12,483,31,1,0.04
C01988,33,8,753,10,1,0.93
C04455,49,7,179,42,2,1
C05702,40,10,1293,72,0,0.21
C02376,34,12,522,64,0,0.21
C01612,13,12,414,54,1,0.11
C04856,40,8,1010,63,0,0.11
C05413,23,10,360,77,0,0
C00360,43,5,156,5,0,0.77
C02884,39,10,741,77,0,0
C04474,235,2,880,31,0,0.25
C04097,157,1,2225,51,0,0.3
C00478,44,11,1265,87,1,0.2
C03601,44,8,401,33,0,0
C03828,18,18,174,16,1,0.74
C03137,25,13,814,66,1,0.13
C04051,185,4,1969,43,0,0.44
C04439,39,3,154,5,1,0.51
C00044,16,15,757,35,2,0.39
C00692,27,10,161,19,0,0.93
C03042,43,4,136,5,1,0.51
C00525,27,12,345,39,2,0.92
C02017,25,15,831,84,1,0.21
C00674,32,5,375,1,0,0.38
C01644,0,3,130,4,1,0.49
C02553,3,12,250,38,1,0.82
C01395,238,5,1497,39,1,0.21
C03037,121,5,1330,62,0,0.37
C01705,19,12,306,74,0,0.11
C02787,14,17,100,10,2,0.73
C04128,29,4,238,4,1,0.48
C00863,58,3,187,3,0,0.55
C02602,25,9,586,99,1,0.1
C00847,50,1,232,5,0,0.47
C02509,35,8,748,68,0,0.02
C02560,276,3,1021,52,0,0.33
C01174,43,13,539,29,4,0.01
C05475,43,15,195,29,4,0.93
C03845,25,2,165,1,0,0.64
C03516,28,10,1033,60,1,0.14
C02400,9,16,238,26,1,0.8
C01484,49,13,769,71,0,0.29
C00387,19,11,685,56,0,0.3
C04882,104,3,2219,57,0,0.51
C00236,26,13,396,15,2,0.88
C01585,269,5,1878,41,0,0.21
C00569,13,17,180,24,5,1
C05605,24,15,451,15,0,0.95
C01975,18,12,1190,41,2,0.17
C03127,40,13,313,6,1,1
C05299,334,2,1967,49,1,0.46
C04790,23,9,1256,32,0,0.16
C03614,28,8,927,63,1,0.16
C03073,20,10,241,26,6,1
C00078,40,9,798,48,0,0.18
C00433,262,2,2386,61,2,0.31
C02074,33,2,56,2,1,0.58
C04304,72,3,93,4,0,0.54
C00961,90,8,140,6,0,0.53
C04595,41,10,962,91,0,0
C03893,69,3,187,4,1,0.58
C04706,18,13,734,74,1,0.06
C02617,44,16,219,24,3,0.66
C03593,28,24,388,7,3,1
C05206,0,10,991,63,1,0
C05220,30,12,637,20,2,1
C01567,31,13,381,63,0,0.03
C04104,24,10,1171,57,0,0.28
C01398,26,16,609,63,0,0
C04394,55,12,467,91,0,0.34
C03523,52,9,881,55,2,0
C04483,0,2,143,3,0,0.61
C04971,6,12,908,73,0,0.14
C05143,31,13,604,59,2,0.18
C04233,0,11,791,70,0,0
C00333,25,13,477,64,0,0.04
C05585,32,12,361,35,1,0.97
C01334,0,4,206,1,0,0.67
C05941,29,3,137,3,0,0.83
C02769,32,5,137,5,1,0.73
C02210,39,14,125,14,2,0.77
C04819,30,8,745,60,0,0
C03985,191,4,656,36,0,0.25
C01176,216,2,2004,38,0,0.65
C04478,189,4,630,47,0,0.28
C01412,29,17,79,28,0,0.83
C00608,144,1,1350,52,1,0.31
C01996,298,2,1232,34,1,0.36
C05272,237,2,808,27,0,0.41
C00347,34,7,1248,76,0,0.08
C04429,60,2,295,4,0,0.43
C00729,25,14,603,30,2,1
C00294,13,20,689,52,1,0.96
C05903,47,5,179,3,0,0.45
C01058,30,12,285,5,1,0.99
C04536,24,15,643,59,1,0.08
C02941,30,3,267,4,0,0.56
C01087,21,3,273,4,0,0.72
C02022,41,16,704,74,0,0
C03265,211,1,733,33,0,0.24
C04012,25,14,417,25,3,0.79
C02079,29,12,1077,50,1,0
C02957,209,5,815,72,0,0.42
C01481,43,13,988,42,1,0.22
C04876,31,6,823,42,1,0.16
C02016,21,10,518,58,1,0
C02190,30,12,447,47,3,0.16
C00901,12,10,453,70,0,0.04
C05077,10,13,810,50,1,0.04
C05097,18,11,881,63,1,0.23
C05578,36,13,694,78,1,0.14
C02747,26,14,227,1,0,0.89
C00345,14,4,154,3,1,0.4
C04435,19,11,479,75,0,0.1
C05194,13,17,150,40,1,0.67
C05170,33,13,624,43,2,0.15
C05391,18,14,300,31,1,0.98
C00370,40,3,64,2,0,0.59
C05137,262,2,1184,54,0,0.29
C02520,53,12,1638,65,0,0.11
C05179,49,6,637,82,0,0.18
C01575,234,4,1724,52,0,0.45
C05512,14,9,449,36,1,0.82
C03212,25,9,1027,58,0,0
C03499,223,1,1223,22,1,0.32
C00412,58,13,722,67,1,0.01
C02091,37,6,94,3,1,0.63
C02061,24,5,115,1,0,0.43
C02442,79,6,251,1,1,0.68
C02251,228,4,1831,51,0,0.58
C02933,25,15,781,33,1,1
C05083,12,11,329,30,2,0.84
C00469,36,12,972,78,0,0.11
C05187,10,1,385,2,1,0.41
C02977,13,15,978,69,1,0.16
C03399,147,3,5531,43,0,0.4
C02475,65,5,1115,44,0,0.01
C01908,238,4,3304,69,0,0.37
C01299,25,16,481,35,2,0.87
C04122,30,12,160,32,0,0.68
C00062,24,15,543,46,0,0
C04872,40,3,216,3,0,0.54
C02810,52,1,252,6,0,0.57
C04660,48,15,847,64,1,0.33
C01596,37,10,1337,47,0,0.03
C02040,165,1,846,62,2,0.41
C02530,25,10,1086,43,1,0.09
C04830,19,8,1296,69,1,0.13
C05665,37,10,745,79,0,0.11
C04214,39,4,143,3,0,0.72
C01403,232,3,1214,50,2,0.2
C03364,55,14,1331,41,3,0.2
C04601,7,16,165,17,0,0.8
C01627,30,7,647,100,2,0.32
C03484,251,3,679,53,0,0.35
C02548,21,12,571,64,1,0.01
C01834,7,11,182,11,2,1
C00503,191,1,788,49,0,0.43
C05826,24,10,462,25,2,0.06
C04282,35,10,172,25,0,0.78
C00517,37,7,365,82,0,0.11
C01294,196,3,2732,53,0,0.36
C03581,248,4,788,53,0,0.42
C02515,201,4,895,22,1,0.19
C04077,38,12,525,53,0,0.03
C01879,21,11,364,49,0,0
C04850,24,16,337,42,5,0.92
C01434,247,6,1301,47,0,0.43
C01529,0,5,273,25,1,1
C01493,6,10,223,9,3,0.67
C05545,9,16,193,17,1,0.82
C04556,138,1,3708,50,0,0.46
C03189,70,10,966,33,1,0.12
C02203,114,4,2950,63,0,0.55
C03894,66,2,176,4,1,0.68
C05836,233,2,2958,60,0,0.28
C04462,39,2,164,1,0,0.72
C04569,260,2,1641,79,0,0.35
C04579,2,9,228,19,0,0.8
C01995,202,1,1237,50,0,0.38
C01362,258,6,739,74,1,0.52
C05328,230,2,3789,47,1,0.31
C02078,174,1,1284,41,1,0.28
C05439,52,7,1822,112,0,0.19
C00949,240,3,2777,45,2,0.37
C00592,34,4,83,7,0,0.5
C00683,225,3,854,74,1,0.41
C02508,178,2,2855,60,1,0.46
C05727,42,11,845,54,1,0.11
C00247,205,3,867,20,1,0.42
C03170,40,14,1437,48,1,0.06
C04715,183,4,1099,45,1,0.5
C01364,28,9,962,35,1,0.07
C05127,282,2,2649,36,3,0.23
C01989,8,3,271,4,0,0.61
C03052,41,5,160,6,0,0.6
C02142,36,15,568,51,0,0.05
C04466,18,6,1456,46,1,0.13
C02806,27,18,807,14,3,0.89
C04516,272,1,2301,68,0,0.28
C04801,65,5,475,5,1,0.52
C05750,43,6,669,3,0,0.75
C02971,231,2,1680,56,0,0.41
C03494,42,6,151,5,0,0.52
C00800,7,13,524,57,0,0.18
C01657,26,20,466,20,2,0.84
C05534,45,1,124,4,0,0.53
C02403,105,1,1649,20,1,0.61
C02119,39,13,389,23,1,1
C03902,8,9,1485,54,1,0.11
C02363,18,12,636,56,0,0.09
C01469,17,6,405,51,0,0.31
C04436,58,15,710,67,0,0.08
C03030,78,2,255,1,0,0.56
C02615,261,4,1806,67,0,0.29
C00481,13,4,134,3,0,0.76
C02782,49,5,345,3,0,0.47
C00342,34,17,954,36,0,0.06
C01077,29,9,193,24,2,0.84
C00149,266,4,1051,34,0,0.34
C00770,28,10,135,51,2,0.98
C01013,49,4,133,3,0,0.39
C00322,37,10,722,45,2,0.13
C04741,21,13,152,1,3,0.87
C03153,50,9,1909,91,1,0.04
C01816,65,3,174,2,0,0.56
C00049,30,11,213,46,2,1
C04293,10,2,105,1,0,0.62
C04664,40,17,775,62,0,0.13
C00840,14,11,906,73,0,0.02
C02041,50,9,653,76,1,0.02
C02159,46,10,1019,57,0,0
C02557,25,21,189,38,0,0.8
C02250,40,1,171,4,0,0.41
C03128,224,2,1631,72,0,0.29
C03175,19,2,204,5,1,0.85
C04768,53,8,904,46,2,0
C05951,28,11,742,61,0,0
C05900,42,13,880,48,1,0.09
C05851,35,15,1064,73,2,0.03
C01290,43,7,294,45,0,0.2
C02762,19,1,173,3,0,0.65
C04518,33,11,590,73,1,0.33
C02805,24,13,440,33,0,0
C01945,29,4,535,75,0,0
C04176,14,7,203,26,4,0.9
C05797,38,1,160,3,0,0.54
C00125,24,12,111,38,2,1
C00671,18,12,168,46,1,0.81
C04464,39,2,172,4,1,0.53
C02968,259,4,2769,35,1,0.25
C03543,28,7,279,39,0,0.02
C00317,9,10,908,77,1,0.12
C02485,23,13,228,26,1,0.85
C03232,30,11,514,68,0,0.25
C03389,177,2,1270,49,0,0.52
C02554,22,15,616,67,0,0.31
C00396,48,4,253,1,0,0.5
C03191,226,4,2947,59,1,0.67
C04334,27,11,170,43,1,1
C05952,6,16,293,18,1,0.82
C05332,10,11,434,24,1,0
C00495,268,3,1037,34,0,0.32
C04216,7,12,1375,64,1,0.36
C02565,27,1,282,3,3,0.63
C00861,22,12,532,43,2,0.08
C04278,11,13,751,49,1,0.1
C03071,22,18,286,29,3,1
C02430,207,2,1604,64,1,0.44
C04109,21,11,573,26,1,0.89
C03942,37,12,803,62,0,0.17
C03485,23,2,91,1,1,0.63
C05655,21,13,190,31,1,0.84
C02672,25,4,1175,41,0,0.13
C03557,232,3,1996,68,2,0.39
C03963,41,15,751,67,2,0.19
C01924,48,10,1147,59,0,0.31
C04692,13,15,304,15,1,1
C04748,36,4,162,4,0,0.64
C05114,41,6,415,71,0,0.32
C02668,44,11,658,63,1,0.09
C02222,26,13,373,21,2,0.76
C04261,33,4,195,2,0,0.51
C01453,49,1,109,1,0,0.63
C00051,158,2,2543,57,0,0.3
C02750,60,5,1241,68,1,0.13
C04765,283,4,2051,27,0,0.46
C03154,31,15,141,10,1,0.68
C03363,48,21,258,31,1,1
C02635,32,11,334,30,1,0.98
C03954,14,8,1290,44,1,0
C01972,15,2,292,2,0,0.57
C05808,14,15,224,10,0,0.95
C05193,28,9,1009,51,0,0.09
C03913,202,4,2063,48,1,0.48
C01577,26,12,432,71,0,0
C04259,25,11,1221,63,1,0.07
C01808,38,18,173,28,0,1
C02986,37,15,835,96,0,0.19
C01165,11,7,61,5,1,0.63
C01113,32,4,165,7,0,0.61
C00164,29,20,154,26,2,0.95
C02732,22,13,761,69,1,0.09
C01867,17,2,77,4,1,0.68
C02004,309,4,3322,38,0,0.26
C03648,46,9,263,91,0,0.23
C05139,280,4,2005,45,0,0.12
C05120,285,2,528,43,0,0.37
C00200,38,8,1225,57,0,0.01
C02872,308,1,3858,49,1,0.23
C04145,36,9,444,35,2,0.78
C04867,15,7,433,42,3,0.9
C03797,47,11,795,58,0,0.01
C01894,15,21,306,26,2,0.96
C04663,38,12,217,21,1,0.87
C05317,22,13,494,77,0,0.3
C02683,31,12,765,49,3,0.17
C03221,287,3,1961,67,0,0.52
C01832,320,2,804,40,0,0.46
C02954,22,15,630,49,1,0.13
C05581,117,2,1529,63,2,0.3
C01282,73,1,1882,110,1,0.37
C00109,58,12,729,60,1,0
C04117,37,12,239,34,2,1
C02481,45,4,237,3,0,0.6
C00935,19,17,133,44,2,0.91
C05474,33,2,199,2,0,0.71
C02864,16,12,441,48,1,0.1
C04643,244,4,1983,38,0,0.2
C01839,12,12,220,21,0,1
C00771,178,1,1964,44,1,0.41
C02093,50,1,356,4,1,0.53
C00876,219,5,1588,52,0,0.3
C04292,123,5,1578,55,0,0.28
C03879,45,8,158,37,3,0.98
C04381,46,1,118,6,0,0.48
C03461,36,7,741,48,0,0.05
C02748,20,13,386,24,1,0.84
C05862,21,10,724,96,2,0.19
C03245,54,1,313,3,0,0.52
C02164,0,17,257,63,1,0.05
C03505,41,12,263,11,0,0.83
C05200,46,3,145,4,1,0.44
C03683,24,11,1811,76,1,0.27
C04006,15,8,552,63,1,0.05
C01786,26,8,630,48,2,0.19
C03000,32,13,546,43,0,0.04
C04475,43,16,443,28,0,1
C02497,30,12,464,11,2,0.87
C00988,0,8,988,47,1,0.18
C03830,28,12,657,27,2,0.92
C03032,24,12,957,34,0,0
C02756,26,15,311,7,1,0.82
C01191,185,1,1331,33,1,0.14
C05628,40,5,152,4,0,0.47
C02157,5,14,705,99,1,0.15
C01947,96,2,1112,37,0,0.43
C00120,267,2,446,27,0,0.3
C03080,28,11,400,25,3,1
C04111,32,13,697,70,1,0.27
C02200,12,8,930,60,1,0.04
C03630,7,2,73,2,1,0.37
C00638,38,1,174,2,0,0.4
C05073,39,8,488,41,0,0
C02132,31,13,273,42,1,1
C03969,245,1,1149,38,0,0.39
C02331,25,12,568,59,1,0.17
C01546,30,13,237,7,0,1
C02858,298,2,1048,56,0,0.38
C01099,258,2,2169,35,0,0.34
C03611,8,3,146,3,0,0.49
C00339,18,14,351,58,0,0.08
C02935,49,15,1100,52,0,0
C02949,164,2,2364,34,0,0.41
C05064,243,2,889,60,1,0.21
C00232,0,14,1220,55,2,0.18
C02428,39,1,235,8,1,0.52
C02014,35,12,1314,77,0,0.11
C00675,7,17,256,92,0,0
C02567,316,2,701,64,1,0.4
C01892,49,18,306,25,1,0.8
C02037,34,12,858,83,1,0.25
C04853,12,10,628,61,3,0.16
C03393,227,2,4308,50,1,0.41
C01211,56,4,215,4,0,0.61
C04694,293,1,3758,70,0,0.44
C01833,18,11,183,35,2,0.86
C05588,17,10,280,36,1,1
C01799,70,4,179,3,0,0.47
C01745,250,4,1625,43,1,0.57
C04263,30,11,125,17,2,1
C04487,26,9,324,36,1,0.87
C05777,67,5,342,4,0,0.36
C04063,19,10,1049,88,0,0.18
C02447,12,15,241,34,2,0.97
C00653,35,11,741,76,0,0.16
C05402,5,12,914,97,0,0
C00527,26,16,531,80,2,0.23
C04087,31,2,222,2,1,0.51
C01882,26,12,665,47,0,0.18
C00280,84,3,138,2,0,0.55
C01439,169,4,2863,21,0,0.39
C01057,43,13,302,30,1,0.9
C00963,26,8,675,77,0,0.03
C00965,23,14,609,64,0,0.24
C02956,25,6,555,81,0,0.16
C00177,32,5,124,2,0,0.49
C04043,55,18,472,15,0,0
C00663,83,3,1351,45,0,0.39
C00702,33,15,797,72,0,0.05
C04794,24,7,766,105,1,0.13
C05423,40,12,1014,26,0,0.09
C02042,35,3,93,4,0,0.62
C04868,268,3,2522,52,0,0.49
C02401,29,11,1218,47,2,0.1
C02631,32,12,1014,42,1,0.15
C04626,0,11,522,71,1,0.2
C05930,36,12,700,62,0,0
C01931,251,4,2954,20,0,0.39
C05947,98,4,1822,55,0,0.31
C05889,27,3,299,2,1,0.64
C01272,28,7,768,59,0,0.09
C05505,41,9,1581,73,1,0.1
C03978,21,13,231,36,1,0.79
C02187,22,16,123,49,1,1
C02487,36,9,339,54,0,0
C05771,39,12,813,41,0,0.1
C01010,18,12,101,27,2,0.79
C03282,54,9,617,76,1,0.16
C02117,43,7,894,79,3,0.19
C02338,56,4,78,3,0,0.67
C04804,28,18,927,60,0,0.09
C00043,167,4,2740,35,0,0.3
C00355,36,19,522,44,0,0.29
C02294,24,1,276,1,0,0.51
C03910,85,4,257,9,0,0.39
C02713,25,3,146,1,0,0.66
C01020,45,11,211,46,1,0.83
C00416,13,10,531,43,0,0
C03621,43,5,129,5,0,0.54
C00577,43,10,201,19,4,1
C01046,37,3,199,2,1,0.53
C01162,30,14,1066,44,0,0
C02437,10,12,456,76,0,0
C00973,0,8,551,50,0,0
C01318,8,10,1042,37,0,0
C01008,47,17,610,8,0,0
C04705,53,8,1076,41,0,0.12
C05262,39,10,442,68,0,0.05
C01443,220,3,4077,53,0,0.31
C04649,30,10,650,73,0,0
C03746,0,11,685,63,1,0.13
C00707,234,3,2069,49,0,0.26
C02730,33,8,601,46,0,0.2
C04101,9,11,1119,66,0,0.21
C00994,7,11,427,26,0,0.07
C00196,28,14,402,49,2,0.87
C00276,22,7,760,93,1,0.03
C04349,167,3,3530,52,2,0.65
C02021,39,11,1033,83,1,0.32
C03433,55,10,1324,47,0,0.21
C04021,66,1,62,5,0,0.49
C05722,31,15,908,64,0,0
C02446,49,2,261,3,0,0.63
C03082,12,11,797,78,3,0.06
C04262,25,16,284,53,4,1
C03973,20,3,90,5,0,0.28
C00581,37,1,159,5,1,0.35
C03311,57,11,1885,48,1,0.07
C05418,236,2,2807,39,1,0.44
C02449,32,10,461,62,1,0.14
C05898,21,4,419,3,0,0.69
C01240,25,14,339,89,0,0.24
C05051,38,14,334,40,1,0.99
C04205,31,14,651,61,0,0.04
C01552,49,12,427,15,5,0.87
C04679,13,13,1396,54,0,0.2
C03246,57,12,801,40,0,0.03
C01534,238,2,1292,61,0,0.1
C00939,90,5,2694,51,0,0.17
C02188,32,13,892,64,0,0.12
C04940,9,11,526,43,1,0.12
C03110,54,10,544,53,1,0.16
C01336,26,13,381,13,0,0.17
C03384,16,12,736,41,1,0.13
C02101,49,3,214,2,1,0.51
C03397,26,10,946,74,0,0.02
C04186,23,5,319,23,3,1
C03356,168,6,2696,40,0,0.29
C05558,14,14,357,22,3,1
C04774,282,2,4790,55,0,0.36
C04404,59,9,689,43,0,0.19
C04473,44,9,535,66,0,0.11
C03731,176,6,1789,35,0,0.25
C04347,59,16,1131,56,0,0.23
C02084,12,14,154,38,2,1
C03025,24,11,884,53,2,0.07
C02702,188,5,2897,38,0,0.31
C04030,36,16,877,59,0,0.07
C01012,46,8,927,56,1,0.2
C00306,356,4,2069,64,0,0.36
C05099,39,13,900,71,0,0
C00866,164,5,4364,52,0,0.43
C00498,168,2,1739,51,0,0.31
C05285,27,6,209,27,1,0.79
C00375,33,11,333,14,2,0.68
C05018,7,12,321,41,3,0.82
C03377,46,1,278,4,0,0.43
C01133,39,11,534,91,1,0.03
C05518,11,14,97,29,3,0.87
C05042,23,7,625,43,1,0.94
C00211,54,13,646,62,0,0
C03002,37,9,263,29,2,1
C02374,28,17,575,76,0,0
C01389,45,6,840,63,0,0
C04618,29,10,776,80,0,0
C03231,22,7,962,36,1,0.1
C01059,17,14,339,39,0,0.82
C05587,14,14,163,1,5,1
C00325,143,4,936,32,1,0.49
C05875,15,6,518,59,0,0
C03756,34,12,799,69,0,0
C02383,165,2,1377,65,0,0.42
C01796,28,12,963,83,2,0.01
C02715,14,13,480,59,1,0.3
C00857,22,8,327,33,2,0.96
C01477,38,13,628,57,0,0
C00379,131,4,2246,52,0,0.44
C05479,367,3,863,40,0,0.43
C00334,223,3,2979,75,1,0.46
C00365,215,6,2237,33,0,0.36
C05884,43,5,142,4,2,0.46
C04197,9,14,585,29,3,0.93
C04779,48,16,343,35,1,1
C00782,179,3,471,28,1,0.37
C02112,45,4,501,56,0,0.07
C00096,196,3,2455,62,0,0.31
C02416,5,14,882,58,0,0.12
C04273,28,11,434,36,2,0.06
C04380,30,12,446,53,3,0
C05153,256,1,1204,50,0,0.43
C02781,41,20,122,36,2,0.87
C05774,40,8,528,56,2,0
C03579,38,10,475,58,0,0.23
C01026,33,8,386,79,0,0
C04359,221,5,739,54,0,0.52
C04837,50,2,124,2,0,0.5
C00192,25,4,1251,72,1,0.16
C00242,204,5,909,26,1,0.34
C02629,53,7,228,4,0,0.54
C01192,34,8,729,81,0,0.15
C02723,26,12,688,45,1,1
C04554,38,5,850,64,0,0.19
C04244,20,2,275,2,0,0.77
C05334,41,11,790,47,2,0.04
C01454,71,3,158,7,0,0.52
C00759,298,1,1347,67,0,0.23
C02691,8,10,740,7,1,0.11
C00745,39,2,175,3,0,0.57
C03403,42,8,436,42,2,0.92
C01166,34,8,453,17,0,0.73
C00052,104,5,862,70,0,0.43
C04316,44,13,1264,48,2,0
C02857,24,14,116,34,2,1
C03526,32,15,482,67,3,0.14
C04264,25,10,230,44,0,0.71
C05918,16,20,178,29,2,0.68
C02354,11,15,811,68,1,0.08
C03583,50,12,628,54,0,0.04
C00735,41,2,143,6,0,0.68
C04236,17,10,897,83,1,0.06
C00888,0,11,796,46,0,0.26
C03051,33,15,258,39,0,0.82
C02064,62,3,165,4,2,0.51
C01597,41,4,203,5,0,0.6
C05301,6,14,484,84,1,0.2
C00536,65,5,152,5,1,0.23
C02366,44,16,147,35,2,0.7
C02390,196,2,1278,74,0,0.4
C00055,25,8,525,19,0,0.21
C03811,247,5,4831,56,0,0.48
C05938,33,13,648,78,0,0.17
C02880,224,4,564,67,0,0.27
C03275,19,7,375,105,2,0.22
C05294,7,14,507,60,0,0.23
C03198,28,5,1066,87,0,0.06
C05719,27,14,137,27,1,1
C02229,36,2,165,7,0,0.59
C02524,22,20,375,14,3,0.75
C00099,31,4,263,4,0,0.61
C05914,0,13,880,46,1,0.09
C03617,30,14,779,47,0,0.1
C02798,53,4,199,4,0,0.61
C02470,34,9,812,19,0,0.04
C05881,33,6,321,4,0,0.37
C03031,33,13,567,52,0,0.24
C00815,29,11,1408,26,0,0.16
C03108,17,1,112,4,0,0.74
C02136,361,4,3013,28,1,0.53
C02546,19,11,760,75,0,0.2
C02940,7,22,242,27,0,0.79
C04080,5,20,345,45,1,0.86
C03858,150,5,1991,59,0,0.27
C00449,26,14,746,52,0,0.1
C02888,0,15,300,44,0,0.72
C00754,19,18,550,25,1,0.93
C01270,46,13,810,53,0,0.16
C04000,23,11,514,46,0,0
C02145,39,11,366,37,0,0.85
C03236,183,6,2141,55,0,0.3
C00057,275,3,3854,61,0,0.48
C01333,79,3,147,6,0,0.62
C00454,149,3,2166,62,0,0.44
C04563,0,12,334,72,0,0
C05597,29,10,577,57,1,0.25
C01430,0,4,189,7,0,0.62
C03815,13,7,386,27,0,0
C05958,35,2,291,4,0,0.58
C04723,254,3,678,52,0,0.21
C04412,36,16,361,54,0,0.79
C02632,13,12,660,68,0,0
C02504,310,4,902,64,0,0.3
C00381,22,13,461,6,1,0.88
C03066,188,1,868,55,0,0.34
C03457,49,1,132,8,1,0.51
C05211,18,3,131,9,2,0.53
C03518,54,15,1032,91,0,0.05
C05438,23,10,1113,44,0,0.13
C05049,52,12,685,56,0,0.1
C01157,44,6,518,63,1,0
C04106,248,4,2582,65,0,0.32
C02636,25,17,169,30,1,0.92
C00643,41,14,836,27,0,0.09
C04015,14,12,1462,85,0,0.2
C05912,33,11,129,43,2,0.88
C01289,190,3,2003,54,0,0.32
C02053,56,4,322,6,1,0.54
C02638,145,1,447,50,0,0.42
C03764,24,10,241,41,1,0.79
C03718,44,3,106,6,0,0.49
C05693,250,5,2520,50,0,0.13
C03329,23,12,1078,47,0,0.19
C04793,52,8,383,61,0,0.07
C00220,57,3,283,5,0,0.39
C05159,66,3,81,5,0,0.56
C02926,62,1,3392,47,0,0.44
C05160,35,4,196,4,1,0.63
C00398,258,5,1655,34,0,0.37
C01896,56,4,430,3,0,0.54
C01137,132,3,532,74,0,0.23
C03574,36,16,1240,84,0,0
C05637,206,4,1270,28,0,0.41
C04136,31,11,550,35,0,0.14
C00853,31,1,305,4,0,0.42
C01582,56,17,1352,95,0,0.05
C04945,18,17,192,53,3,1
C02168,33,2,198,1,0,0.69
C05624,50,5,279,1,0,0.58
C04045,169,2,1350,65,1,0.32
C05911,45,4,141,2,0,0.76
C04913,28,3,979,1,0,0.63
C01992,42,1,156,5,0,0.48
C00491,10,8,1493,37,0,0.04
C05245,59,1,282,6,0,0.67
C03853,186,5,3968,12,0,0.3
C05367,20,17,240,33,1,0.83
C05024,21,13,914,98,0,0.03
C04213,55,12,454,26,0,0
C05749,24,8,293,27,1,0.91
C02869,51,9,447,76,1,0.01
C01922,19,14,453,48,2,0.94
C00926,16,13,617,55,0,0.03
C00054,30,13,1681,75,0,0.13
C05574,63,2,267,5,0,0.45
C02831,266,3,3449,35,0,0.34
C01417,17,12,1586,95,0,0
C03315,32,19,196,40,2,0.85
C04696,289,3,645,37,0,0.35
C01944,100,2,3203,65,1,0.53
C05172,34,13,831,44,0,0.13
C01795,19,12,607,57,1,0.15
C02176,39,4,301,4,0,0.41
C02828,38,3,301,3,0,0.54
C05080,20,14,197,27,3,0.84
C02918,73,3,208,2,0,0.62
C02445,48,17,438,24,3,1
C03769,0,16,619,38,0,0.32
C04616,6,7,317,31,2,0.78
C00019,32,11,589,45,2,0.17
C04398,14,14,532,53,0,0.11
C04926,27,4,151,2,0,0.54
C04535,0,18,1500,30,0,0
C00456,53,5,240,6,1,0.67
C04935,37,13,1302,61,0,0
C00318,31,9,910,46,0,0.2
C05671,229,2,847,45,0,0.24
C03247,280,4,1786,37,1,0.48
C00572,0,11,644,76,1,0.05
C04131,34,8,1154,75,0,0.31
C03936,172,4,3008,35,0,0.43
C00035,18,4,320,90,1,0
C03669,37,15,296,44,1,1
C04581,41,4,221,5,0,0.54
C03422,61,14,776,46,1,0.08
C00310,25,10,837,40,1,0
C03074,214,5,1782,86,0,0.49
C00388,24,13,1062,47,0,0.04
C05337,8,21,133,29,2,1
C01097,137,2,1909,45,0,0.47
C05034,20,18,186,15,1,0.91
C03577,32,17,452,79,0,0.11
C00817,180,1,606,37,0,0.27
C03732,13,13,831,56,1,0.09
C03726,192,2,1001,48,0,0.17
C02255,46,16,324,43,0,0.08
C00669,257,4,3830,79,0,0.11
C05446,4,13,164,56,2,0.85
C02885,250,3,1517,48,0,0.31
C05311,36,14,899,39,1,0
C04079,15,20,383,49,1,0.83
C02239,43,11,608,52,1,0.18
C01355,10,10,438,61,0,0
C04195,38,8,383,65,2,0.13
C05535,55,9,976,46,1,0.25
C00630,156,6,1632,50,0,0.57
C04684,24,15,421,22,2,0.9
C03654,9,18,714,37,2,0.78
C01904,40,6,1247,39,1,0.15
C05761,191,2,2572,44,1,0.41
C04703,159,1,1275,33,0,0.48
C05754,24,9,590,45,0,0.1
C01073,14,14,754,77,2,0.41
C05630,27,7,224,14,2,0.9
C01650,239,3,958,50,2,0.07
C05326,13,8,552,45,1,0.11
C01284,72,1,257,1,0,0.48
C01160,32,3,227,6,0,0.76
C05021,30,14,382,35,3,0.93
C04888,25,10,831,67,1,0
C00978,21,8,1227,78,0,0.03
C04542,70,3,248,3,1,0.56
C03238,20,21,454,2,1,0.88
C01076,361,3,3596,32,0,0.34
C02650,15,6,1873,39,0,0.24
C04759,37,10,777,42,0,0.11
C03722,29,17,223,17,0,1
C00774,196,3,990,42,0,0.36
C05844,27,13,721,54,0,0
C01695,21,14,361,29,1,0.83
C01442,40,8,724,30,3,0
C02616,32,9,311,23,1,0.87
C04149,38,14,289,20,3,0.89
C02507,40,10,413,74,0,0
C04655,266,3,5788,35,0,0.33
C04182,30,10,505,50,0,0.11
C00021,53,4,188,3,0,0.58
C04399,93,5,1609,55,0,0.2
C04388,69,5,943,52,0,0.3
C02830,0,11,653,58,1,0.09
C00161,14,11,156,38,3,0.92
C03767,58,4,294,8,0,0.56
C04767,19,18,274,21,1,0.68
C02620,303,1,3439,88,0,0.37
C01520,30,7,901,59,0,0.28
C05157,31,1,319,2,0,0.7
C03061,21,24,366,23,3,0.58
C04836,42,9,1159,72,1,0.14
C05433,313,3,1122,69,0,0.38
C01920,33,16,932,52,1,0
C00279,284,5,1292,27,0,0.41
C04678,34,10,754,47,1,0.16
C01917,31,13,178,45,0,0.85
C04859,20,12,668,74,2,0.04
C05219,31,3,268,7,0,0.79
C04338,30,15,673,54,1,0.09
C04778,34,2,172,9,0,0.62
C01405,40,15,217,35,6,0.91
C02080,33,12,877,17,0,0.08
C02365,182,5,1267,20,0,0.49
C00751,6,7,327,80,0,0.25
C03856,26,17,411,26,4,0.91
C04975,316,2,682,71,0,0.27
C03618,8,10,1157,70,0,0
C02068,215,6,1059,41,0,0.38
C04327,50,9,785,74,0,0
C02579,9,13,423,52,2,0.04
C05656,29,18,253,24,2,1
C03836,32,11,291,24,1,0.98
C00235,44,5,102,4,0,0.51
C03696,28,17,276,26,2,0.87
C05663,36,11,415,30,0,0.14
C00278,20,13,1501,44,0,0.13
C02139,58,10,473,36,1,0.11
C01671,48,2,208,4,0,0.81
C01810,45,9,610,54,0,0.34
C03423,22,11,350,21,0,0.3
C01397,24,7,176,31,0,0.82
C03996,14,18,348,39,3,1
C05639,222,1,1205,63,0,0.37
C01685,25,13,133,10,0,0.96
C02333,31,1,92,2,0,0.57
C04340,25,7,102,4,0,0.37
C01735,39,3,304,2,0,0.64
C00219,34,19,205,32,2,0.91
C03929,8,3,369,3,1,0.19
C02669,198,1,6180,38,1,0.37
C02944,14,14,948,62,0,0.14
C05123,43,18,233,31,0,0.76
C03939,27,10,398,35,0,0
C02547,24,16,362,47,2,0.98
C05028,303,1,2370,33,1,0.33
C01633,10,12,786,48,0,0.21
C03258,45,10,382,33,1,0.81
C03886,45,14,586,43,0,0.08
C04242,44,16,265,32,4,1
C05002,22,10,500,69,0,0.15
C01895,67,2,161,5,0,0.3
C00111,35,24,237,42,1,1
C01258,51,8,2386,14,0,0.16
C01514,42,10,583,52,0,0.09
C05047,26,19,400,20,0,1
C02667,263,4,1984,37,0,0.37
C00249,16,15,1783,68,2,0.12
C01594,37,14,421,28,1,0
C00139,242,2,875,45,1,0.33
C00431,24,6,717,50,0,0.27
C02070,32,11,315,42,2,0.95
C04416,7,9,664,75,0,0
C03861,233,3,3358,30,0,0.33
C04059,25,10,677,56,0,0.25
C00708,24,9,481,90,0,0.06
C00687,20,11,334,51,4,1
C02871,31,11,815,65,0,0.08
C01391,322,3,2236,42,0,0.57
C05787,43,3,290,6,0,0.84
C03802,13,4,1325,29,1,0
C00644,32,11,670,32,0,0.08
C03980,307,3,1653,51,0,0.22
C05979,39,13,242,22,2,0.78
C03866,21,13,215,34,1,0.96
C00163,25,6,229,20,4,0.85
C05946,52,3,201,2,0,0.34
C01480,52,7,464,48,0,0
C01093,95,5,4073,46,1,0.2
C00184,38,18,365,34,2,0.73
C05575,194,1,3300,21,1,0.35
C02531,84,3,196,7,0,0.76
C05113,30,15,329,27,1,0.83
C03358,44,15,508,38,1,0.06
C05872,29,7,460,45,2,0.11
C00195,30,17,244,27,1,0.79
C03704,339,1,2059,59,0,0.26
C05818,20,8,1086,62,0,0.08
C01401,28,9,783,47,1,0.05
C00455,0,10,1279,38,0,0.11
C00924,287,6,1467,64,0,0.41
C04148,17,11,352,87,0,0.17
C04957,53,3,412,3,1,0.41
C04269,52,12,565,71,0,0.1
C04058,9,6,280,35,4,0.86
C05942,19,16,233,29,2,0.9
C02735,27,20,327,23,1,0.98
C02241,5,3,287,6,0,0.44
C04548,194,6,2468,62,1,0.39
C02845,42,2,180,6,0,0.52
C01106,27,15,134,18,2,0.91
C00645,40,14,562,52,3,0.03
C03167,170,5,989,55,0,0.21
C03187,27,6,138,3,1,0.6
C00308,44,10,539,85,0,0.06
C00150,54,11,378,48,0,0.14
C01742,10,8,1020,102,0,0
C02464,235,4,2261,56,0,0.18
C03882,43,3,85,2,0,0.33
C03993,24,8,798,71,2,0.27
C00570,215,5,1117,53,1,0.22
C05175,22,9,540,53,0,0.04
C02062,24,16,1310,62,0,0.23
C01772,216,2,1325,39,1,0.59
C04821,14,10,626,83,1,0.02
C05853,186,5,967,35,0,0.51
C04479,181,5,1843,33,1,0.27
C04247,24,13,763,63,3,0.3
C03034,28,14,212,40,1,1
C03178,0,10,1219,57,1,0.05
C01255,7,13,938,92,1,0.05
C05144,65,2,169,3,0,0.44
C00344,127,5,3403,50,1,0.42
C00541,28,11,952,69,0,0.02
C04565,74,16,625,61,0,0
C01456,24,7,793,70,1,0.13
C02024,143,2,1404,50,1,0.35
C05191,27,10,878,68,1,0
C00390,9,15,309,33,1,1
C02899,45,17,802,68,0,0.1
C04137,34,20,270,46,2,0.94
C01847,28,14,150,44,0,0.95
C00093,161,1,907,29,0,0.44
C00568,36,14,239,17,4,0.79
C05410,22,8,228,53,0,0.24
C02311,40,13,650,65,0,0.1
C04918,263,6,3222,59,0,0.5
C04599,3,10,851,78,0,0.25
C05290,129,3,1476,46,0,0.06
C05583,44,9,510,49,0,0.37
C05756,29,20,341,15,3,0.71
C01369,27,5,359,67,0,0
C04785,20,11,971,84,0,0.12
C00518,215,3,4035,48,1,0.37
C04367,20,3,160,5,0,0.38
C00346,0,17,1176,28,2,0.2
C02843,223,2,2104,47,0,0.46
C05065,34,16,833,64,0,0
C03279,51,11,424,61,1,0
C01991,34,10,1064,69,0,0.05
C00229,132,5,1200,68,0,0.46
C02205,29,11,577,59,0,0.14
C00228,15,10,807,59,1,0.01
C05484,179,2,1527,74,0,0.33
C05278,38,13,817,21,1,0
C05499,49,4,372,6,0,0.35
C02966,20,12,626,71,0,0
C05275,254,1,1355,12,0,0.25
C03501,39,11,1102,58,1,0.12
C05449,25,16,270,10,5,1
C02128,9,14,490,71,0,0
C00356,5,13,374,16,1,1
C04937,210,3,508,36,0,0.12
C03333,35,15,635,59,0,0.38
C05357,34,20,441,15,1,0.85
C04421,165,2,1381,50,0,0.2
C00401,60,1,280,3,0,0.63
C00624,63,4,327,4,0,0.58
C03227,16,15,390,53,1,0.97
C05927,47,15,389,41,0,0.04
C04860,0,1,82,4,0,0.54
C00453,7,12,1651,42,0,0.05
C00173,63,8,531,61,1,0.17
C03444,33,17,220,26,2,0.78
C00248,48,15,377,36,1,0.88
C03699,238,2,1881,45,0,0.21
C01869,39,13,740,65,0,0.19
C00098,8,14,798,69,0,0
C00244,43,2,184,2,0,0.46
C03408,42,14,736,66,1,0.09
C05714,213,2,1499,32,1,0.35
C03536,13,3,801,62,1,0.14
C00382,42,14,647,65,0,0.14
C03703,304,2,1160,51,0,0.35
C03302,35,9,723,62,0,0.04
C05494,211,3,1343,40,1,0.27
C05116,234,2,4543,56,1,0.32
C00451,27,10,649,69,0,0.11
C01635,42,11,196,28,3,1
C00394,21,9,960,25,1,0.12
C01929,0,21,195,19,3,0.84
C05393,134,2,5221,44,0,0.24
C03792,24,2,153,2,0,0.39
C04567,19,15,889,55,0,0.22
C01082,12,17,130,5,1,0.77
C02350,24,13,367,88,0,0.34
C02898,282,3,1836,57,2,0.37
C02175,41,3,109,5,0,0.3
C01771,49,10,941,61,0,0.07
C01399,39,5,259,6,0,0.44
C05166,23,2,226,6,2,0.57
C03240,16,14,1598,42,0,0
C00157,1,16,906,35,1,0.12
C05831,40,10,460,20,3,0.96
C05471,16,10,423,94,0,0.17
C02591,26,12,744,69,0,0.06
C00586,23,14,387,40,4,0.71
C02108,62,3,227,4,0,0.62
C05507,24,12,383,33,1,0.96
C05382,35,1,331,4,1,0.61
C04693,27,11,445,13,1,1
C03353,34,8,685,80,1,0.15
C01613,36,17,1013,60,2,0.09
C04743,58,5,223,5,0,0.74
C02834,18,10,793,47,2,0.02
C05316,19,12,230,36,2,0.81
C03218,45,11,729,53,2,0
C01199,19,11,840,68,0,0
C04237,36,10,811,62,1,0
C05640,57,3,456,47,0,0.47
C04276,52,8,1288,31,0,0.15
C01893,23,11,650,65,1,0.03
C00259,312,3,1352,49,0,0.45
C05431,193,4,893,41,0,0.18
C03068,26,16,815,85,0,0.13
C03069,1,9,1356,68,0,0.03
C05954,210,2,1265,39,0,0.34
C04060,166,6,1014,37,0,0.35
C01296,22,16,539,42,4,0.81
C04911,2,8,1387,40,0,0
C01163,22,2,361,6,1,0.45
C03075,12,18,367,34,6,1
C05635,37,17,198,23,2,1
C02065,23,11,808,60,1,0.02
C02427,75,3,87,4,1,0.56
C03946,52,2,165,4,0,0.48
C05292,176,5,1291,37,0,0.35
C03917,43,15,298,33,0,0.83
C04465,46,15,488,21,0,0.92
C05988,32,1,250,6,0,0.62
C01293,44,7,79,9,0,0.58
C03559,48,2,153,5,1,0.45
C01653,40,12,537,81,1,0.18
C02856,48,1,737,5,0,0.42
C01449,162,2,2278,35,0,0.3
C05210,43,8,764,62,2,0.13
C03432,257,4,1059,33,0,0.56
C05149,3,8,524,69,1,0.04
C02413,220,3,1325,49,0,0.19
C03479,64,2,122,5,0,0.45
C02847,59,5,742,59,2,0.3
C00086,20,10,904,52,0,0.19
C04955,31,10,1030,85,1,0.04
C02675,20,12,754,82,1,0
C03442,36,14,402,35,2,0.77
C03810,33,6,1048,59,0,0.09
C03977,30,10,810,46,0,0.05
C01518,46,1,126,4,0,0.55
C03493,278,4,558,26,0,0.49
C01914,45,12,424,63,0,0.24
C01958,25,17,1177,70,0,0
C03949,155,2,1695,29,0,0.41
C00106,19,13,215,43,3,1
C00813,20,10,1599,102,0,0.15
C03036,20,9,648,57,0,0.09
C04570,50,15,888,89,1,0.24
C00425,16,13,731,56,1,0.14
C00599,26,12,93,33,2,1
C04495,281,2,2380,76,0,0.37
C02607,32,8,484,44,0,0
C05295,10,11,910,67,0,0.23
C03967,17,6,595,61,0,0
C03950,223,2,1785,39,0,0.31
C00649,19,8,475,88,0,0.3
C04408,9,10,749,57,1,0
C01470,198,3,2139,30,0,0.33
C03938,176,1,1305,65,2,0.43
C05556,46,15,811,65,1,0.09
C04541,281,2,1270,59,1,0.5
C00377,28,13,487,88,0,0.31
C03298,22,3,345,5,0,0.62
C05565,8,16,636,26,2,0.95
C00933,21,14,162,40,1,1
C00349,25,13,651,58,0,0.16
C02360,290,2,909,71,0,0.54
C05282,52,19,227,20,2,0.78
C04392,10,13,760,59,0,0.09
C01640,18,10,1261,57,0,0.11
C01499,71,3,233,2,0,0.6
C05185,175,3,904,70,1,0.34
C04088,23,3,292,3,1,0.58
C03210,47,6,203,4,0,0.41
C03851,17,12,214,29,4,0.82
C02970,203,3,2175,51,0,0.37
C04250,49,22,136,19,2,0.98
C00154,70,4,681,68,1,0.1
C02561,27,14,366,30,0,0.99
C03905,50,5,185,4,1,0.56
C00335,6,15,631,79,1,0.05
C01827,18,10,278,42,1,0.91
C04407,185,4,795,42,0,0.34
C04377,53,14,990,89,1,0.08
C05615,302,2,1608,55,1,0.44
C00505,32,10,883,79,0,0.03
C00685,25,17,802,93,1,0.46
C01828,23,8,560,51,1,0
C03803,295,2,6715,68,0,0.43
C03519,276,1,4615,55,0,0.09
C05960,1,17,1187,79,1,0
C04924,27,9,402,45,0,0
C00146,0,14,703,56,0,0
C00767,27,8,137,24,2,0.84
C03409,0,13,607,43,1,0.17
C00392,33,12,622,50,2,0.16
C00522,102,4,3163,58,0,0.42
C01709,219,3,1736,50,0,0.3
C03262,163,3,964,43,0,0.5
C04862,16,14,789,59,1,0
C03274,38,14,336,1,4,0.94
C04742,41,10,563,44,1,0.1
C02729,19,17,237,22,2,0.76
C04941,22,16,354,16,3,1
C05056,60,14,899,75,0,0.12
C03354,147,1,5512,55,0,0.34
C01647,244,4,1803,40,0,0.58
C05482,235,3,1242,66,0,0.33
C02647,44,14,1134,43,0,0.08
C03316,22,8,365,71,1,0.21
C05231,164,3,1101,72,1,0.25
C05945,43,2,497,3,1,0.47
C04751,211,4,3543,56,2,0.29
C00512,28,15,672,30,1,0.11
C02095,8,12,270,52,0,0.25
C02462,59,10,527,106,1,0.23
C00371,32,2,143,6,0,0.44
C04520,203,5,784,9,0,0.27
C04966,23,4,301,5,0,0.63
C00837,33,4,217,5,0,0.44
C04358,44,14,446,39,0,0.86
C05680,46,9,1195,72,0,0.23
C00291,52,10,1183,69,0,0.05
C05063,52,3,136,4,0,0.5
C04608,22,11,540,78,0,0.18
C00764,18,3,101,4,0,0.41
C03489,62,1,158,5,0,0.54
C04031,43,11,795,77,1,0.17
C04812,8,18,243,2,1,0.81
C04686,20,4,328,2,1,0.51
C01037,38,8,365,46,1,0
C03093,22,11,1158,46,0,0.12
C00931,9,11,363,30,3,0.73
C05763,27,13,881,40,1,0.1
C00999,37,8,537,48,0,0.19
C04814,237,1,1882,56,0,0.22
C03752,27,3,268,1,0,0.25
C00460,36,11,628,50,2,0.07
C03492,51,5,257,5,0,0.5
C02958,23,11,624,42,1,0.13
C02891,54,13,690,67,1,0.11
C00123,66,5,165,3,0,0.5
C05466,49,19,366,25,4,0.62
C03759,15,20,351,25,5,0.92
C01032,29,11,501,58,1,0.14
C05709,0,10,581,84,0,0.16
C05765,45,10,289,27,0,1
C02402,21,10,458,69,1,0.08
C04241,36,15,351,37,2,0.77
C05158,21,13,395,39,0,0.7
C00806,47,3,205,2,1,0.55
C05032,167,3,1173,29,0,0.39
C05353,15,8,254,5,4,1
C03331,18,14,857,62,0,0.22
C03872,243,5,1807,68,1,0.38
C03440,19,16,256,18,1,0.98
C05813,46,7,130,39,1,0.94
C03328,325,3,846,63,1,0.45
C02336,53,6,703,49,1,0.03
C03865,18,10,849,59,0,0
C02824,28,14,259,35,3,1
C05459,45,13,147,10,2,1
C04129,31,2,211,11,1,0.6
C02838,28,21,239,27,0,0.73
C04425,29,14,854,25,0,0.2
C05404,8,12,870,66,0,0
C04493,50,16,213,24,3,1
C03008,36,11,499,18,0,0.83
C03366,44,3,120,7,0,0.67
C04235,62,5,169,6,0,0.5
C05687,7,11,323,34,0,1
C03310,20,8,1366,71,0,0
C03787,164,2,4076,41,0,0.14
C02329,36,12,1094,62,0,0.1
C03106,36,14,194,26,0,0.78
C03140,39,3,220,3,0,0.68
C02768,23,9,697,60,0,0.19
C04317,17,13,949,84,0,0.05
C01580,37,7,417,70,0,0.11
C02608,43,8,632,82,0,0.05
C03287,291,6,2666,71,2,0.26
C04324,26,11,1589,60,1,0.14
C00075,15,19,165,24,1,0.95
C04153,53,10,636,62,0,0
C02237,16,11,743,64,0,0.19
C00908,1,27,85,18,3,0.89
C00998,249,4,1568,19,0,0.48
C02092,178,4,1869,42,1,0.05
C03164,181,1,2242,52,0,0.52
C04770,0,11,554,30,0,0
C04171,30,7,379,97,0,0
C05198,26,10,992,46,2,0.16
C04773,71,3,146,3,1,0.54
C00422,215,3,3573,3,0,0.41
C01559,43,11,208,18,4,0.94
C03745,52,1,256,4,0,0.8
C01081,205,2,4012,57,0,0.57
C04208,144,4,2369,31,0,0.31
C01145,244,2,2148,50,1,0.54
C00631,254,2,1071,64,0,0.5
C00329,37,10,775,43,2,0
C04823,319,3,1328,88,0,0.14
C01610,53,14,775,79,0,0.12
C04266,40,4,172,4,1,0.59
C03924,12,9,394,59,1,0
C04434,24,4,189,7,0,0.75
C01268,23,16,367,46,2,0.91
C03645,35,12,224,29,1,0.87
C03248,41,15,261,11,5,0.79
C01998,22,14,517,62,0,0.16
C02772,336,5,1762,38,1,0.48
C00930,57,5,156,3,0,0.51
C02456,59,3,112,6,0,0.67
C01194,18,12,950,33,1,0.07
C02612,14,20,667,30,0,0.97
C05609,68,3,168,4,0,0.51
C05079,12,13,884,63,0,0.07
C02639,232,2,1624,63,0,0.17
C02245,111,4,1088,73,0,0.44
C04930,44,12,633,58,2,0
C05859,58,3,172,3,0,0.41
C00292,136,1,984,70,0,0.3
C05339,40,13,1313,9,2,0
C02429,22,10,649,74,1,0.07
C01325,47,11,709,60,0,0.22
C03313,49,1,267,5,0,0.58
C05417,35,17,710,74,0,0
C02300,23,17,294,26,1,1
C05010,48,8,479,62,0,0
C05734,58,11,678,29,2,0
C00628,237,4,659,47,0,0.24
C03015,72,1,83,3,0,0.52
C00899,39,3,233,5,0,0.54
C03120,8,15,1178,84,0,0.33
C00812,40,16,772,52,0,0.07
C01767,9,9,254,39,1,0.88
C04995,225,3,3757,48,1,0.06
C03286,152,4,1353,74,1,0.48
C02189,44,9,302,66,1,0.31
C04572,31,8,992,97,0,0
C03589,235,2,411,44,1,0.5
C00465,46,6,70,2,0,0.6
C03532,182,5,2459,69,0,0.41
C00158,23,3,219,4,1,0.52
C04844,285,3,2182,46,0,0.65
C01854,39,3,200,1,0,0.56
C03709,212,2,469,36,0,0.24
C02235,28,10,734,43,0,0.15
C03928,49,17,605,65,0,0.11
C03664,19,13,864,38,1,0.12
C01601,256,3,3378,45,0,0.52
C00635,47,15,539,40,0,0.04
C00848,29,14,826,34,1,0
C02708,62,4,64,1,0,0.55
C05132,36,18,354,37,1,0.97
C04764,21,16,341,22,0,0.87
C04256,41,11,1011,37,0,0.11
C02627,35,1,180,4,0,0.53
C02595,18,5,346,2,0,0.39
C03603,58,8,1422,81,1,0.07
C05259,30,9,715,42,0,0.13
C02153,30,8,589,60,0,0.16
C02323,19,13,1497,60,0,0.12
C03251,40,9,544,34,1,1
C03322,21,19,236,21,2,0.96
C01557,26,10,474,75,2,0
C03043,8,12,455,49,2,0.91
C01285,33,12,316,29,1,0.86
C05302,218,3,1419,54,0,0.27
C05230,27,15,982,59,1,0.03
C01487,202,6,818,47,0,0.38
C02980,252,2,3247,40,2,0.46
C01591,26,8,177,44,2,0.88
C00468,38,16,772,55,1,0.08
C01606,23,7,740,99,1,0.05
C04369,6,18,964,65,2,0
C02083,16,13,636,81,0,0
C03352,41,2,200,5,0,0.58
C04221,41,1,84,4,0,0.34
C05666,45,14,684,99,0,0.13
C01421,23,3,143,4,0,0.43
C00640,35,15,168,20,0,0.98
C00808,33,15,313,19,2,0.82
C03197,244,4,1069,42,0,0.32
C04630,16,14,649,35,1,0.07
C05011,13,13,261,4,3,0.9
C04658,46,7,267,57,1,0.09
C03498,31,10,785,58,1,0.1
C04870,252,2,2115,51,0,0.37
C00015,30,24,304,40,5,1
C01942,24,16,392,34,2,1
C03955,273,3,2421,59,2,0.24
C03021,50,10,605,86,1,0
C00408,59,5,170,5,2,0.6
C00017,21,13,171,31,0,1
C00135,11,9,568,54,1,0.12
C04757,229,1,2196,40,2,0.5
C00788,34,6,624,50,0,0.04
C05071,18,18,361,42,0,1
C00832,312,2,2396,55,0,0.33
C04646,19,12,1048,54,0,0.03
C02610,10,19,90,38,3,0.81
C05253,48,10,979,40,0,0
C04296,39,5,734,40,0,0.07
C03472,10,14,683,40,0,0.09
C02840,60,9,616,34,0,0.31
C00826,50,12,401,57,1,0
C02743,63,9,435,54,0,0
C04499,23,14,1739,81,1,0.12
C02868,12,25,272,37,4,0.89
C01079,54,4,213,6,0,0.59
C02825,40,8,693,67,2,0
C02326,50,10,365,40,1,0.92
C01152,211,3,1171,34,1,0.3
C02361,67,2,168,6,1,0.6
C04067,238,3,2414,46,0,0.43
C05037,13,9,476,62,0,0.17
C00302,34,22,254,23,3,0.67
C01639,5,11,199,28,2,0.85
C02577,180,5,1454,39,0,0.38
C04463,24,13,720,59,1,0.21
C02162,13,18,194,35,2,0.85
C05490,84,3,131,2,0,0.55
C02998,168,5,1966,61,0,0.18
C01803,239,3,1655,31,0,0.34
C04219,35,4,166,7,1,0.67
C04191,16,8,519,78,0,0.17
C04509,23,8,869,81,0,0.08
C04343,60,2,212,3,0,0.42
C04628,17,16,666,73,0,0.29
C00077,219,3,3355,26,0,0.36
C05003,12,15,913,35,3,0.79
C05956,38,13,515,34,0,0.2
C01971,212,4,1685,56,0,0.49
C04502,35,8,240,31,4,0.98
C02407,55,5,497,61,0,0.07
C02044,26,17,207,19,2,1
C02193,47,12,1441,69,1,0
C05373,26,2,86,7,2,0.43
C02604,40,10,749,53,0,0
C03089,16,14,637,23,0,0.11
C05919,45,1,44,4,0,0.68
C00238,174,4,1501,36,1,0.29
C03367,20,7,1092,66,0,0.12
C03163,42,21,251,45,1,0.94
C00447,0,22,248,16,5,0.82
C04275,31,8,413,57,0,0.13
C03778,24,12,1050,63,0,0.01
C03124,33,6,113,5,0,0.53
C03096,12,2,1887,55,0,0.29
C03926,29,13,1698,46,4,0.11
C03039,36,4,352,2,0,0.6
C02199,298,1,1446,53,0,0.32
C01170,26,14,606,41,0,0.06
C01043,10,14,263,57,3,1
C04217,30,5,776,93,0,0.09
C00500,289,2,1170,45,1,0.4
C04537,47,14,461,29,3,0.93
C04603,33,17,666,42,0,0
C04001,30,8,548,60,0,0
C05909,22,22,217,19,4,0.93
C03202,15,10,1269,59,1,0.13
C05733,28,13,713,86,1,0.38
C00271,157,1,1469,36,0,0.44
C01905,40,14,844,86,1,0.11
C03241,8,2,222,6,0,0.54
C00243,25,7,198,45,1,0.71
C04680,189,2,821,44,0,0.24
C05150,7,9,925,74,1,0.13
C04544,28,5,357,44,1,1
C04315,32,9,167,3,3,0.78
C04771,42,11,970,48,0,0.03
C00838,194,4,2115,51,0,0.32
C00783,53,9,732,49,0,0
C05062,214,5,2598,52,0,0.39
C03806,9,10,586,46,1,0
C00380,28,11,944,78,1,0
C05913,173,3,1556,70,0,0.44
C00636,228,3,3192,58,0,0.35
C04449,11,9,176,6,2,1
C03940,239,3,3357,68,0,0.3
C03730,16,15,765,61,1,0.03
C00780,16,12,946,47,0,0.11
C04857,42,10,328,52,0,0.19
C05963,219,3,1457,19,2,0.44
C00827,4,12,725,67,0,0.09
C01603,27,20,137,27,1,1
C01502,0,4,242,8,0,0.63
C01769,48,12,643,25,0,0
C03113,45,11,469,79,0,0.04
C04832,17,7,529,94,2,0.2
C05758,2,19,255,44,1,0.61
C05205,32,8,692,70,0,0
C01229,39,3,300,4,0,0.45
C02717,21,5,239,10,0,0.54
C01946,50,5,116,6,0,0.44
C03868,24,12,996,59,1,0.1
C04370,161,1,1195,44,0,0.31
C05767,2,12,794,32,0,0.31
C00871,34,12,147,38,0,0.96
C03342,126,4,4205,26,0,0.2
C02412,281,4,1182,33,0,0.29
C05412,76,9,982,58,0,0.23
C05710,173,1,2943,58,0,0.29
C02453,223,5,1332,53,0,0.42
C02399,31,10,746,47,2,0.22
C03230,24,9,196,40,2,0.85
C00606,56,11,381,43,0,0.22
C03131,198,3,1993,45,0,0.4
C03850,10,13,1237,69,1,0.25
C04526,201,1,445,50,1,0.27
C05395,10,18,353,35,1,0.77
C01729,249,3,1877,63,1,0.28
C00571,17,13,1143,63,0,0.06
C00528,27,10,412,33,1,0.11
C00484,19,13,265,39,0,0.79
C03385,36,21,165,36,0,0.62
C04612,11,9,335,8,2,0.98
C02965,207,1,1113,44,0,0.35
C05858,0,8,583,77,0,0
C00068,11,14,768,55,2,0.2
C01205,196,5,5928,70,1,0.6
C02643,35,13,655,64,1,0.39
C02480,19,10,849,59,0,0.22
C02916,52,9,288,31,1,1
C05458,158,4,3508,47,1,0.19
C04813,34,11,1438,70,0,0
C05899,8,5,177,4,0,0.5
C02272,3,14,966,43,1,0.19
C04383,6,5,252,9,0,0.36
C00252,33,14,547,83,0,0.17
C04936,15,10,819,47,1,0
C04953,35,13,769,51,1,0.19
C03520,42,8,506,71,0,0.07
C03538,15,5,121,26,4,0.67
C02346,156,4,2750,45,2,0.32
C03400,246,3,1784,25,1,0.17
C05907,24,3,133,6,0,0.54
C03588,47,4,182,2,0,0.51
C05694,34,14,1223,60,0,0.16
C02648,36,8,1053,58,1,0.11
C00470,210,3,2038,9,1,0.4
C05830,50,12,492,49,4,0.73
C04897,24,10,522,76,2,0.16
C00010,26,3,786,32,0,0.16
C05145,28,9,683,70,1,0
C03471,31,8,192,32,1,1
C01435,24,16,213,21,1,0.74
C05569,15,10,320,28,4,0.72
C00733,28,13,660,52,1,0
C04500,0,13,573,17,1,0.77
C03738,49,17,1771,30,1,0.8
C03466,13,12,258,57,0,0.3
C01849,18,9,719,95,0,0.02
C02149,176,2,760,41,0,0.16
C00555,14,1,174,3,0,0.89
C05577,147,2,1208,46,1,0.5
C00005,48,13,446,48,1,0
C02280,16,25,226,41,1,1
C02054,30,12,1040,63,1,0.42
C03976,44,3,208,8,1,0.61
C03807,29,6,197,33,0,0.85
C03428,170,2,2548,33,0,0.3
C01209,40,9,495,65,0,0.26
C04352,32,12,726,90,0,0.01
C05810,22,11,564,72,1,0
C04039,48,9,331,36,1,0.78
C01319,41,12,938,56,2,0.04
C04704,30,5,202,5,0,0.55
C05408,47,14,1016,68,0,0.04
C02544,9,4,583,4,1,0.63
C00709,176,2,1498,57,0,0.14
C01340,33,5,452,1,0,0.35
C00731,226,2,2577,35,1,0.54
C01752,25,14,154,20,1,0.82
C01004,44,13,697,47,1,0
C03256,19,16,594,61,1,0.05
C00561,32,2,142,7,0,0.61
C03014,36,4,199,5,0,0.66
C01131,21,9,298,18,2,0.84
C03266,26,15,257,38,0,1
C04620,27,10,667,98,0,0.11
C00183,27,11,447,34,0,0.83
C03674,28,6,219,4,0,0.74
C01033,42,14,272,30,1,0.86
C03512,6,4,87,5,1,0.86
C05094,0,13,412,40,0,0.06
C02393,7,4,199,6,1,0.56
C00053,9,7,152,5,0,0.71
C04491,282,4,1155,49,1,0.38
C04730,17,17,303,16,2,1
C05098,17,9,330,100,0,0.09
C01846,31,1,288,8,2,0.66
C04310,31,1,102,4,1,0.38
C02071,225,3,446,51,0,0.48
C05141,16,14,275,9,2,0.79
C04452,164,3,3000,37,1,0.35
C05843,23,14,179,41,2,0.77
C04716,12,12,460,63,0,0.13
C00198,16,15,405,66,0,0.02
C01368,20,15,244,42,1,0.94
C03659,34,19,278,18,1,1
C04903,225,7,957,32,0,0.49
C05764,55,3,286,1,1,0.33
C02076,48,13,1029,50,2,0.01
C01927,225,3,887,55,2,0.34
C05443,212,4,823,40,0,0.21
C01766,44,12,968,91,1,0.17
C03454,18,5,1328,56,0,0
C05989,58,1,98,2,0,0.44
C01437,38,12,771,66,1,0.17
C04758,31,9,908,81,2,0.06
C03362,10,15,319,23,1,0.86
C00366,20,12,282,31,3,0.91
C04469,25,8,303,32,2,0.74
C03841,19,5,140,3,0,0.55
C01180,39,12,866,91,0,0.08
C02389,28,11,778,43,0,0
C04534,47,8,801,54,0,0.05
C04243,256,4,1499,44,1,0.43
C05968,48,4,229,1,0,0.52
C05226,11,12,460,21,3,0.93
C03434,20,13,570,60,0,0
C00590,45,10,602,59,0,0.24
C01197,58,14,794,76,0,0.11
C04445,127,3,1326,52,1,0.19
C03234,16,11,1648,91,2,0
C01999,28,18,148,42,3,1
C01822,6,19,602,21,2,1
C01768,29,13,421,89,0,0
C01887,46,2,165,4,0,0.35
C03989,39,7,1257,70,1,0.04
C00376,7,10,161,22,1,1
C03698,23,13,525,32,0,0.82
C00155,33,11,628,79,0,0.02
C02150,290,2,1371,34,0,0.25
C05266,189,3,3550,41,0,0.47
C04420,143,2,3863,66,0,0.31
C03951,8,3,324,3,0,0.52
C00739,186,2,1979,76,0,0.37
C05192,47,4,135,2,0,0.79
C01488,69,4,147,3,0,0.42
C01375,42,9,569,75,0,0.3
C01373,50,8,661,56,2,0.32
C05852,25,8,211,39,1,0.86
C02663,30,8,1614,93,1,0.09
C05642,5,11,865,59,2,0.18
C01994,31,11,1106,68,1,0
C04127,7,3,780,77,0,0.21
C03359,201,3,1006,28,0,0.31
C02046,250,1,3381,47,2,0.58
C03462,3,13,530,29,1,0
C02855,0,8,855,61,0,0.21
C00797,39,11,313,30,2,0.89
C00694,190,3,1448,46,0,0.24
C03874,21,17,237,17,1,0.9
C01910,285,4,3010,33,0,0.37
C05008,231,2,1724,48,1,0.35
C03473,48,7,931,72,1,0.08
C05716,37,18,399,20,1,1
C01279,26,17,179,37,2,0.98
C00854,21,10,407,35,1,0.86
C05523,267,6,3640,63,1,0.46
C03525,30,17,701,54,1,0.14
C00182,34,10,598,31,0,0.93
C00262,318,2,1846,41,1,0.47
C01977,17,16,436,81,1,0.32
C04114,14,12,469,80,0,0.24
C00955,48,11,515,63,0,0
C05249,32,13,771,74,1,0.04
C04188,26,2,197,5,0,0.33
C05125,37,10,605,61,2,0.14
C01576,23,5,245,5,0,0.36
C02742,156,3,2935,51,0,0.35
C04688,258,1,1195,67,1,0.35
C01870,27,14,334,35,1,1
C00756,30,2,133,4,0,0.46
C04144,22,11,607,60,0,0.24
C02552,76,1,1723,7,0,0.36
C00264,59,3,1723,44,0,0.42
C04174,44,11,559,46,1,0.08
C05087,25,17,394,12,1,1
C01485,206,3,2660,64,0,0.58
C03059,36,12,295,41,1,0.97
C02448,9,10,926,53,1,0.14
C04120,40,11,709,98,0,0.23
C00199,25,13,959,73,0,0.13
C04709,7,3,133,3,1,0.6
C05701,40,12,533,55,1,0
C00661,44,16,312,53,0,0.01
C05805,5,9,219,1,3,0.31
C01286,32,10,597,71,0,0
C03784,53,3,469,4,0,0.81
C01899,40,14,443,50,1,0
C03768,18,17,226,25,3,0.92
C01139,274,3,1912,58,0,0.45
C05442,51,1,576,2,0,0.64
C03019,28,7,386,66,1,0.31
C04901,40,8,764,77,0,0.18
C03567,200,4,2587,52,0,0.38
C02593,16,17,813,67,0,0
C03149,45,7,566,43,1,0.22
C03927,53,4,316,2,2,0.39
C00326,41,6,196,5,0,0.63
C03416,18,19,457,33,1,0.85
C03502,20,7,1201,67,0,0
C00277,37,22,106,39,1,0.81
C00023,18,13,337,22,1,0.89
C00936,44,8,1072,68,1,0
C05336,35,9,340,35,1,0.85
C00758,52,3,115,2,0,0.53
C03271,28,8,220,20,0,1
C05089,22,17,271,28,1,0.76
C04196,341,3,4983,54,2,0.39
C02347,60,1,127,5,0,0.56
C01740,59,3,95,2,0,0.53
C05437,47,9,1676,76,3,0.25
C02436,35,13,1203,69,0,0.03
C03109,43,15,1174,43,0,0.1
C05566,21,10,695,84,0,0.08
C00169,127,4,3475,50,0,0.39
C04501,35,11,422,72,0,0.13
C03294,43,9,992,47,1,0
C01457,15,10,1063,70,1,0
C01063,38,17,691,75,0,0
C03974,127,2,1116,35,0,0.61
C01035,14,4,228,31,0,1
C00855,51,11,645,40,1,0.03
C01964,7,13,373,34,1,0.87
C02185,7,18,328,44,2,0.91
C02951,134,2,461,57,0,0.32
C04829,282,4,614,50,1,0.44
C00312,103,5,927,35,0,0.49
C05330,52,1,300,6,0,0.51
C03776,35,12,1265,44,0,0.09
C03545,30,22,246,14,3,0.99
C05147,9,15,346,28,1,1
C05736,180,3,2052,49,0,0.49
C03162,259,5,1014,43,0,0.38
C04326,53,14,1228,20,0,0.12
C05331,282,2,519,47,0,0.2
C02720,29,7,503,54,0,0.17
C02121,21,23,255,44,4,0.96
C04066,36,14,320,23,1,0.97
C04339,23,12,616,78,0,0
C02947,265,5,2756,39,0,0.4
C01276,6,11,501,70,0,0.1
C04923,22,13,576,25,0,0
C02754,13,2,142,5,1,0.64
C03478,23,13,619,72,1,0.33
C05571,43,3,199,4,0,0.44
C02794,14,15,160,32,4,0.84
C04861,65,2,100,4,0,0.56
C04627,0,4,427,7,0,0.74
C02964,22,11,869,66,1,0
C02953,33,18,449,29,3,1
C02177,305,5,487,66,0,0.33
C05773,49,8,557,23,1,0.14
C05061,35,7,220,49,0,0.9
C05542,44,10,657,50,0,0.1
C00790,57,1,168,1,0,0.58
C02322,48,10,617,79,1,0.02
C05728,26,11,678,66,0,0.13
C05196,221,5,2975,61,0,0.38
C01727,147,5,1179,53,0,0.37
C00088,0,13,691,87,1,0.01
C00311,172,1,674,20,0,0.54
C01815,17,9,1532,49,0,0.15
C03747,47,5,219,3,0,0.61
C02467,20,18,1061,84,3,0.06
C00551,24,8,154,56,2,0.71
C03134,36,11,411,56,1,0.08
C04722,15,13,962,40,1,0
C01781,45,15,639,28,2,1
C04845,151,1,1337,43,1,0.48
C04865,221,2,929,54,0,0.48
C03650,5,13,472,43,3,0.83
C01190,19,15,698,55,1,0.01
C01084,10,9,312,35,2,1
C00836,21,11,192,24,0,0.94
C05724,37,12,1278,41,1,0.09
C01060,22,10,182,3,2,0.64
C02332,65,3,127,2,0,0.58
C00564,19,18,268,14,1,1
C02055,0,2,168,4,0,0.47
C05678,46,5,430,44,1,0.12
C00678,43,11,554,44,0,0
C04057,28,13,507,19,1,1
C00462,56,2,183,4,0,0.5
C02172,21,7,305,82,1,0.25
C03296,143,5,2160,35,1,0.42
C01607,18,15,959,51,0,0.08
C01167,21,15,254,37,0,0.93
C03237,24,8,660,51,0,0
C05883,32,3,349,4,0,0.63
C00529,26,13,303,18,0,1
C04125,17,5,923,77,0,0.1
C04590,187,3,880,48,0,0.19
C02270,48,3,771,57,1,0.09
C01500,27,11,719,59,0,0.12
C04124,49,10,587,77,1,0.38
C01750,25,12,972,58,1,0.22
C03665,35,14,973,88,0,0.2
C01784,40,9,779,26,2,0.13
C02406,186,2,2534,26,1,0.37
C02894,45,4,197,4,0,0.49
C04621,19,13,875,40,1,0.37
C01416,24,10,497,69,3,0
C00884,27,13,362,43,1,0.95
C02353,19,15,111,22,2,0.99
C01267,2,6,272,3,0,0.56
C03327,15,4,207,2,1,0.76
C01831,25,12,854,68,1,0.08
C00477,28,10,604,79,0,0.03
C02646,209,2,1346,95,0,0.33
C02144,35,14,486,74,0,0.22
C04341,54,9,387,66,0,0
C03846,7,12,741,101,2,0.08
C04508,49,10,413,19,4,1
C05467,26,10,135,37,2,0.86
C01974,20,10,294,24,5,0.84
C00786,22,13,256,50,5,0.77
C03564,174,3,1547,57,0,0.5
C03398,15,9,779,64,0,0.15
C00889,195,5,587,49,0,0.48
C03239,237,4,1116,89,0,0.4
C00332,46,14,511,58,0,0.11
C02048,29,3,149,5,1,0.52
C04260,206,2,4836,34,0,0.36
C03063,344,4,2105,21,0,0.28
C04029,57,1,119,3,0,0.48
C04295,203,3,1339,56,0,0.36
C03666,14,16,712,31,1,0.08
C00879,32,8,731,51,3,0
C04279,51,3,192,1,0,0.35
C02574,28,2,112,4,0,0.46
C00816,270,3,1488,63,1,0.3
C00886,47,5,159,5,0,0.63
C03822,32,16,595,79,0,0.12
C05203,37,12,732,44,0,0.08
C00567,8,16,452,32,1,0.95
C05683,53,17,286,37,2,0.9
C05606,265,5,3097,51,0,0.28
C00386,19,15,820,78,2,0.16
C00633,29,15,1019,81,0,0.3
C01916,52,3,144,3,0,0.56
C03481,207,1,9214,69,1,0.22
C02904,161,4,1777,31,1,0.35
C01406,187,1,643,64,0,0.26
C01712,37,2,124,3,0,0.79
C00711,45,15,994,60,1,0.33
C05498,6,4,170,1,0,0.63
C03983,32,15,91,48,4,0.85
C02841,25,14,213,21,2,0.84
C00951,35,10,658,73,1,0.17
C03467,7,7,1324,53,0,0.16
C04418,36,18,673,22,1,0.99
C04586,0,9,903,62,2,0.05
C03653,29,13,852,43,0,0.03
C03233,25,6,135,13,2,0.66
C04248,51,3,178,6,0,0.7
C00458,36,8,175,35,1,1
C02318,27,7,879,62,2,0.34
C03820,27,13,445,77,0,0.31
C01505,71,4,1895,59,1,0.36
C05782,31,13,206,18,3,0.93
C05485,34,4,327,57,0,0.15
C03203,1,14,298,19,1,0.94
C04558,10,12,357,48,3,0.94
C02745,44,14,1137,41,1,0
C05880,16,14,686,73,0,0.38
C00713,81,3,106,3,0,0.59
C03480,53,2,265,3,0,0.7
C05277,57,4,161,3,0,0.54
C05619,279,2,1016,19,0,0.33
C03190,12,8,614,71,0,0.26
C04961,60,15,1091,54,1,0
C03760,27,11,205,14,2,0.85
C05135,34,11,1206,56,0,0
C04513,11,10,446,17,2,0.98
C05138,240,1,1337,59,0,0.45
C05376,30,1,361,4,0,0.51
C05799,222,7,1106,64,0,0.49
C04852,6,8,669,43,0,0.04
C00327,28,12,157,5,1,0.96
C02842,248,4,1272,43,0,0.31
C03566,25,8,924,84,1,0.06
C03931,7,8,1011,69,0,0
C05533,39,12,406,36,0,0.98
C02995,21,10,921,52,1,0
C02791,32,2,307,3,0,0.69
C01429,15,14,516,30,0,0
C02541,87,2,306,5,0,0.47
C00171,36,12,302,23,3,1
C02522,186,3,1911,69,0,0.31
C03773,32,15,377,28,0,1
C01247,58,5,292,3,1,0.6
C01563,16,11,528,49,1,0.23
C00404,38,16,644,53,1,0.15
C05473,14,4,267,15,0,0.88
C01326,52,5,158,3,0,0.47
C04529,38,3,151,1,0,0.56
C05269,46,15,428,48,2,0.18
C01066,173,3,1124,50,0,0.49
C03469,36,13,707,51,0,0.31
C01550,2,8,978,81,0,0.22
C02183,56,12,605,44,1,0.08
C01264,10,12,615,69,0,0.06
C02525,29,15,519,70,0,0.1
C05217,45,4,194,4,0,0.59
C01411,11,7,447,5,0,0.75
C05521,38,5,405,2,0,0.39
C00818,40,7,734,32,0,0.28
C04577,33,7,875,43,0,0.08
C01525,42,10,783,31,0,0
C04622,43,11,1057,51,2,0.33
C01061,81,4,381,3,0,0.36
C04482,20,15,343,55,1,0.13
C02721,27,14,155,26,2,0.99
C01331,36,9,350,22,3,0.98
C01556,46,12,680,49,0,0.19
C02599,20,10,1160,76,1,0.2
C03438,33,6,572,48,1,0.18
C05177,17,9,1010,87,0,0
C03181,208,1,996,62,0,0.39
C02097,161,4,1090,42,0,0.39
C00307,7,11,1065,47,1,0.02
C01107,15,8,297,48,2,0.15
C01656,9,14,716,59,0,0.18
C02184,30,12,739,70,1,0
C01027,22,3,239,2,1,0.38
C04650,24,14,1114,66,1,0.06
C00810,34,12,268,22,0,0.99
C04669,0,8,457,35,1,0.11
C04065,52,8,1531,68,0,0
C05935,21,20,313,23,2,1
C01642,33,12,237,28,0,1
C00357,58,2,87,2,0,0.42
C02289,9,15,234,20,2,0.72
C03555,59,10,618,39,2,0.21
C01677,233,4,1504,55,1,0.28
C01720,50,9,626,85,1,0
C00323,54,8,863,59,0,0.17
C05280,40,12,1031,93,0,0.21
C02404,21,12,971,38,0,0.2
C05980,246,4,6343,37,0,0.53
C00831,27,17,565,69,1,0.08
C03386,50,7,326,26,1,1
C05848,25,11,1657,70,0,0.04
C03151,273,2,888,72,0,0.29
C03054,31,14,463,34,1,0.2
C01776,35,15,1077,47,0,0.1
C03763,0,2,322,4,0,0.66
C04828,274,4,1965,68,1,0.4
C00690,242,2,3288,73,0,0.45
C05366,30,12,917,70,1,0.01
C03439,14,5,1194,35,1,0.35
C05319,50,15,1194,44,1,0.3
C00923,27,10,240,46,0,1
C04331,32,10,1053,43,0,0.15
C02221,72,3,187,2,2,0.47
C02576,15,12,1531,103,1,0.27
C01327,55,9,922,52,0,0.03
C04318,306,3,2210,53,0,0.45
C04959,41,8,436,73,0,0.15
C01288,28,14,823,2,1,0.05
C03965,274,4,720,24,4,0.32
C04167,39,15,850,68,0,0.12
C02703,16,14,356,34,3,0.87
C01812,282,4,1044,66,0,0.44
C05738,38,16,209,19,3,0.84
C03740,29,4,150,3,0,0.55
C05354,27,3,174,4,0,0.65
C05592,184,3,3838,49,0,0.2
C03084,39,13,181,41,0,0.75
C04891,94,3,305,3,0,0.44
C03464,15,2,147,2,1,0.53
C01852,7,2,148,3,0,0.58
C05660,32,13,575,55,0,0.21
C05435,16,14,451,12,7,1
C03091,18,11,602,44,0,0
C03687,32,7,954,62,0,0.16
C05616,62,4,467,5,0,0.72
C02384,38,7,539,53,0,0.14
C04062,25,15,1941,54,0,0.08
C04552,6,6,518,30,0,0.14
C04485,15,14,1147,46,2,0.3
C02226,334,3,1907,29,1,0.42
C04427,180,3,1625,49,1,0.13
C03986,45,2,173,6,1,0.43
C03199,208,2,1226,74,0,0.16
C00216,21,19,153,48,2,0.91
C05604,60,2,257,4,1,0.62
C00920,16,3,191,4,1,0.49
C04841,7,15,156,24,3,0.92
C00018,18,14,608,73,3,0
C01015,36,11,911,55,0,0
C01826,34,12,705,48,0,0.12
C01918,43,9,1068,65,0,0.07
C04631,88,4,262,3,0,0.56
C01245,245,1,2161,52,0,0.5
C02688,78,4,271,6,0,0.61
C02570,183,2,1825,45,3,0.47
C05684,47,17,815,28,0,0.16
C00557,45,9,190,34,4,0.93
C05780,203,3,9052,70,0,0.22
C03201,92,3,132,2,0,0.67
C02233,72,3,278,4,0,0.53
C03278,15,14,1045,49,2,0.32
C02535,28,10,412,40,0,0.81
C00218,34,11,659,45,0,0.07
C02600,78,3,94,6,0,0.54
C05078,80,4,236,6,0,0.53
C04453,61,2,454,5,0,0.55
C05869,28,6,486,59,1,0.29
C03826,45,13,1971,72,2,0.15
C05708,52,16,262,38,3,1
C02094,41,12,939,75,2,0.14
C01583,39,12,767,78,2,0.03
C01873,7,2,110,5,0,0.79
C00864,11,12,721,42,1,0.7
C03915,17,3,103,5,2,0.4
C00082,38,10,855,59,2,0
C01592,19,3,227,6,0,0.6
C04229,37,4,71,2,1,0.62
C03195,285,3,956,72,0,0.17
C00176,75,1,138,6,1,0.54
C02459,43,7,609,92,0,0.16
C02862,49,1,172,5,0,0.65
C04711,17,14,870,45,0,0.06
C01686,254,1,2238,54,1,0.37
C03415,107,3,1574,67,1,0.64
C03727,13,10,353,16,3,0.84
C04661,272,5,1948,25,0,0.24
C03476,183,4,3875,56,0,0.22
C03990,235,5,3039,62,0,0.5
C01019,38,14,795,36,1,0
C02976,24,1,173,6,0,0.63
C04982,30,7,295,31,1,0.98
C05891,39,14,841,67,1,0.21
C02890,26,21,222,33,2,0.92
C03129,19,16,640,71,2,0.11
C04103,206,6,2636,40,0,0.17
C05948,23,9,557,41,1,0.25
C02267,22,8,1090,78,1,0.13
C01348,38,12,315,63,0,0
C05238,78,5,135,3,0,0.7
C01385,26,10,280,56,1,0.9
C02158,18,13,383,40,4,0.83
C03531,26,4,171,5,0,0.77
C02773,38,13,638,86,1,0
C01661,18,12,153,30,6,0.73
C04989,7,3,408,23,2,1
C04393,58,1,363,3,0,0.52
C04246,37,6,278,5,1,0.5
C00328,286,3,1717,71,0,0.25
C00352,352,2,4166,42,0,0.11
C04803,144,2,1058,49,1,0.38
C01523,36,8,145,48,2,1
C00789,63,14,413,51,0,0
C00897,33,4,139,3,0,0.61
C00850,26,11,375,34,1,0.96
C02803,287,1,1253,30,0,0.49
C01018,15,10,1046,56,0,0.3
C02513,4,3,85,2,0,0.57
C02181,30,11,967,59,3,0.34
C05856,7,14,154,36,2,0.97
C04780,43,2,218,5,0,0.47
C04906,28,6,287,28,0,0.97
C05850,49,4,121,5,0,0.67
C02212,47,12,336,51,3,0.81
C05060,35,4,404,4,1,0.66
C01654,11,5,858,53,0,0
C03737,23,8,789,33,2,0.04
C04163,19,15,654,39,1,0.23
C01675,251,3,2778,23,0,0.38
C00471,12,10,151,20,2,0.85
C02087,33,14,603,46,2,0.28
C05265,33,1,147,3,0,0.44
C01713,386,4,479,36,0,0.33
C04084,204,3,3153,45,1,0.45
C00212,42,12,703,79,0,0.21
C01151,54,1,142,1,0,0.64
C01651,40,12,447,48,0,0.07
C05986,235,4,1891,35,0,0.09
C01659,28,1,172,7,1,0.47
C03456,14,21,393,30,3,1
C02737,55,2,85,3,0,0.49
C00267,54,14,416,52,1,0
C05977,47,9,649,59,0,0
C03854,12,12,533,68,1,0.13
C03183,35,14,436,8,0,0.89
C02758,212,5,1822,69,1,0.39
C00992,34,7,480,78,2,0.28
C04386,53,14,1072,70,0,0.1
C01000,97,1,2206,27,0,0.3
C02031,28,17,217,41,0,0.93
C04409,40,16,295,1,2,0.83
C04898,46,9,228,38,2,0.96
C04204,37,18,439,28,3,0.87
C01548,267,3,1233,69,0,0.53
C00869,3,7,412,63,0,0.11
C01993,15,3,326,5,0,0.47
C02275,43,15,453,51,1,0
C04847,35,10,657,62,3,0.1
C05425,0,7,847,48,0,0
C00773,36,5,105,1,0,0.76
C03105,33,15,319,30,2,0.92
C00563,12,4,188,6,0,0.46
C00576,19,7,554,83,1,0.1
C04223,250,2,2720,58,0,0.33
C02202,23,11,515,67,2,0.19
C04736,22,5,132,3,1,0.47
C05111,48,2,126,1,1,0.46
C04889,19,15,353,29,4,0.76
C02140,31,9,837,35,1,0
C04519,127,1,2403,42,0,0.41
C02307,137,4,3880,62,0,0.36
C04728,127,2,820,30,1,0.53
C04362,0,11,935,68,0,0
C05369,61,1,207,2,0,0.58
C03273,24,10,251,81,0,0.03
C04364,27,11,543,51,0,0
C04391,13,15,932,35,0,0.13
C03081,226,6,1368,50,0,0.38
C03012,243,1,1527,39,0,0.55
C04440,26,10,119,29,3,0.99
C05644,16,12,1117,55,0,0
C03880,122,2,4142,13,0,0.27
C01938,64,2,149,7,0,0.46
C00331,26,13,744,43,2,0.16
C02113,283,2,626,37,0,0.32
C05992,229,5,1947,82,0,0.32
C05861,43,11,947,77,1,0
C02942,27,16,367,13,1,0.83
C00417,25,1,80,3,0,0.48
C03125,28,14,841,44,3,0
C01498,10,9,428,42,0,0
C01936,11,1,158,6,0,0.54
C00313,47,1,139,2,0,0.42
C01901,26,7,439,43,3,1
C02281,24,10,536,47,3,0.25
C01464,36,4,163,2,0,0.4
C01418,17,4,344,4,0,0.7
C00543,13,10,1177,59,2,0.31
C00257,21,12,1192,83,1,0.12
C05816,44,10,547,52,1,0.24
C03548,30,8,888,61,0,0.03
C00700,254,4,2944,41,0,0.24
C03111,31,10,663,55,1,0.25
C05279,41,3,261,5,0,0.42
C02788,9,13,369,7,0,1
C01096,161,1,1207,49,0,0.38
C00987,27,10,563,66,0,0.18
C03396,20,13,173,21,1,0.86
C00108,55,10,326,41,6,0.85
C02929,26,10,709,75,0,0.27
C01483,14,11,252,49,0,0
C03521,0,5,567,29,0,0.25
C05905,10,12,401,23,0,1
C04938,40,10,793,56,0,0.21
C01177,12,11,709,53,0,0.01
C02532,25,11,569,68,3,0
C02246,264,1,1250,59,0,0
C01605,22,8,499,66,2,0.1
C00047,20,3,176,8,0,0.59
C04983,38,9,736,60,2,0.12
C01371,233,4,992,73,0,0.44
C00846,25,16,382,39,3,1
C01749,25,9,689,41,1,0.08
C03319,44,12,638,39,5,0.84
C02955,36,11,676,38,0,0.19
C00712,33,2,162,4,1,0.62
C05539,29,9,716,51,1,0.04
C05792,36,17,193,42,1,0.63
C02819,0,11,1103,41,1,0.21
C03260,19,17,471,21,2,0.87
C04354,62,3,134,3,0,0.69
C01547,343,4,587,47,0,0.21
C04009,280,4,2183,27,0,0.32
C00497,53,3,143,2,0,0.57
C03225,40,11,777,69,1,0.16
C05976,45,15,450,31,0,0.92
C05399,151,4,4118,91,0,0.38
C00136,197,4,1766,14,1,0.36
C02007,283,2,2257,47,0,0.22
C01537,4,3,206,3,1,0.56
C00463,5,15,203,33,3,0.9
C04253,43,12,413,31,1,0.24
C05517,33,23,200,30,0,0.99
C01820,47,4,384,63,1,0.11
C02545,37,3,184,5,1,0.75
C01622,56,14,803,57,3,0
C04082,26,3,203,5,0,0.44
C05351,42,7,474,66,1,0.06
C02793,41,10,997,78,2,0.19
C03475,37,11,133,35,3,0.97
C01350,70,5,229,2,0,0.3
C00757,45,9,608,59,1,0.14
C03919,9,15,519,55,1,0
C02461,29,9,647,33,1,0.27
C01380,32,19,211,28,2,0.89
C05865,48,9,302,18,6,0.91
C05576,39,7,272,12,4,0.84
C03961,39,6,123,1,0,0.47
C01524,13,6,1311,75,0,0.02
C00290,0,5,176,5,0,0.65
C01045,67,12,749,46,2,0.07
C01880,0,4,234,6,1,0.52
C01663,55,12,971,78,2,0.17
C05931,199,1,2740,64,0,0.49
C04023,12,14,2227,110,1,0.05
C00616,15,26,201,16,0,0.87
C00796,240,4,2638,75,0,0.24
C01865,16,8,698,54,1,0.03
C02764,52,10,323,63,0,0
C03923,14,18,215,29,1,0.89
C01611,42,12,3866,45,1,0.1
C01614,27,10,501,69,0,0.13
C04973,33,6,646,53,1,0.26
C00002,49,9,652,71,1,0.05
C02357,26,7,699,68,0,0.13
C01775,27,13,945,74,0,0.23
C02466,37,11,1290,88,2,0.08
C04914,22,13,770,82,1,0.11
C01962,7,13,785,40,0,0
C01448,37,13,276,89,1,0.01
C01676,30,11,707,46,0,0
C04864,16,18,348,36,3,1
C00265,53,3,112,5,1,0.53
C00097,0,1,417,5,1,0.55
C04691,20,12,335,14,2,0.74
C01175,83,4,879,59,0,0.43
C02676,10,8,263,65,0,0
C03288,23,13,290,27,1,0.94
C04299,32,13,896,58,0,0
C04671,17,10,653,53,0,0.04
C00814,54,16,1783,18,0,0.08
C03907,293,5,1957,58,0,0.38
C01539,40,14,1317,75,1,0.05
C05325,83,3,159,1,0,0.34
C05828,15,10,571,33,0,0.33
C03629,32,10,300,24,4,1
C02319,42,13,475,105,0,0.13
C05735,32,5,117,5,0,0.52
C01699,23,6,803,68,0,0.1
C05589,18,16,581,60,1,0.4
C04300,302,4,1404,58,0,0.7
C01201,51,14,464,66,2,0
C04981,48,3,104,6,0,0.62
C05052,230,2,387,47,0,0.26
C05155,17,4,237,4,0,0.29
C04305,47,5,720,62,1,0.16
C02352,14,11,489,49,2,1
C03640,55,14,301,58,0,0.09
C04647,20,7,645,67,0,0.08
C03023,36,2,224,2,0,0.59
C04611,8,12,1043,45,1,0.18
C02320,42,5,223,3,0,0.61
C02160,23,9,158,16,1,0.97
C01790,258,3,2286,54,0,0.31
C01228,27,6,1132,55,1,0.12
C05798,17,11,428,68,1,0.04
C03116,32,17,256,52,1,0.87
C03101,13,2,231,3,0,0.39
C04385,17,11,164,37,0,1
C00524,5,11,454,61,0,0.04
C04095,34,9,770,51,1,0.1
C00962,69,4,143,5,0,0.62
C02728,174,4,2027,43,1,0.2
C00020,39,2,378,4,0,0.8
C00550,26,13,388,84,1,0.29
C05477,37,3,163,7,0,0.7
C04514,36,7,1033,14,0,0.11
C04531,57,1,76,2,1,0.61
C04202,32,9,371,15,1,1
C04708,3,12,1823,46,0,0.24
C04798,43,4,276,5,0,0.72
C01684,208,2,2423,66,2,0.26
C02551,34,7,210,31,1,1
C05392,44,12,723,95,1,0.16
C05340,13,14,289,23,3,0.95
C03477,60,13,820,74,0,0
C01645,25,10,308,68,0,0
C05841,39,6,117,2,2,0.69
C05365,22,9,786,22,2,0.79
C05048,24,5,72,8,0,0.76
C00934,48,5,315,4,0,0.44
C02978,210,6,2817,45,1,0.29
C01094,49,12,1137,64,1,0.17
C05672,14,4,357,3,1,0.65
C03041,35,12,1206,79,0,0.11
C05154,215,3,817,70,0,0.39
C03684,24,6,853,33,0,0.19
C04184,257,2,1794,56,0,0.45
C03350,33,13,616,50,0,0
C03309,65,3,112,2,1,0.48
C01700,25,8,726,26,1,0.13
C04484,35,11,426,22,2,1
C01083,156,3,2953,62,0,0.45
C03381,33,14,135,34,4,0.95
C05496,19,12,664,53,0,0.06
C03971,33,12,524,49,2,0
C04600,13,12,912,58,0,0
C03639,12,8,1236,56,0,0.17
C00048,43,3,321,6,1,0.63
C00119,51,11,357,65,0,0.21
C04948,16,12,600,72,0,0.3
C02265,50,6,294,4,0,0.58
C03371,317,6,1767,72,0,0.59
C04596,0,13,1377,65,1,0.14
C03242,243,2,1224,44,1,0.26
C02908,46,9,420,38,4,0.99
C00237,21,9,786,92,0,0.08
C04107,37,16,462,40,2,0.82
C02566,5,9,1149,36,1,0.31
C03777,80,10,733,73,0,0.27
C00673,284,2,2894,31,0,0.39
C03388,43,2,160,7,0,0.43
C03608,18,15,991,21,0,0.27
C01306,20,11,1000,38,0,0.05
C00506,17,18,139,32,1,0.85
C03721,29,12,146,47,1,0.73
C05964,42,14,415,82,0,0.06
C04753,27,2,188,2,2,0.6
C01490,13,7,828,47,1,0.06
C01836,224,2,863,24,0,0.4
C02217,5,9,889,52,1,0.27
C01876,32,12,882,64,3,0.27
C03755,18,13,345,31,1,1
C04497,40,11,1914,81,2,0.23
C04795,21,21,129,24,1,0.85
C01715,24,9,1068,51,1,0.22
C04922,30,15,164,34,0,1
C03147,19,8,535,56,0,0
C03962,34,3,310,4,0,0.48
C01683,24,7,658,31,1,0.17
C04817,7,5,136,2,0,0.58
C04604,48,8,947,47,1,0
C05129,33,1,133,5,0,0.56
C01667,210,3,1430,26,0,0.09
C00610,27,13,239,20,3,0.99
C01259,20,3,140,2,0,0.45
C02242,30,8,1124,75,1,0
C05949,158,1,839,54,1,0.33
C05375,12,13,798,82,0,0
C01064,17,2,104,6,0,0.55
C05832,286,5,4277,4,1,0.6
C05929,18,11,676,30,0,0
C04212,43,18,618,74,0,0
C01246,26,9,941,50,1,0.05
C00201,32,12,226,42,1,1
C02974,164,3,1299,28,0,0.35
C00772,214,4,428,39,0,0.48
C03835,35,4,179,7,1,0.38
C02906,36,9,1650,74,2,0.06
C03804,12,4,323,6,0,0.35
C02686,199,3,1360,35,0,0.52
C05593,39,16,245,25,4,1
C02811,200,2,3056,34,0,0.56
C00042,7,7,1168,65,0,0.08
C02605,142,4,1173,24,0,0.43
C00230,31,6,217,6,0,0.7
C04307,24,1,214,5,1,0.44
C00014,43,15,1008,72,0,0.25
C00546,16,14,834,50,1,0.09
C03840,22,15,180,10,2,0.94
C05389,212,6,3765,48,0,0.41
C05863,271,5,1782,20,0,0.48
C02777,37,12,471,50,0,0.23
C02578,222,5,1322,69,0,0.53
C02766,38,1,305,5,0,0.53
C01486,45,7,490,78,1,0.09
C00597,0,4,184,4,1,0.65
C03857,30,15,478,65,0,0
C04468,40,10,595,41,1,0.14
C05352,28,13,293,14,1,0.9
C04038,38,14,642,74,0,0.13
C03884,202,2,3776,60,0,0.35
C04134,38,7,503,3,0,0.48
C04118,27,13,686,68,0,0
C01065,15,12,149,19,1,0.96
C04090,211,3,749,52,0,0.31
C04155,35,9,990,58,0,0.3
C03678,40,9,708,52,0,0.08
C00407,12,2,137,3,0,0.47
C03610,34,9,710,64,0,0.06
C03270,39,14,750,55,0,0.05
C03004,48,13,864,57,2,0.11
C02299,56,2,295,7,0,0.66
C05075,135,1,1521,67,0,0.47
C00147,33,14,705,32,0,0.05
C04925,217,3,2153,41,0,0.52
C02584,24,14,865,44,1,0.08
C04396,59,11,387,48,1,0.04
C04858,44,16,305,20,2,0.88
C00338,64,4,166,6,0,0.55
C03796,48,2,204,3,1,0.39
C00851,45,3,172,5,0,0.48
C01937,56,5,221,3,0,0.58
C04883,40,15,431,12,1,0.91
C06000,25,19,470,23,2,1
C01275,33,9,1099,37,3,0.25
C04682,68,2,260,3,0,0.55
C00701,19,2,151,4,0,0.46
C00667,192,4,933,59,0,0.42
C01108,41,3,274,6,0,0.5
C01260,295,1,2015,48,0,0.27
C00680,11,16,321,33,1,0.76
C04659,297,2,1306,50,1,0.44
C04843,36,8,1254,28,0,0.19
C03673,17,9,384,37,6,0.75
C02141,16,11,379,25,1,0.21
C02380,253,1,872,50,1,0.43
C05406,40,15,352,68,0,0.02
C00922,15,12,566,99,0,0
C03243,14,12,857,87,0,0
C04025,37,2,255,4,1,0.46
C04406,30,7,1254,61,1,0.09
C03789,35,9,181,12,2,0.84
C01313,270,1,470,20,0,0.19
C02131,23,9,515,60,1,0.13
C04721,32,12,741,37,1,0.12
C00240,18,7,735,76,1,0.07
C00007,3,5,481,34,0,0.23
C01461,21,6,411,33,0,0.76
C05212,57,10,577,77,2,0.22
C04677,24,8,365,43,0,0.05
C02751,31,13,342,61,2,1
C03420,265,3,1505,58,0,0.3
C05476,192,1,2931,61,0,0.43
C02807,13,3,1370,38,0,0.55
C03185,157,3,491,45,1,0.34
C05925,24,1,205,5,1,0.61
C05806,150,1,2591,78,0,0.41
C03486,3,22,430,21,0,1
C00763,33,1,155,3,0,0.54
C05107,42,12,917,23,0,0.31
C03765,21,17,322,31,2,0.92
C01185,213,4,2591,36,1,0.36
C01718,26,11,746,44,2,0.99
C05026,34,7,603,51,1,0.17
C02362,13,5,492,2,0,0.39
C01698,145,4,732,64,1,0.35
C04503,17,12,135,52,0,0.91
C04717,36,5,451,22,4,0.96
C05582,15,10,699,61,2,0.09
C02814,61,1,429,5,1,0.48
C01782,26,13,522,53,1,0.12
C04447,22,12,322,39,1,0.9
C00301,49,12,551,80,2,0.24
C02962,165,4,2674,54,0,0.31
C02302,22,15,365,51,4,0.96
C01039,21,18,190,39,2,0.83
C00359,37,14,563,89,0,0.17
C03194,26,12,417,45,1,0.27
C02712,49,2,337,5,3,0.58
C03026,22,12,522,50,3,0.1
C01377,26,14,225,19,4,1
C04164,40,10,623,73,1,0.07
C00823,51,14,833,49,0,0.07
C01844,25,1,164,8,0,0.45
C01540,43,2,115,5,0,0.43
C05372,29,14,794,48,1,0.05
C05504,37,12,203,48,1,1
C00516,169,3,2696,64,0,0.19
C04880,25,13,160,22,5,0.65
C05742,6,12,762,58,1,0
C05445,18,12,290,35,1,1
C00475,18,18,382,29,3,0.82
C02066,28,12,399,85,0,0.16
C04200,33,3,185,5,0,0.55
C00414,21,14,308,52,0,0.07
C02419,41,15,204,37,0,0.79
C03253,16,19,223,38,1,0.93
C05124,19,15,509,69,2,0.07
C00511,273,3,1954,53,0,0.49
C03753,17,13,414,21,3,0.84
C01184,193,3,756,44,0,0.29
C00916,36,12,704,77,1,0
C01178,24,10,114,32,1,1
C00205,224,1,1458,33,0,0.05
C04019,38,13,665,36,1,0.75
C02724,30,10,441,83,0,0.11
C00353,245,2,2027,21,0,0.34
C05241,175,2,2166,57,1,0.56
C02823,27,24,323,27,3,1
C03182,15,11,790,65,0,0.05
C04172,37,3,1123,76,1,0.13
C05264,36,12,798,77,0,0.1
C05381,28,8,633,40,1,0
C01370,58,2,204,5,0,0.53
C04784,164,3,1148,52,1,0.14
C01474,212,5,612,15,0,0.28
C03556,336,2,991,60,0,0.28
C00651,32,13,741,18,2,0.81
C04281,175,2,814,71,0,0.2
C02603,266,3,2003,78,0,0.35
C05676,274,5,871,20,0,0.51
C05610,278,1,2401,69,0,0.39
C00945,32,3,207,5,1,0.55
C00080,67,2,177,5,0,0.45
C05641,49,10,430,84,0,0.04
C00565,27,11,457,86,0,0.13
C05452,19,12,275,47,4,0.97
C03047,25,2,183,4,0,0.52
C05673,276,2,2208,30,0,0.31
C02291,24,5,268,30,3,0.75
C00539,292,2,1016,61,0,0.34
C04094,8,2,874,55,0,0.13
C03033,258,4,1132,24,1,0.25
C01641,49,3,409,4,1,0.41
C01723,296,4,1459,21,0,0.39
C05001,21,14,118,27,6,0.8
C03596,30,12,248,22,0,1
C04395,33,5,148,1,1,0.62
C01169,38,13,760,37,2,0
C03960,40,8,1753,41,0,0.06
C02537,2,14,734,79,0,0.14
C02573,3,13,489,50,1,0.28
C02290,232,3,2330,24,0,0.49
C01990,10,15,280,25,2,0.78
C04582,1,15,200,33,1,0.99
C02479,17,5,279,8,1,1
C05222,223,4,937,46,1,0.34
C04614,11,15,293,48,3,0.8
C04076,347,3,1351,35,1,0.38
C04086,58,1,138,2,0,0.54
C00718,20,8,414,29,3,0.81
C00909,51,3,458,7,0,0.52
C03150,14,12,678,64,0,0.07
C03148,28,9,544,80,1,0
C01707,217,2,894,61,0,0.32
C03152,230,1,2031,57,1,0.16
C03997,22,15,196,36,2,0.9
C04337,37,18,505,56,1,0.13
C02282,26,19,373,34,4,0.84
C02997,10,6,918,99,0,0.07
C03999,204,4,1976,60,0,0.2
C02992,12,11,640,64,0,0
C05276,33,9,417,81,0,0.09
C02707,0,15,657,56,0,0
C02922,45,3,153,3,0,0.53
C02057,210,6,2661,59,0,0.31
C00668,45,3,126,5,0,0.49
C03132,24,7,162,38,1,0.97
C04150,151,4,4461,73,0,0.11
C01140,60,4,146,1,0,0.41
C04998,13,10,992,63,0,0.19
C02030,51,5,324,6,0,0.5
C02455,46,3,85,6,1,0.77
C01897,29,12,294,24,2,0.7
C00256,43,10,842,28,1,0
C03998,2,11,471,84,0,0.02
C05544,16,11,464,12,3,0.86
C00807,118,1,3929,49,0,0.32
C01404,37,7,604,43,0,0.14
C04838,39,16,372,27,3,0.83
C02622,28,9,371,85,0,0.23
C04255,47,1,146,5,0,0.32
C05775,131,3,2161,59,0,0.19
C04044,38,4,305,7,0,0.68
C05961,18,15,205,33,3,0.71
C04013,0,2,94,4,0,0.59
C02463,29,16,228,24,2,1
C05664,28,12,1011,76,0,0.19
C00744,17,16,264,57,1,0.13
C02491,231,2,2302,46,1,0.36
C05855,26,9,617,82,0,0.27
C02973,13,7,234,38,4,0.81
C02549,45,19,215,46,2,0.9
C03801,12,7,488,60,1,0.1
C01440,12,11,398,59,0,0
C05022,48,7,842,45,0,0
C05251,48,3,278,1,0,0.64
C00224,0,2,325,3,0,0.42
C03558,29,16,265,6,4,0.96
C01703,37,5,191,5,0,0.46
C00629,49,17,895,80,0,0
C00438,28,14,114,42,0,0.78
C05195,51,12,1295,41,5,0.12
C00118,59,1,220,3,0,0.38
C05053,165,3,1719,26,0,0.4
C01510,218,4,779,55,0,0.41
C02746,66,4,687,85,2,0.15
C05497,249,4,1131,54,0,0.39
C04332,34,10,696,41,0,0.19
C00784,30,13,959,75,0,0.02
C04878,13,10,480,74,1,0.28
C04146,40,18,197,36,0,0.98
C01628,42,8,1030,77,2,0
C05895,39,8,559,22,1,0.11
C02761,0,4,272,1,0,0.64
C02753,248,1,2678,82,1,0.38
C00050,21,12,308,30,0,1
C05488,20,13,230,18,3,0.79
C04591,64,2,237,4,1,0.54
C00410,20,15,340,19,1,0.97
C00620,29,21,422,17,3,1
C00439,46,5,1264,71,0,0.08
C02655,36,3,425,8,1,0.54
C04835,33,10,462,87,0,0.12
C04676,16,10,853,60,1,0.18
C04438,15,12,874,53,1,0.08
C00803,35,3,178,7,0,0.79
C04942,104,2,1025,57,1,0.25
C01817,37,15,226,41,4,0.81
C04512,0,2,227,2,0,0.69
C01056,28,18,241,29,0,0.92
C00594,38,11,759,61,1,0.07
C03646,47,11,565,16,1,0.14
C01141,226,1,2600,32,0,0.34
C03280,35,13,283,51,4,0.88
C00842,42,18,258,34,2,0.96
C05371,179,2,866,41,0,0.27
C01780,19,12,2133,41,0,0.09
C00891,17,12,416,12,0,1
C03060,19,13,448,30,1,0.74
C05487,24,11,1796,67,2,0
C01392,24,17,372,30,2,0.78
C03139,0,17,120,49,2,0.79
C01042,23,18,188,30,4,1
C03497,41,18,242,15,1,0.9
C01143,36,11,758,50,2,0.02
C03681,156,3,3737,43,0,0.31
C00956,17,4,161,6,0,0.79
C05344,33,2,311,1,0,0.69
C00719,43,13,488,56,1,0.24
C04559,28,1,211,6,0,0.62
C05014,244,4,2263,67,0,0.31
C02009,48,10,363,72,0,0.24
C05842,28,11,257,66,0,0.12
C02651,12,2,214,2,0,0.6
C05525,16,12,387,63,2,0.3
C00215,21,13,595,62,0,0.03
C05468,307,4,1316,27,0,0.32
C01672,36,2,525,3,0,0.54
C01314,16,14,171,28,2,1
C02359,39,15,553,58,0,0.02
C05013,71,2,2286,41,0,0.29
C02609,236,4,985,52,0,0.23
C01473,30,4,231,1,0,0.62
C01494,19,10,358,72,1,0.15
C05867,300,2,999,52,0,0.27
C02569,57,12,1332,50,1,0.09
C00980,10,13,397,70,0,0.1
C04547,26,10,887,58,0,0.11
C05564,16,13,222,32,2,0.84
C00596,30,8,1032,60,3,0.27
C01553,18,13,617,44,2,0.04
C05421,45,2,197,6,1,0.52
C00972,86,3,205,4,0,0.67
C05300,23,5,245,5,0,0.57
C05959,39,12,2248,72,1,0.3
C04379,47,8,530,57,2,0
C03972,29,12,248,29,2,1
C05167,19,4,298,5,1,0.61
C05204,208,3,935,9,0,0.67
C03553,12,7,757,76,0,0.05
C03981,333,2,1497,65,0,0.22
C00646,22,13,160,45,0,1
C02008,185,3,1519,36,0,0.22
C05878,10,2,226,3,0,0.29
C03411,248,1,1867,34,0,0.46
C03285,112,5,3148,42,0,0.21
C01158,25,4,71,2,0,0.6
C02261,249,4,1240,79,0,0.52
C03330,33,10,223,49,1,0.89
C03086,37,9,651,32,0,0.18
C04037,16,15,1129,87,2,0.25
C03595,44,10,512,49,0,0.06
C03098,16,13,216,51,4,1
